0.001,1.00000137790258
0.00100235186792891,1.00000143581346
0.00100470926714057,1.00000140108721
0.00100707221064383,1.00000144415352
0.00100944071147814,1.00000142925042
0.0010118147827136,1.00000143812112
0.00101419443745106,1.00000144544158
0.00101657968882217,1.00000147250117
0.00101897054998949,1.00000146286824
0.00102136703414651,1.00000148123727
0.00102376915451776,1.00000149159199
0.00102617692435888,1.00000148939927
0.00102859035695666,1.00000153266438
0.00103100946562917,1.00000148432646
0.00103343426372579,1.00000152720972
0.00103586476462727,1.00000154047455
0.00103830098174589,1.00000151847544
0.00104074292852541,1.0000015624493
0.00104319061844124,1.00000152087791
0.00104564406500049,1.00000156097024
0.00104810328174202,1.000001527792
0.00105056828223653,1.00000153151738
0.00105303908008665,1.00000155389163
0.00105551568892699,1.00000157515228
0.00105799812242423,1.00000156586078
0.00106048639427721,1.00000155967922
0.00106298051821695,1.00000159971578
0.0010654805080068,1.00000163274558
0.00106798637744245,1.00000164305166
0.00107049814035207,1.00000168972526
0.00107301581059632,1.00000165672976
0.00107553940206847,1.0000016165972
0.00107806892869447,1.00000164388102
0.00108060440443302,1.00000164536261
0.00108314584327564,1.00000164648509
0.00108569325924677,1.00000161372642
0.00108824666640382,1.00000168121287
0.00109080607883728,1.00000169793461
0.00109337151067075,1.00000165820542
0.00109594297606108,1.00000173080681
0.00109852048919839,1.00000170087957
0.00110110406430618,1.00000171543141
0.00110369371564141,1.00000173143908
0.00110628945749456,1.0000017769959
0.00110889130418973,1.00000174563178
0.0011114992700847,1.00000175314189
0.00111411336957102,1.00000175346842
0.00111673361707408,1.00000178905035
0.00111936002705321,1.00000182177078
0.00112199261400173,1.00000176960702
0.00112463139244707,1.00000177025438
0.00112727637695081,1.00000183810742
0.00112992758210878,1.00000181716206
0.00113258502255113,1.00000182663701
0.00113524871294242,1.00000183989305
0.00113791866798173,1.00000185052291
0.00114059490240266,1.00000184191272
0.00114327743097349,1.00000182176205
0.00114596626849724,1.00000190727135
0.00114866142981173,1.00000184365655
0.00115136292978968,1.00000192916946
0.00115407078333878,1.00000191244036
0.0011567850054018,1.00000191302073
0.00115950561095665,1.00000191938856
0.00116223261501645,1.00000193083341
0.00116496603262963,1.00000190558293
0.00116770587888004,1.00000195202215
0.00117045216888697,1.00000195804443
0.0011732049178053,1.00000194388628
0.00117596414082552,1.00000200883205
0.00117872985317387,1.00000200854455
0.0011815020701124,1.00000198937672
0.00118428080693903,1.00000200830424
0.00118706607898769,1.00000202558035
0.00118985790162836,1.0000020452378
0.00119265629026715,1.00000202497246
0.00119546126034644,1.00000205864524
0.0011982728273449,1.00000203263449
0.00120109100677761,1.00000203633434
0.00120391581419615,1.00000205588776
0.00120674726518866,1.00000206744474
0.00120958537537996,1.00000206148613
0.00121243016043159,1.00000206413642
0.00121528163604195,1.00000209796356
0.00121813981794634,1.00000208403622
0.0012210047219171,1.00000212877762
0.00122387636376362,1.00000218718079
0.0012267547593325,1.00000212911928
0.00122963992450761,1.0000021768986
0.00123253187521016,1.00000214708973
0.00123543062739882,1.000002228925
0.00123833619706979,1.00000217234612
0.00124124860025689,1.00000223339533
0.00124416785303163,1.00000221410102
0.00124709397150335,1.00000218828846
0.00125002697181926,1.00000223953794
0.00125296687016455,1.00000226397836
0.00125591368276248,1.00000228784458
0.00125886742587444,1.00000226100185
0.0012618281158001,1.00000229402193
0.00126479576887744,1.00000229465643
0.00126777040148288,1.00000229305295
0.00127075203003135,1.00000230792955
0.00127374067097637,1.0000023112913
0.00127673634081019,1.00000230374958
0.00127973905606381,1.0000023773797
0.00128274883330713,1.0000023539171
0.00128576568914903,1.00000237300968
0.00128878964023743,1.00000238224995
0.00129182070325941,1.00000236594557
0.00129485889494131,1.00000243474712
0.00129790423204878,1.00000238494511
0.00130095673138693,1.00000239106324
0.00130401640980037,1.0000024114401
0.00130708328417335,1.00000241934262
0.00131015737142981,1.00000244293284
0.00131323868853349,1.00000249499817
0.00131632725248805,1.00000246021003
0.00131942308033713,1.00000248684771
0.00132252618916443,1.0000024518934
0.00132563659609387,1.00000250390488
0.00132875431828961,1.00000250381883
0.00133187937295619,1.00000253627176
0.00133501177733862,1.00000254433334
0.00133815154872245,1.00000257646102
0.00134129870443391,1.00000260793881
0.00134445326183995,1.00000259724943
0.00134761523834839,1.00000262515872
0.00135078465140797,1.00000263569625
0.00135396151850847,1.00000261392508
0.00135714585718083,1.00000264463465
0.00136033768499718,1.00000263283227
0.00136353701957101,1.00000264542185
0.00136674387855721,1.00000266446205
0.00136995827965222,1.00000270168932
0.00137318024059408,1.00000274323624
0.00137640977916254,1.00000273480706
0.00137964691317918,1.0000027522609
0.00138289166050751,1.00000275301007
0.00138614403905301,1.00000274573426
0.0013894040667633,1.00000278531795
0.00139267176162821,1.0000027847336
0.00139594714167988,1.00000277128597
0.00139923022499285,1.00000283773674
0.00140252102968417,1.00000281117483
0.0014058195739135,1.00000284324289
0.00140912587588321,1.00000288352969
0.0014124399538385,1.00000291287697
0.00141576182606744,1.00000287096064
0.00141909151090114,1.00000289882249
0.00142242902671381,1.00000291199237
0.00142577439192288,1.0000028911608
0.0014291276249891,1.00000291499023
0.00143248874441663,1.00000293625387
0.00143585776875314,1.00000296714948
0.00143923471658994,1.00000298710493
0.00144261960656206,1.00000296474603
0.00144601245734835,1.00000303045561
0.00144941328767158,1.00000299791358
0.00145282211629859,1.00000305860664
0.00145623896204032,1.00000307534527
0.00145966384375197,1.00000302218616
0.00146309678033307,1.00000309418273
0.00146653779072762,1.00000310979434
0.00146998689392417,1.00000307980912
0.0014734441089559,1.00000312497318
0.00147690945490079,1.00000313048341
0.00148038295088167,1.00000315126723
0.00148386461606635,1.00000318130949
0.00148735446966772,1.00000322060322
0.00149085253094384,1.0000031874433
0.0014943588191981,1.00000320099857
0.00149787335377925,1.00000321388493
0.00150139615408157,1.00000325999524
0.00150492723954494,1.00000326393166
0.00150846662965496,1.00000323729534
0.00151201434394308,1.00000332694256
0.00151557040198664,1.00000332346892
0.00151913482340907,1.00000328794104
0.00152270762787994,1.00000333288055
0.00152628883511505,1.0000033502645
0.00152987846487661,1.00000334390625
0.00153347653697327,1.00000338242263
0.00153708307126031,1.00000342346778
0.00154069808763968,1.00000343716793
0.00154432160606012,1.00000342614295
0.00154795364651733,1.00000345400069
0.00155159422905401,1.00000344775187
0.00155524337376,1.00000346900525
0.00155890110077239,1.00000350716469
0.00156256743027564,1.00000352169543
0.00156624238250166,1.00000353898848
0.00156992597772996,1.00000355654892
0.00157361823628774,1.0000035452297
0.00157731917855001,1.0000035548631
0.00158102882493969,1.00000359605809
0.00158474719592774,1.00000363687683
0.00158847431203327,1.00000362212979
0.00159221019382363,1.00000361201519
0.00159595486191456,1.00000368644359
0.00159970833697028,1.00000371419435
0.00160347063970361,1.00000373304026
0.00160724179087607,1.00000366527366
0.00161102181129803,1.00000372250518
0.00161481072182879,1.00000371997534
0.00161860854337672,1.00000376374664
0.00162241529689934,1.00000378419368
0.00162623100340349,1.00000379857479
0.00163005568394538,1.00000383739424
0.00163388935963079,1.00000385731016
0.00163773205161509,1.00000384692758
0.00164158378110342,1.000003916542
0.00164544456935081,1.00000388072498
0.00164931443766226,1.00000391584703
0.00165319340739289,1.00000392164553
0.00165708149994801,1.00000394875506
0.00166097873678333,1.00000398637773
0.00166488513940496,1.00000403082189
0.00166880072936964,1.00000401084134
0.00167272552828478,1.00000400798102
0.00167665955780862,1.00000403406068
0.00168060283965033,1.00000406890599
0.00168455539557013,1.00000410002002
0.00168851724737944,1.00000411552317
0.00169248841694096,1.00000411705963
0.00169646892616881,1.00000415565692
0.00170045879702865,1.00000415513038
0.00170445805153781,1.00000414769056
0.00170846671176539,1.00000423328379
0.00171248479983239,1.00000417402773
0.00171651233791186,1.00000424917587
0.00172054934822897,1.00000426893478
0.00172459585306117,1.00000432068365
0.00172865187473831,1.00000432476861
0.00173271743564275,1.00000428984913
0.0017367925582095,1.00000433777176
0.00174087726492631,1.00000435313405
0.00174497157833386,1.00000439028765
0.0017490755210258,1.00000440156706
0.00175318911564893,1.00000439745821
0.00175731238490333,1.00000443964712
0.00176144535154246,1.00000446265819
0.00176558803837328,1.00000448657397
0.00176974046825639,1.00000450725584
0.00177390266410617,1.00000455196917
0.00177807464889088,1.00000456187778
0.00178225644563281,1.00000457968075
0.00178644807740838,1.00000459431358
0.0017906495673483,1.0000046426834
0.00179486093863765,1.00000462298617
0.00179908221451608,1.0000046602149
0.00180331341827787,1.00000471612649
0.00180755457327209,1.00000469081728
0.00181180570290271,1.00000468694093
0.00181606683062878,1.00000471763752
0.00182033797996449,1.00000475126622
0.00182461917447934,1.00000478647097
0.00182891043779826,1.00000480265149
0.00183321179360177,1.00000482601774
0.00183752326562603,1.00000483362618
0.00184184487766308,1.00000489095174
0.00184617665356087,1.00000487109697
0.00185051861722348,1.00000492247847
0.00185487079261118,1.00000496833597
0.00185923320374058,1.00000495299036
0.00186360587468482,1.00000496340659
0.00186798882957361,1.00000500046572
0.00187238209259344,1.00000502868118
0.00187678568798767,1.00000509034493
0.00188119964005668,1.0000050688043
0.001885623973158,1.00000511295531
0.00189005871170645,1.00000514945592
0.00189450388017426,1.00000515337273
0.00189895950309124,1.00000519458093
0.00190342560504485,1.00000521749885
0.00190790221068042,1.00000523591724
0.0019123893447012,1.00000529361968
0.00191688703186859,1.00000531285215
0.00192139529700218,1.00000530239804
0.00192591416497995,1.0000053775541
0.0019304436607384,1.00000538631712
0.00193498380927265,1.00000540416355
0.00193953463563663,1.0000053674668
0.00194409616494319,1.00000544975579
0.00194866842236423,1.00000546869539
0.00195325143313086,1.00000551703645
0.00195784522253353,1.00000553684707
0.00196244981592217,1.00000552032189
0.00196706523870633,1.00000555885029
0.00197169151635531,1.00000560949203
0.00197632867439833,1.000005656386
0.00198097673842462,1.00000563695234
0.00198563573408363,1.00000565686319
0.00199030568708512,1.00000570947953
0.00199498662319929,1.00000572061443
0.00199967856825699,1.00000574893684
0.0020043815481498,1.00000584154419
0.00200909558883019,1.00000581639469
0.00201382071631166,1.00000584964237
0.00201855695666893,1.0000058718198
0.00202330433603799,1.0000058633409
0.00202806288061633,1.00000591860793
0.00203283261666306,1.00000596289913
0.00203761357049903,1.00000600923352
0.00204240576850699,1.00000602158421
0.00204720923713176,1.00000603991247
0.00205202400288033,1.00000605910768
0.00205685009232205,1.00000608642699
0.00206168753208875,1.00000612544406
0.0020665363488749,1.00000613568128
0.00207139656943774,1.00000618676131
0.00207626822059745,1.00000619434414
0.00208115132923728,1.00000624606278
0.00208604592230371,1.00000627467872
0.00209095202680661,1.000006243893
0.00209586966981933,1.00000630616108
0.00210079887847895,1.00000636385911
0.00210573967998633,1.0000063445433
0.00211069210160632,1.00000640661839
0.00211565617066788,1.00000644900182
0.00212063191456427,1.00000647681247
0.00212561936075315,1.00000653789384
0.00213061853675677,1.00000653573436
0.0021356294701621,1.00000654824476
0.002140652188621,1.00000663031964
0.00214568671985037,1.0000066168236
0.00215073309163226,1.00000665869632
0.00215579133181411,1.00000668201139
0.00216086146830882,1.00000672089255
0.00216594352909495,1.00000677228938
0.00217103754221685,1.00000675244495
0.00217614353578484,1.00000683798059
0.00218126153797535,1.00000684449299
0.00218639157703108,1.00000686986936
0.00219153368126113,1.00000695187463
0.0021966878790412,1.00000695645025
0.00220185419881374,1.00000698579828
0.00220703266908806,1.00000705017421
0.00221222331844054,1.00000706503419
0.00221742617551476,1.00000711531799
0.00222264126902167,1.00000712621254
0.00222786862773975,1.00000713711416
0.00223310828051514,1.0000071876115
0.00223836025626186,1.00000721687655
0.00224362458396191,1.00000725868102
0.00224890129266543,1.00000729821185
0.00225419041149093,1.00000734105266
0.00225949196962537,1.00000733420981
0.00226480599632435,1.00000740756965
0.0022701325209123,1.0000074297202
0.0022754715727826,1.00000742780172
0.00228082318139777,1.00000753371624
0.00228618737628961,1.00000755259119
0.00229156418705938,1.00000754515568
0.00229695364337795,1.00000758678788
0.002302355774986,1.00000760114718
0.00230777061169412,1.00000766025527
0.00231319818338304,1.00000770803595
0.00231863852000374,1.00000772800018
0.00232409165157767,1.00000778466334
0.00232955760819685,1.00000781773862
0.00233503642002411,1.00000787547017
0.0023405281172932,1.00000786557346
0.00234603273030896,1.00000794708925
0.00235155028944754,1.00000793997304
0.00235708082515651,1.00000803527212
0.00236262436795503,1.00000805034268
0.00236818094843408,1.00000808118338
0.00237375059725655,1.00000815858351
0.00237933334515746,1.00000814360245
0.00238492922294412,1.00000820824387
0.00239053826149627,1.00000822121732
0.00239616049176631,1.00000825882923
0.00240179594477941,1.0000083251552
0.00240744465163371,1.00000835802112
0.00241310664350051,1.00000843671322
0.00241878195162439,1.00000848439492
0.00242447060732344,1.00000847880154
0.00243017264198938,1.00000848867605
0.00243588808708778,1.00000854613001
0.00244161697415821,1.00000858851987
0.00244735933481441,1.00000865764332
0.00245311520074446,1.0000087205068
0.00245888460371101,1.00000872693332
0.00246466757555136,1.00000875659014
0.00247046414817772,1.00000879623278
0.00247627435357733,1.00000887278077
0.00248209822381268,1.00000887760125
0.00248793579102167,1.00000890979359
0.00249378708741775,1.00000893237571
0.00249965214529017,1.00000899941998
0.0025055309970041,1.00000906241829
0.00251142367500084,1.00000911359175
0.00251733021179797,1.00000911916292
0.00252325063998957,1.00000916482621
0.00252918499224635,1.00000927400206
0.00253513330131589,1.00000931216094
0.00254109560002276,1.00000932275626
0.00254707192126874,1.000009334028
0.00255306229803299,1.00000938894635
0.00255906676337223,1.00000944947015
0.00256508535042094,1.00000951287229
0.0025711180923915,1.00000954112896
0.00257716502257443,1.00000956872858
0.00258322617433852,1.00000962146637
0.00258930158113106,1.00000971057105
0.002595391276478,1.00000971037807
0.00260149529398411,1.00000979723603
0.00260761366733323,1.00000983925935
0.00261374643028841,1.00000982849932
0.0026198936166921,1.00000995295842
0.00262605526046635,1.00000997882668
0.00263223139561298,1.00001007387046
0.00263842205621378,1.0000100096089
0.00264462727643071,1.00001009100644
0.00265084709050606,1.00001011076635
0.00265708153276266,1.00001018015262
0.00266333063760405,1.00001022620468
0.00266959443951471,1.00001032038916
0.00267587297306019,1.0000102951976
0.00268216627288736,1.0000103771762
0.00268847437372456,1.00001041839083
0.00269479731038181,1.00001048458216
0.002701135117751,1.00001052258417
0.00270748783080608,1.00001058552511
0.00271385548460326,1.00001068142194
0.00272023811428119,1.00001069711121
0.00272663575506116,1.00001074419265
0.0027330484422473,1.0000107356716
0.00273947621122677,1.00001085644321
0.00274591909746996,1.0000108894877
0.00275237713653067,1.0000109191283
0.00275885036404633,1.0000109973373
0.00276533881573819,1.00001104219615
0.00277184252741148,1.0000110939565
0.00277836153495568,1.00001117915271
0.00278489587434465,1.00001118920367
0.00279144558163687,1.00001127163712
0.00279801069297561,1.00001132654545
0.00280459124458916,1.00001133972382
0.002811187272791,1.00001141323928
0.00281779881398003,1.00001148384846
0.00282442590464074,1.00001150462474
0.00283106858134344,1.00001160740511
0.00283772688074443,1.00001161866168
0.00284440083958625,1.00001169944696
0.00285109049469783,1.00001173822886
0.00285779588299473,1.00001180077636
0.0028645170414793,1.0000118177311
0.00287125400724096,1.00001191199485
0.00287800681745634,1.00001197774177
0.00288477550938949,1.00001198755529
0.00289156012039212,1.00001203356193
0.00289836068790378,1.00001210471553
0.00290517724945206,1.00001217091957
0.00291200984265284,1.00001225423536
0.00291885850521043,1.00001234347565
0.00292572327491786,1.00001239648569
0.00293260418965699,1.00001241744967
0.00293950128739883,1.00001250775362
0.00294641460620364,1.00001254575162
0.00295334418422123,1.00001263437901
0.00296029005969113,1.00001266279018
0.00296725227094278,1.00001276630812
0.00297423085639578,1.0000127817904
0.0029812258545601,1.00001284127536
0.00298823730403627,1.00001288301553
0.0029952652435156,1.0000129613602
0.00300230971178039,1.00001305123464
0.00300937074770417,1.00001308510716
0.00301644839025189,1.00001312071633
0.00302354267848013,1.0000132130789
0.00303065365153732,1.00001324926189
0.003037781348664,1.00001331568035
0.00304492580919295,1.00001338810455
0.0030520870725495,1.00001343778503
0.00305926517825166,1.00001354026623
0.00306646016591041,1.0000135804679
0.00307367207522988,1.00001367497396
0.00308090094600759,1.00001372753572
0.00308814681813465,1.00001375687648
0.00309540973159597,1.00001384704609
0.00310268972647054,1.00001392900181
0.00310998684293158,1.00001397215868
0.00311730112124679,1.00001405307004
0.0031246326017786,1.00001410711085
0.00313198132498434,1.00001419696669
0.0031393473314165,1.00001420865884
0.00314673066172296,1.00001429611757
0.00315413135664717,1.0000143370143
0.00316154945702843,1.00001444171217
0.00316898500380207,1.00001449933314
0.0031764380379997,1.00001460794172
0.00318390860074943,1.00001463498409
0.0031913967332761,1.00001472553622
0.00319890247690152,1.00001478485149
0.00320642587304464,1.0000148252445
0.00321396696322187,1.00001489101868
0.00322152578904724,1.000015007948
0.00322910239223265,1.0000150636875
0.0032366968145881,1.00001514987493
0.00324430909802192,1.00001521067913
0.00325193928454102,1.00001530784957
0.00325958741625108,1.00001534741682
0.00326725353535683,1.0000154376237
0.00327493768416225,1.00001548707776
0.0032826399050708,1.0000156019623
0.00329036024058568,1.00001562806903
0.00329809873331007,1.00001569258495
0.0033058554259473,1.00001582495557
0.00331363036130119,1.00001578914254
0.00332142358227619,1.00001591861286
0.00332923513187766,1.0000160698111
0.00333706505321212,1.0000160809448
0.00334491338948744,1.00001616308844
0.00335278018401315,1.00001624874555
0.0033606654802006,1.00001632243609
0.00336856932156327,1.00001641116948
0.00337649175171695,1.00001645574592
0.00338443281438004,1.00001655979685
0.00339239255337372,1.00001666081639
0.00340037101262226,1.00001669117861
0.00340836823615323,1.00001678812263
0.00341638426809774,1.00001689785742
0.00342441915269071,1.00001696200679
0.00343247293427105,1.00001704121986
0.00344054565728201,1.00001712131858
0.00344863736627131,1.00001717734203
0.00345674810589147,1.00001724356684
0.00346487792090003,1.00001733756858
0.00347302685615977,1.00001745379093
0.003481194956639,1.00001753736614
0.0034893822674118,1.0000175872191
0.00349758883365822,1.0000176728241
0.0035058147006646,1.00001772238198
0.00351405991382378,1.00001783740286
0.00352232451863537,1.00001793238283
0.00353060856070595,1.0000180205545
0.00353891208574939,1.00001810301601
0.00354723513958709,1.00001823355044
0.00355557776814818,1.0000182520679
0.00356394001746982,1.00001833805995
0.00357232193369746,1.00001840713066
0.00358072356308505,1.00001852484327
0.00358914495199535,1.00001866624217
0.00359758614690015,1.00001871094416
0.00360604719438052,1.00001882698147
0.00361452814112711,1.00001890732855
0.00362302903394036,1.00001901636454
0.00363154991973078,1.00001909813001
0.00364009084551922,1.00001911223935
0.0036486518584371,1.00001925153216
0.00365723300572671,1.00001934883945
0.00366583433474142,1.00001943221162
0.00367445589294598,1.00001952418063
0.00368309772791678,1.00001962789254
0.0036917598873421,1.00001970246391
0.00370044241902236,1.00001978526487
0.00370914537087043,1.00001986824574
0.00371786879091183,1.00001998273977
0.00372661272728506,1.00002010022653
0.00373537722824182,1.00002020684178
0.00374416234214729,1.00002027125614
0.00375296811748041,1.00002038814189
0.00376179460283412,1.00002042718441
0.00377064184691566,1.00002054015572
0.00377950989854682,1.00002064169192
0.00378839880666419,1.00002078239584
0.0037973086203195,1.00002085109191
0.00380623938867979,1.00002093275566
0.00381519116102777,1.00002102232748
0.00382416398676204,1.0000211610104
0.00383315791539738,1.00002122313381
0.00384217299656504,1.00002135506173
0.00385120928001298,1.00002146336362
0.00386026681560615,1.00002155184764
0.00386934565332679,1.0000216237325
0.00387844584327471,1.00002176795692
0.00388756743566751,1.00002184186873
0.00389671048084092,1.00002193770709
0.00390587502924904,1.00002204925587
0.00391506113146465,1.0000221787049
0.00392426883817946,1.00002227438049
0.00393349820020438,1.00002238923274
0.00394274926846985,1.0000224542357
0.00395202209402609,1.00002257410075
0.00396131672804336,1.00002270920117
0.00397063322181229,1.00002278078997
0.00397997162674412,1.00002292948659
0.00398933199437102,1.00002301302873
0.00399871437634634,1.00002311209904
0.00400811882444493,1.00002321902483
0.00401754539056339,1.00002331560874
0.00402699412672038,1.00002339845475
0.00403646508505691,1.00002355615086
0.00404595831783661,1.00002368931397
0.00405547387744603,1.00002377946728
0.00406501181639491,1.00002390696879
0.00407457218731652,1.00002402430373
0.00408415504296788,1.00002414958981
0.00409376043623012,1.00002423485077
0.00410338842010872,1.00002433917393
0.00411303904773382,1.00002443516262
0.00412271237236053,1.00002456169891
0.00413240844736919,1.00002469108927
0.0041421273262657,1.00002483973743
0.0041518690626818,1.00002490920169
0.00416163371037534,1.00002503734917
0.00417142132323063,1.00002516597436
0.00418123195525869,1.00002527247312
0.00419106566059759,1.00002539200083
0.00420092249351269,1.00002548870999
0.004210802508397,1.00002562874862
0.00422070575977146,1.00002573998188
0.00423063230228522,1.0000258691985
0.00424058219071597,1.00002602061409
0.0042505554799702,1.00002611450618
0.00426055222508359,1.0000262483134
0.00427057248122119,1.00002635107008
0.00428061630367785,1.00002646268475
0.00429068374787842,1.00002662291843
0.00430077486937814,1.00002674528958
0.00431088972386288,1.00002686872903
0.00432102836714949,1.00002701566688
0.00433119085518608,1.00002713231922
0.00434137724405237,1.00002724450751
0.00435158758995995,1.00002736321713
0.0043618219492526,1.00002754628483
0.00437208037840665,1.00002764550627
0.00438236293403123,1.00002782004371
0.00439266967286861,1.00002791309181
0.00440300065179451,1.00002804128301
0.00441335592781842,1.00002815632921
0.00442373555808391,1.00002830958047
0.00443413959986893,1.00002842030265
0.00444456811058616,1.00002857990461
0.00445502114778329,1.00002866393516
0.00446549876914336,1.0000288366522
0.00447600103248508,1.00002898872001
0.00448652799576314,1.00002909201476
0.00449707971706852,1.00002924330756
0.00450765625462883,1.00002937638139
0.00451825766680863,1.00002954249233
0.00452888401210973,1.000029672055
0.00453953534917155,1.00002981614192
0.00455021173677141,1.00002996695832
0.00456091323382486,1.00003008530826
0.00457163989938602,1.0000302385689
0.0045823917926479,1.00003035047501
0.00459316897294271,1.00003052773828
0.00460397149974222,1.00003066198708
0.00461479943265807,1.00003078361039
0.00462565283144207,1.0000309570727
0.0046365317559866,1.00003106862229
0.00464743626632486,1.00003125286111
0.00465836642263127,1.00003137480604
0.00466932228522176,1.00003154097374
0.0046803039145541,1.00003167823173
0.00469131137122828,1.00003182402007
0.00470234471598679,1.0000320220044
0.00471340400971498,1.00003212880386
0.00472448931344141,1.00003224735861
0.00473560068833815,1.00003247671522
0.00474673819572117,1.0000326045333
0.0047579018970506,1.00003275428629
0.00476909185393116,1.00003290882547
0.00478030812811243,1.0000330602699
0.00479155078148923,1.00003322597075
0.00480281987610194,1.00003336322474
0.00481411547413686,1.00003351491961
0.00482543763792654,1.00003369582719
0.00483678642995012,1.00003385114004
0.0048481619128337,1.0000339955518
0.00485956414935063,1.0000341724607
0.00487099320242196,1.00003430015123
0.00488244913511666,1.00003449797576
0.00489393201065206,1.00003463848757
0.00490544189239417,1.00003477119638
0.004916978843858,1.00003500767689
0.00492854292870798,1.00003515775463
0.00494013421075826,1.00003527046393
0.00495175275397303,1.00003544816778
0.00496339862246698,1.0000356152321
0.00497507188050554,1.0000357912033
0.0049867725925053,1.00003598326332
0.00499850082303437,1.00003613475298
0.00501025663681268,1.00003631231887
0.00502204009871239,1.00003650167583
0.00503385127375824,1.00003662741306
0.00504569022712788,1.00003683876551
0.00505755702415226,1.00003698402394
0.00506945173031598,1.000037194429
0.00508137441125765,1.00003735033921
0.00509332513277026,1.00003752010323
0.00510530396080152,1.0000376839835
0.00511731096145425,1.00003784880293
0.00512934620098674,1.00003806398779
0.00514140974581309,1.00003821452806
0.00515350166250364,1.0000384246114
0.00516562201778525,1.00003856239551
0.00517777087854174,1.00003880920638
0.00518994831181421,1.00003894316728
0.00520215438480145,1.00003909834017
0.00521438916486029,1.0000393373445
0.00522665271950596,1.00003950334068
0.0052389451164125,1.00003968899712
0.00525126642341309,1.00003990504094
0.00526361670850047,1.00004008020808
0.00527599603982725,1.0000402567186
0.00528840448570636,1.00004041571734
0.00530084211461137,1.00004065578677
0.00531330899517693,1.00004086162772
0.00532580519619906,1.00004104364252
0.0053383307866356,1.00004124629872
0.00535088583560659,1.0000414207674
0.00536347041239459,1.00004165406907
0.00537608458644515,1.0000418086794
0.0053887284273671,1.00004198303123
0.00540140200493301,1.00004220909031
0.00541410538907955,1.00004236901126
0.00542683864990785,1.00004258957278
0.00543960185768392,1.00004278450004
0.00545239508283903,1.00004300158634
0.00546521839597008,1.00004318890709
0.00547807186784004,1.00004340407664
0.00549095556937826,1.0000435712354
0.00550386957168093,1.00004385300699
0.00551681394601145,1.00004402774485
0.00552978876380083,1.00004421913526
0.00554279409664804,1.00004446598572
0.00555583001632048,1.00004466584305
0.00556889659475432,1.00004484983302
0.00558199390405493,1.00004508773262
0.00559512201649723,1.00004531058609
0.00560828100452614,1.00004553207591
0.00562147094075699,1.00004571883289
0.00563469189797584,1.00004592559576
0.00564794394913996,1.00004608749708
0.00566122716737821,1.00004635243338
0.00567454162599142,1.00004658754611
0.00568788739845283,1.00004680300927
0.00570126455840849,1.0000470353769
0.00571467317967762,1.00004725693239
0.00572811333625309,1.00004746685807
0.00574158510230177,1.00004768146843
0.00575508855216496,1.00004792811963
0.00576862376035882,1.00004813389146
0.00578219080157473,1.00004836461338
0.00579578975067978,1.00004858654338
0.00580942068271709,1.00004887655648
0.0058230836729063,1.00004906314496
0.00583677879664395,1.00004929423718
0.0058505061295039,1.00004953707876
0.00586426574723776,1.00004974463793
0.00587805772577528,1.00005002855599
0.00589188214122479,1.00005022564873
0.00590573906987363,1.00005044145515
0.00591962858818856,1.00005072139281
0.00593355077281616,1.00005094174164
0.00594750570058329,1.00005113709376
0.00596149344849748,1.00005138543274
0.00597551409374739,1.00005166340381
0.00598956771370321,1.00005190735758
0.00600365438591708,1.00005216396221
0.00601777418812356,1.0000524176385
0.00603192719824002,1.00005265311202
0.00604611349436706,1.00005290928487
0.00606033315478899,1.00005310610179
0.00607458625797423,1.00005341349593
0.00608887288257574,1.00005366811685
0.00610319310743146,1.00005389778678
0.00611754701156475,1.00005414664934
0.00613193467418483,1.00005440748446
0.0061463561746872,1.00005467899315
0.00616081159265408,1.00005488009269
0.00617530100785488,1.00005519026248
0.0061898245002466,1.00005539930775
0.0062043821499743,1.00005567624914
0.00621897403737151,1.00005596629527
0.0062336002429607,1.00005621611154
0.00624826084745375,1.0000564934481
0.00626295593175232,1.0000567418352
0.00627768557694837,1.00005702893454
0.00629244986432456,1.00005729198086
0.00630724887535471,1.0000575583238
0.00632208269170429,1.0000578627085
0.00633695139523081,1.00005809127585
0.00635185506798429,1.00005840202377
0.00636679379220775,1.00005863261219
0.00638176765033761,1.00005893637531
0.00639677672500418,1.0000591995222
0.00641182109903209,1.00005949296536
0.00642690085544079,1.00005980767371
0.00644201607744497,1.00006005105196
0.00645716684845501,1.00006033709492
0.00647235325207749,1.00006058888805
0.00648757537211561,1.00006085929533
0.00650283329256966,1.00006117540198
0.00651812709763748,1.00006146972639
0.00653345687171496,1.0000617941957
0.00654882269939643,1.00006208439153
0.00656422466547524,1.00006237324219
0.00657966285494412,1.00006265231802
0.00659513735299567,1.00006292323318
0.00661064824502292,1.00006323370423
0.00662619561661968,1.00006351937698
0.00664177955358107,1.00006382796344
0.00665740014190401,1.00006412597616
0.00667305746778765,1.00006442837094
0.00668875161763389,1.00006470602002
0.00670448267804783,1.00006504670254
0.00672025073583824,1.00006533509565
0.00673605587801808,1.00006566818567
0.00675189819180491,1.00006592640369
0.00676777776462146,1.00006628793501
0.00678369468409605,1.00006659362853
0.00679964903806306,1.00006685928039
0.00681564091456351,1.00006722586707
0.00683167040184542,1.00006756724876
0.00684773758836437,1.00006784571732
0.00686384256278403,1.00006817801059
0.0068799854139765,1.00006848401288
0.00689616623102298,1.00006882974851
0.00691238510321414,1.00006920184322
0.00692864212005063,1.00006942294787
0.00694493737124366,1.0000697859478
0.00696127094671535,1.00007013215317
0.00697764293659937,1.00007040874496
0.00699405343124131,1.00007080888666
0.00701050252119931,1.000071136794
0.00702699029724444,1.00007143810773
0.00704351685036127,1.00007178930471
0.00706008227174835,1.00007211233554
0.00707668665281872,1.00007246112474
0.00709333008520041,1.00007278023008
0.00711001266073694,1.00007315440666
0.00712673447148785,1.00007349081967
0.00714349560972918,1.00007380877598
0.00716029616795399,1.00007416539299
0.00717713623887288,1.00007453000608
0.00719401591541448,1.00007489037959
0.00721093529072598,1.00007524563327
0.00722789445817367,1.00007561316884
0.00724489351134336,1.00007594332523
0.00726193254404105,1.00007632734707
0.00727901165029326,1.00007670877163
0.00729613092434772,1.00007702117778
0.0073132904606738,1.00007738700487
0.00733049035396304,1.00007778693885
0.00734773069912969,1.00007811148473
0.00736501159131122,1.00007854072585
0.00738233312586885,1.00007883861268
0.00739969539838809,1.00007925706315
0.00741709850467923,1.00007954447291
0.00743454254077793,1.00007997491889
0.00745202760294569,1.00008034657901
0.00746955378767038,1.00008075328242
0.00748712119166685,1.00008110758533
0.00750472991187737,1.00008146747131
0.00752238004547222,1.00008187911476
0.00754007168985022,1.00008221693026
0.00755780494263923,1.00008264376399
0.00757557990169676,1.00008309106146
0.00759339666511044,1.00008347626176
0.00761125533119857,1.00008385521565
0.00762915599851075,1.00008425177046
0.00764709876582827,1.00008460233048
0.00766508373216481,1.00008503842997
0.00768311099676687,1.00008539581278
0.00770118065911439,1.00008585762676
0.00771929281892129,1.00008620865575
0.00773744757613595,1.00008662731962
0.00775564503094186,1.00008704094128
0.00777388528375812,1.00008740685375
0.00779216843523999,1.00008784109634
0.00781049458627947,1.00008828130305
0.00782886383800585,1.00008869311963
0.00784727629178623,1.00008912248577
0.00786573204922615,1.00008955144644
0.0078842312121701,1.00008996366034
0.0079027738827021,1.0000904149182
0.00792136016314622,1.00009083957548
0.00793999015606725,1.00009125231863
0.00795866396427114,1.00009166847767
0.00797738169080566,1.00009205337929
0.00799614343896092,1.00009256953665
0.00801494931226994,1.00009298975467
0.00803379941450929,1.00009343545182
0.00805269384969953,1.00009384318472
0.00807163272210596,1.00009431074855
0.00809061613623899,1.00009474716554
0.00810964419685491,1.00009517157775
0.00812871700895634,1.0000956522471
0.00814783467779286,1.00009608217221
0.0081669973088616,1.00009650935526
0.00818620500790778,1.00009697579457
0.00820545788092534,1.0000974187717
0.00822475603415748,1.00009788613867
0.0082440995740973,1.00009832687887
0.00826348860748833,1.00009883077087
0.00828292324132517,1.00009926114026
0.00830240358285404,1.00009977804533
0.0083219297395734,1.00010017805454
0.00834150181923452,1.0001006938706
0.0083611199298421,1.00010118753951
0.00838078417965484,1.00010169520706
0.00840049467718605,1.00010214851309
0.00842025153120428,1.00010260178941
0.00844005485073385,1.00010310288971
0.0084599047450555,1.00010356818984
0.00847980132370702,1.00010402080604
0.00849974469648374,1.00010458817685
0.0085197349734393,1.00010506135968
0.00853977226488612,1.00010553019839
0.00855985668139607,1.00010603559035
0.00857998833380108,1.00010658401236
0.00860016733319375,1.00010701079151
0.00862039379092792,1.00010754406748
0.00864066781861935,1.00010804083419
0.0086609895281463,1.00010855006898
0.00868135903165014,1.00010908943784
0.00870177644153601,1.00010955506563
0.00872224187047337,1.00011012013246
0.00874275543139671,1.0001105837817
0.00876331723750609,1.00011110802384
0.00878392740226782,1.0001116686825
0.00880458603941505,1.00011219645691
0.00882529326294846,1.00011274942748
0.00884604918713679,1.00011328659495
0.00886685392651755,1.00011378953706
0.00888770759589763,1.00011434900722
0.00890861031035392,1.00011489679367
0.00892956218523397,1.00011539278968
0.00895056333615659,1.00011593592646
0.00897161387901256,1.00011650539073
0.00899271392996514,1.0001170047003
0.00901386360545086,1.00011757984927
0.00903506302218006,1.0001181685831
0.00905631229713758,1.00011869362053
0.00907761154758338,1.00011929316427
0.00909896089105322,1.00011983346511
0.00912036044535927,1.00012039956875
0.00914181032859078,1.00012096324095
0.00916331065911474,1.00012150742567
0.00918486155557652,1.00012210563924
0.00920646313690054,1.00012268001854
0.00922811552229087,1.0001232867723
0.009249818831232,1.00012386346843
0.00927157318348937,1.00012445966387
0.00929337869911014,1.00012498275132
0.00931523549842376,1.00012557215855
0.00933714370204271,1.00012616883726
0.00935910343086314,1.00012677665463
0.00938111480606552,1.00012737681552
0.00940317794911529,1.00012795302441
0.00942529298176363,1.00012858738413
0.00944746002604798,1.00012918235929
0.00946967920429288,1.00012982015895
0.00949195063911049,1.00013040250395
0.00951427445340138,1.00013099949937
0.00953665077035515,1.00013161302089
0.00955907971345114,1.00013223239273
0.00958156140645907,1.00013287420099
0.00960409597343977,1.00013347645192
0.00962668353874585,1.00013413331958
0.00964932422702236,1.0001348024148
0.00967201816320752,1.00013541130435
0.00969476547253337,1.00013608285575
0.00971756628052649,1.00013666566362
0.0097404207130087,1.00013731117713
0.00976332889609768,1.00013797545342
0.00978629095620778,1.00013862837565
0.00980930702005064,1.00013929875842
0.0098323772146359,1.00013991271834
0.00985550166727192,1.00014058150393
0.00987868050556646,1.00014124828066
0.00990191385742742,1.00014192244538
0.0099252018510635,1.00014256339703
0.00994854461498494,1.00014325351585
0.00997194227800423,1.00014389645003
0.00999539496923678,1.00014460129071
0.0100189028181017,1.00014527376164
0.0100424659543224,1.00014596305819
0.0100660845079275,1.00014668017315
0.0100897586092514,1.00014729617458
0.0101134883889349,1.00014804810265
0.0101372739779262,1.00014876308777
0.0101611155074814,1.00014941142375
0.0101850131091654,1.00015014940989
0.0102089669148523,1.00015086834887
0.0102329770567267,1.00015158352633
0.0102570436672836,1.00015228524119
0.0102811668793301,1.00015299888099
0.0103053468259853,1.00015370600029
0.0103295836406816,1.00015446709264
0.0103538774571651,1.00015513469922
0.0103782284094964,1.00015583203155
0.0104026366320516,1.00015663506757
0.0104271022595226,1.00015737785594
0.0104516254269182,1.00015812459837
0.0104762062695647,1.00015886948982
0.0105008449231067,1.00015961985111
0.0105255415235078,1.00016032052331
0.0105502962070513,1.00016109950007
0.0105751091103412,1.00016186236129
0.0105999803703025,1.00016264018897
0.0106249101241824,1.0001633773527
0.010649898509551,1.0001641871823
0.0106749456643017,1.00016495027304
0.0107000517266524,1.00016576129834
0.010725216835146,1.00016651291327
0.0107504411286511,1.00016724069268
0.0107757247463632,1.0001680529353
0.0108010678278049,1.00016888259387
0.0108264705128271,1.00016968534148
0.0108519329416094,1.00017044563598
0.0108774552546615,1.00017122444399
0.010903037592823,1.00017204622277
0.0109286800972652,1.00017290506991
0.0109543829094913,1.00017372867778
0.0109801461713371,1.00017450503078
0.0110059700249722,1.00017535405816
0.0110318546129004,1.00017616301333
0.0110578000779608,1.00017695340788
0.0110838065633285,1.00017785668358
0.011109874212515,1.00017864670498
0.0111360031693696,1.00017949214866
0.0111621935780798,1.00018035681727
0.0111884455831724,1.0001811925179
0.0112147593295137,1.00018206195621
0.0112411349623112,1.00018287522176
0.0112675726271136,1.00018375101918
0.0112940724698119,1.00018469066297
0.0113206346366404,1.00018549812297
0.0113472592741772,1.0001863950388
0.0113739465293452,1.00018724974187
0.0114006965494126,1.00018811525378
0.0114275094819944,1.00018900456092
0.0114543854750524,1.00018993627568
0.0114813246768965,1.00019082554843
0.0115083272361854,1.00019171244806
0.0115353933019276,1.00019256515273
0.0115625230234817,1.00019355418132
0.0115897165505579,1.00019446983825
0.0116169740332183,1.00019532272912
0.011644295621878,1.00019629399264
0.0116716814673058,1.0001971778452
0.0116991317206251,1.0001981211834
0.0117266465333149,1.00019907478507
0.0117542260572103,1.00019998738042
0.0117818704445033,1.00020093750991
0.0118095798477443,1.00020188223312
0.0118373544198421,1.00020284350545
0.0118651943140652,1.00020376556639
0.0118930996840427,1.00020470472762
0.0119210706837649,1.0002057042979
0.0119491074675843,1.00020669163047
0.0119772101902163,1.00020766128133
0.0120053790067405,1.0002086389328
0.0120336140726008,1.0002095869011
0.012061915543607,1.00021061448632
0.0120902835759352,1.00021157453075
0.0121187183261288,1.00021257188969
0.0121472199510995,1.00021358103743
0.0121757886081279,1.00021460119685
0.0122044244548645,1.00021564796318
0.0122331276493307,1.00021665730221
0.0122618983499193,1.00021763003351
0.012290736715396,1.00021872867088
0.0123196429048996,1.00021972548164
0.0123486170779432,1.0002207362053
0.0123776593944152,1.00022178210215
0.0124067700145799,1.00022286329395
0.0124359490990785,1.00022389363979
0.0124651968089301,1.0002249633262
0.0124945133055325,1.00022596938697
0.0125238987506631,1.00022706359421
0.0125533533064797,1.0002280954547
0.0125828771355214,1.00022922581837
0.0126124704007098,1.00023026287065
0.0126421332653496,1.00023135001743
0.0126718658931293,1.00023245952876
0.0127016684481228,1.00023355534846
0.0127315410947895,1.00023465050931
0.0127614839979759,1.00023576388445
0.012791497322916,1.0002368994985
0.0128215812352325,1.00023798315065
0.0128517359009375,1.00023912466377
0.0128819614864337,1.00024025094687
0.012912258158515,1.00024137353859
0.0129426260843678,1.00024250743215
0.0129730654315715,1.00024360930662
0.0130035763680996,1.00024480253432
0.0130341590623208,1.00024592178544
0.0130648136829998,1.00024710969294
0.013095540399298,1.00024828793573
0.0131263393807748,1.00024945918262
0.0131572107973884,1.00025061131766
0.0131881548194966,1.00025181134517
0.013219171617858,1.00025297792646
0.0132502613636328,1.00025421577358
0.0132814242283836,1.0002553978473
0.0133126603840765,1.00025653806278
0.0133439700030822,1.00025780047768
0.0133753532581768,1.00025898074857
0.0134068103225425,1.00026019215688
0.013438341369769,1.00026145842793
0.0134699465738543,1.00026265252749
0.0135016261092054,1.00026391200645
0.0135333801506398,1.00026518747919
0.0135652088733858,1.00026635357782
0.013597112453084,1.00026769762098
0.0136290910657881,1.00026893775932
0.0136611448879659,1.00027022222695
0.0136932740965001,1.00027144780527
0.0137254788686894,1.00027271430515
0.0137577593822495,1.00027401370034
0.0137901158153143,1.00027526093572
0.0138225483464362,1.00027663093012
0.013855057154588,1.00027792148703
0.013887642419163,1.0002792450721
0.0139203043199768,1.00028057044697
0.0139530430372675,1.00028188630697
0.0139858587516975,1.00028320970502
0.0140187516443539,1.00028450954255
0.0140517218967496,1.00028584103315
0.0140847696908244,1.00028718837246
0.0141178952089463,1.00028852944099
0.0141510986339119,1.00028992430369
0.0141843801489478,1.00029131938553
0.0142177399377116,1.00029262519122
0.0142511781842926,1.00029402659134
0.0142846950732134,1.0002954230424
0.0143182907894303,1.00029678560553
0.0143519655183347,1.00029819083182
0.014385719445754,1.00029965209511
0.0144195527579528,1.00030105849956
0.0144534656416334,1.00030241207089
0.0144874582839375,1.00030385549992
0.0145215308724469,1.00030529665068
0.0145556835951844,1.00030675609578
0.0145899166406152,1.00030822252527
0.0146242301976477,1.00030963229836
0.0146586244556345,1.00031105678312
0.0146930996043736,1.00031250944585
0.0147276558341094,1.00031405189253
0.0147622933355336,1.00031549246926
0.0147970122997866,1.0003169814165
0.0148318129184581,1.00031847147681
0.0148666953835885,1.00032002146972
0.01490165988767,1.00032147702004
0.0149367066236473,1.00032299785049
0.014971835784919,1.00032456051868
0.0150070475653384,1.000326059506
0.0150423421592149,1.0003276000129
0.0150777197613148,1.00032913234404
0.0151131805668625,1.00033071380706
0.0151487247715414,1.00033226240258
0.0151843525714955,1.00033385553662
0.0152200641633296,1.00033536375602
0.0152558597441112,1.0003369547898
0.0152917395113713,1.00033854749252
0.0153277036631053,1.00034012425231
0.0153637523977743,1.00034175778426
0.0153998859143063,1.00034333752727
0.015436104412097,1.0003449632333
0.0154724080910111,1.0003466121071
0.0155087971513833,1.00034823709453
0.0155452717940195,1.0003499033433
0.015581832220198,1.00035151730004
0.0156184786316703,1.00035318171247
0.0156552112306625,1.00035483737829
0.0156920302198761,1.00035652686382
0.0157289358024897,1.00035821226773
0.0157659281821594,1.00035991405776
0.0158030075630205,1.00036154090332
0.0158401741496882,1.00036326819301
0.0158774281472592,1.0003649532899
0.0159147697613122,1.00036670543076
0.0159521991979098,1.00036843468399
0.0159897166635989,1.00037021046
0.0160273223654123,1.00037191648426
0.0160650165108698,1.00037370667456
0.0161027993079791,1.00037543578192
0.0161406709652371,1.00037717605163
0.0161786316916313,1.0003790053434
0.0162166816966405,1.00038074997459
0.0162548211902361,1.00038258022074
0.0162930503828835,1.00038436650203
0.0163313694855431,1.00038612956154
0.0163697787096713,1.00038800674601
0.0164082782672218,1.00038981527227
0.0164468683706471,1.00039162033778
0.016485549232899,1.00039348873546
0.0165243210674303,1.00039536911278
0.0165631840881957,1.00039722823488
0.0166021385096533,1.00039910180823
0.0166411845467654,1.00040098431952
0.016680322415,1.00040283547043
0.0167195523303317,1.00040473077279
0.016758874509243,1.00040663182549
0.0167982891687259,1.00040857211812
0.0168377965262823,1.00041050810946
0.016877396799926,1.00041242782675
0.0169170902081831,1.00041438887765
0.0169568769700942,1.00041631131107
0.0169967573052146,1.00041829940227
0.0170367314336161,1.00042026413997
0.0170767995758883,1.00042225971704
0.0171169619531392,1.00042423779095
0.0171572187869971,1.00042626556591
0.0171975702996114,1.00042826191226
0.0172380167136542,1.00043026461355
0.017278558252321,1.00043231525814
0.0173191951393324,1.00043430062009
0.0173599275989351,1.00043641163391
0.0174007558559032,1.00043843910904
0.0174416801355394,1.00044045661489
0.0174827006636764,1.00044256480388
0.017523817666678,1.00044465107993
0.0175650313714403,1.00044673668271
0.017606342005393,1.00044888830886
0.0176477497965009,1.00045095925988
0.0176892549732646,1.00045308925502
0.0177308577647225,1.00045521799658
0.0177725584004514,1.00045733193758
0.017814357110568,1.00045951649465
0.0178562541257305,1.00046167126762
0.0178982496771392,1.00046385882205
0.0179403439965384,1.00046605845448
0.0179825373162174,1.00046826524904
0.0180248298690118,1.00047046797009
0.0180672218883047,1.00047267186503
0.0181097136080283,1.00047491956901
0.0181523052626647,1.00047717766993
0.0181949970872477,1.00047936409534
0.0182377893173637,1.00048161927647
0.0182806821891534,1.00048395598308
0.0183236759393126,1.00048618300372
0.018366770805094,1.00048847500223
0.0184099670243081,1.0004908044403
0.0184532648353248,1.00049306299306
0.0184966644770746,1.00049545385128
0.01854016618905,1.00049773671743
0.0185837702113066,1.00050007913947
0.0186274767844647,1.00050244361011
0.0186712861497106,1.00050477498243
0.0187151985487975,1.00050718014006
0.0187592142240476,1.00050963621713
0.0188033334183526,1.0005119603463
0.0188475563751758,1.0005144507008
0.0188918833385528,1.00051682092365
0.0189363145530934,1.00051927219673
0.0189808502639825,1.00052168917501
0.0190254907169818,1.00052412786968
0.0190702361584308,1.00052664832877
0.0191150868352484,1.00052909764569
0.0191600429949345,1.00053159888929
0.0192051048855708,1.00053410407777
0.0192502727558225,1.00053666128147
0.0192955468549396,1.00053915489097
0.0193409274327585,1.00054168916566
0.0193864147397029,1.00054423986
0.0194320090267857,1.00054679348267
0.01947771054561,1.00054941851313
0.0195235195483707,1.00055198982061
0.0195694362878559,1.00055458118202
0.0196154610174481,1.00055717523156
0.0196615939911258,1.00055979453698
0.0197078354634647,1.00056245237989
0.0197541856896394,1.00056510560337
0.0198006449254245,1.00056777957001
0.0198472134271963,1.00057044136549
0.0198938914519339,1.00057313438829
0.0199406792572209,1.00057583886127
0.0199875771012466,1.00057856014654
0.0200345852428075,1.00058126917495
0.020081703941309,1.00058400193944
0.0201289334567664,1.00058677903563
0.0201762740498065,1.00058952795058
0.0202237259816691,1.00059227840721
0.0202712895142083,1.00059510557331
0.0203189649098944,1.00059790071694
0.0203667524318146,1.00060072942421
0.0204146523436749,1.00060353005958
0.0204626649098018,1.00060638903574
0.0205107903951431,1.00060921835195
0.02055902906527,1.00061212514005
0.0206073811863781,1.00061501752487
0.0206558470252891,1.00061791747657
0.0207044268494523,1.00062079802213
0.0207531209269459,1.00062375524197
0.0208019295264787,1.00062667101435
0.0208508529173914,1.00062961231739
0.0208998913696582,1.00063262290571
0.0209490451538881,1.00063561041258
0.0209983145413268,1.00063858264644
0.0210476998038576,1.00064159921395
0.0210972012140036,1.00064463835466
0.0211468190449285,1.00064763019294
0.0211965535704387,1.00065072174323
0.0212464050649843,1.00065374165233
0.0212963738036612,1.00065686973368
0.0213464600622121,1.00065993753185
0.0213966641170281,1.00066305774925
0.0214469862451505,1.00066617459001
0.0214974267242722,1.00066932937705
0.021547985832739,1.00067243205263
0.0215986638495516,1.00067563363871
0.0216494610543666,1.00067882930924
0.0217003777274985,1.00068201385642
0.0217514141499209,1.00068521426567
0.0218025706032685,1.00068847457697
0.0218538473698381,1.00069175682971
0.0219052447325904,1.00069497441882
0.0219567629751518,1.00069826937931
0.0220084023818157,1.00070151606085
0.022060163237544,1.00070485185669
0.0221120458279688,1.00070812622859
0.0221640504393942,1.00071149243652
0.0222161773587972,1.0007148637833
0.0222684268738303,1.00071824440175
0.0223207992728221,1.0007215854828
0.0223732948447794,1.00072501010728
0.0224259138793888,1.00072836476744
0.0224786566670182,1.00073185457789
0.0225315234987182,1.00073531691085
0.0225845146662243,1.00073876815385
0.0226376304619577,1.00074225489803
0.0226908711790276,1.00074573724655
0.0227442371112325,1.00074927431063
0.0227977285530619,1.00075278320862
0.0228513457996978,1.00075635930107
0.0229050891470164,1.00075993216246
0.0229589588915901,1.00076347082332
0.0230129553306883,1.00076710532544
0.0230670787622799,1.00077069342885
0.0231213294850345,1.00077434316552
0.023175707798324,1.00077800711819
0.0232302140022246,1.00078164294425
0.0232848483975181,1.00078532768605
0.0233396112856937,1.00078898925397
0.0233945029689497,1.00079271129235
0.023449523750195,1.00079647243352
0.0235046739330513,1.00080021457803
0.0235599538218538,1.00080400645334
0.023615363721654,1.00080777602971
0.0236709039382204,1.00081163891603
0.0237265747780409,1.00081541124727
0.0237823765483242,1.00081929368166
0.0238383095570014,1.00082314479295
0.0238943741127279,1.00082699539828
0.0239505705248849,1.00083093723211
0.0240068991035814,1.00083483961613
0.0240633601596556,1.00083875968042
0.0241199540046769,1.00084271173655
0.0241766809509472,1.00084666830304
0.0242335413115031,1.00085066424615
0.0242905354001175,1.00085469793358
0.024347663531301,1.00085874705648
0.0244049260203041,1.00086280023706
0.0244623231831186,1.00086688368819
0.0245198553364795,1.00087091591752
0.0245775227978668,1.00087500511454
0.0246353258855071,1.00087918069293
0.0246932649183754,1.00088326579141
0.0247513402161969,1.00088745131059
0.0248095520994489,1.00089162006836
0.0248679008893621,1.00089584184879
0.024926386907923,1.00090007412598
0.0249850104778753,1.00090429339181
0.0250437719227216,1.00090858856792
0.0251026715667255,1.00091282869852
0.0251617097349132,1.00091718276264
0.0252208867530752,1.00092143463633
0.0252802029477683,1.00092580710255
0.0253396586463175,1.00093017341534
0.0253992541768172,1.00093452994228
0.0254589898681338,1.00093896049593
0.025518866049907,1.00094338778669
0.0255788830525518,1.00094786201297
0.0256390412072604,1.00095230033518
0.0256993408460037,1.00095678316922
0.0257597823015335,1.00096130456371
0.0258203659073841,1.00096582896592
0.0258810919978743,1.00097046522884
0.0259419609081092,1.00097495625765
0.0260029729739819,1.00097958545621
0.0260641285321756,1.00098418875452
0.0261254279201654,1.00098881314972
0.0261868714762198,1.00099344599493
0.0262484595394031,1.00099818524495
0.026310192449577,1.00100285069781
0.0263720705474026,1.00100757254419
0.0264340941743419,1.0010123609264
0.0264962636726602,1.00101709964228
0.0265585793854278,1.00102187436524
0.0266210416565217,1.00102675722552
0.0266836508306278,1.0010315454704
0.0267464072532425,1.00103640864797
0.0268093112706749,1.00104128536129
0.0268723632300485,1.00104620223256
0.0269355634793032,1.00105113998075
0.0269989123671972,1.00105611105829
0.0270624102433089,1.00106110789344
0.0271260574580391,1.00106610747633
0.0271898543626123,1.00107112359216
0.0272538013090794,1.00107608198237
0.0273178986503191,1.0010812109086
0.0273821467400399,1.0010863072121
0.0274465459327824,1.00109144830759
0.027511096583921,1.00109653148259
0.0275757990496658,1.00110176785316
0.0276406536870646,1.0011069695372
0.0277056608540053,1.0011121747915
0.027770820909217,1.0011174350704
0.0278361342122728,1.00112270080376
0.0279016011235914,1.00112795440029
0.0279672220044391,1.00113329152861
0.028032997216932,1.00113861642074
0.0280989271240376,1.00114400858937
0.0281650120895773,1.00114935886888
0.0282312524782281,1.0011548258101
0.0282976486555245,1.00116026476442
0.0283642009878609,1.00116569458343
0.0284309098424933,1.00117127290205
0.0284977755875415,1.00117671717096
0.028564798591991,1.00118231161884
0.0286319792256952,1.00118788663043
0.0286993178593773,1.00119347811193
0.0287668148646322,1.00119913398878
0.0288344706139292,1.00120476632181
0.0289022854806131,1.0012104057899
0.0289702598389071,1.0012161123913
0.0290383940639143,1.00122188670715
0.0291066885316201,1.00122759461271
0.0291751436188944,1.00123341198021
0.0292437597034929,1.0012392464704
0.0293125371640602,1.00124506580432
0.0293814763801312,1.00125094683849
0.0294505777321336,1.00125679289338
0.0295198416013896,1.00126272740087
0.0295892683701183,1.00126871514135
0.0296588584214378,1.0012747056728
0.0297286121393672,1.00128067989559
0.0297985299088287,1.0012867326268
0.0298686121156498,1.00129279817774
0.0299388591465656,1.00129887372289
0.0300092713892204,1.0013050148372
0.0300798492321706,1.00131120092467
0.0301505930648861,1.00131734381149
0.0302215032777529,1.00132355606661
0.0302925802620753,1.00132980315775
0.0303638244100775,1.00133604212384
0.0304352361149065,1.00134238840334
0.0305068157706338,1.0013486875689
0.0305785637722579,1.001355027082
0.0306504805157059,1.00136143092225
0.0307225663978363,1.0013678769997
0.0307948218164411,1.00137430957612
0.0308672471702476,1.00138078554166
0.030939842858921,1.00138729057686
0.0310126092830663,1.00139377604055
0.0310855468442309,1.00140042705081
0.0311586559449063,1.00140700207979
0.031231936988531,1.00141363643187
0.031305390379492,1.0014203348006
0.0313790165231274,1.00142700815229
0.0314528158257288,1.00143373973245
0.0315267886945431,1.00144052970948
0.0316009355377753,1.0014472863345
0.03167525676459,1.00145414796973
0.0317497527851145,1.00146096842827
0.0318244240104406,1.00146787925311
0.0318992708526267,1.00147479255155
0.0319742937247005,1.00148172206787
0.032049493040661,1.00148872058973
0.0321248692154811,1.00149574994513
0.0322004226651093,1.00150284365178
0.0322761538064726,1.00150992611493
0.0323520630574785,1.00151707440934
0.0324281508370174,1.00152417949288
0.0325044175649647,1.00153137031606
0.0325808636621836,1.00153858533463
0.0326574895505268,1.00154585629593
0.0327342956528393,1.00155313779092
0.0328112823929605,1.00156045952358
0.0328884501957268,1.0015678060075
0.0329657994869736,1.00157519224229
0.0330433306935378,1.00158260282002
0.0331210442432602,1.0015901337792
0.0331989405649878,1.00159759951946
0.0332770200885763,1.00160512709746
0.0333552832448922,1.00161268109391
0.0334337304658155,1.00162032917669
0.0335123621842418,1.00162797894713
0.0335911788340848,1.00163564781125
0.0336701808502789,1.00164335205427
0.0337493686687811,1.0016510958868
0.0338287427265741,1.0016588425297
0.033908303461668,1.00166670222354
0.0339880513131031,1.0016745696577
0.0340679867209524,1.00168249162182
0.0341481101263238,1.00169042146084
0.0342284219713627,1.00169840052431
0.0343089226992543,1.00170637128597
0.034389612754226,1.00171442697652
0.0344704925815502,1.0017225102636
0.0345515626275464,1.00173064184526
0.0346328233395837,1.00173878533779
0.0347142751660836,1.00174700928896
0.0347959185565219,1.00175524195169
0.0348777539614319,1.00176351514969
0.0349597818324061,1.00177184724549
0.0350420026220993,1.00178018125068
0.0351244167842309,1.0017885931885
0.0352070247735873,1.0017969944856
0.0352898270460245,1.00180552046402
0.0353728240584707,1.00181401267572
0.0354560162689287,1.00182257657394
0.0355394041364784,1.00183114347083
0.0356229881212795,1.00183978002622
0.0357067686845737,1.00184842420854
0.0357907462886879,1.0018571892759
0.0358749213970359,1.0018658911587
0.0359592944741216,1.00187474191087
0.0360438659855414,1.00188358503759
0.0361286363979866,1.00189244631385
0.0362136061792462,1.00190141778179
0.0362987757982092,1.00191037425889
0.0363841457248676,1.00191936207392
0.0364697164303186,1.0019284510446
0.0365554883867674,1.00193756046061
0.0366414620675298,1.00194661527409
0.0367276379470347,1.00195586006904
0.0368140165008268,1.00196513738183
0.0369005982055693,1.00197436043782
0.0369873835390465,1.00198363054839
0.0370743729801662,1.00199302659163
0.0371615670089626,1.00200242605664
0.0372489661065988,1.00201187637847
0.0373365707553699,1.0020213679745
0.0374243814387048,1.00203090214085
0.0375123986411697,1.00204050595516
0.0376006228484702,1.00205009939542
0.0376890545474545,1.00205979423373
0.0377776942261155,1.00206951972503
0.0378665423735939,1.00207932908431
0.0379555994801809,1.00208906149099
0.0380448660373208,1.0020989699144
0.0381343425376136,1.00210885852111
0.0382240294748177,1.00211876496011
0.0383139273438532,1.00212884472889
0.0384040366408036,1.00213887347219
0.0384943578629197,1.00214893087677
0.0385848915086214,1.00215911914663
0.0386756380775009,1.00216923864271
0.0387665980703253,1.00217946703159
0.0388577719890398,1.00218973915809
0.0389491603367695,1.00220010889094
0.0390407636178234,1.00221045169516
0.0391325823376962,1.00222087927035
0.0392246170030716,1.00223137963601
0.0393168681218248,1.002241942991
0.0394093362030256,1.00225252840074
0.0395020217569409,1.00226315036567
0.0395949252950381,1.00227382675796
0.039688047329987,1.00228454659512
0.0397813883756633,1.00229528073694
0.0398749489471514,1.00230614370541
0.039968729560747,1.00231702787185
0.0400627307339601,1.00232799590656
0.0401569529855177,1.00233891696207
0.040251396835367,1.0023499709577
0.0403460628046778,1.00236104528304
0.0404409514158457,1.00237220077649
0.0405360631924952,1.0023833746192
0.0406313986594818,1.00239465909887
0.0407269583428956,1.00240592777894
0.0408227427700642,1.00241728872125
0.0409187524695551,1.00242869200342
0.0410149879711791,1.00244018209131
0.0411114498059931,1.00245170937795
0.0412081385063026,1.00246324310516
0.0413050546056656,1.00247489986157
0.0414021986388944,1.00248658050653
0.0414995711420594,1.00249825158502
0.0415971726524919,1.0025100785026
0.0416950037087864,1.00252191885122
0.0417930648508048,1.00253385202651
0.0418913566196781,1.00254572915003
0.0419898795578104,1.00255778742233
0.042088634208881,1.00256988687318
0.0421876211178484,1.00258202140521
0.0422868408309523,1.00259417961211
0.0423862938957174,1.00260647574091
0.042485980860956,1.00261879225058
0.042585902276771,1.00263114037302
0.0426860586945593,1.00264351696031
0.0427864506670145,1.00265599858161
0.04288707874813,1.00266853867628
0.0429879434932023,1.00268119134336
0.0430890454588336,1.00269383939931
0.0431903852029354,1.00270653985098
0.0432919632847313,1.00271926610002
0.0433937802647601,1.00273218508154
0.0434958367048788,1.00274507240177
0.043598133168266,1.00275803486815
0.0437006702194247,1.00277101932612
0.0438034484241855,1.00278408586805
0.0439064683497099,1.00279723019245
0.0440097305644931,1.00281044577768
0.0441132356383675,1.00282371214204
0.0442169841425057,1.00283705132174
0.0443209766494235,1.00285041713526
0.0444252137329831,1.00286390140868
0.0445296959683965,1.0028774154577
0.0446344239322286,1.00289098890105
0.0447393982024,1.00290460451666
0.0448446193581909,1.00291830868468
0.0449500879802434,1.00293210982745
0.0450558046505657,1.00294592453261
0.0451617699525344,1.00295985482762
0.0452679844708985,1.00297382635514
0.0453744487917819,1.00298785179439
0.0454811635026871,1.00300198233527
0.0455881291924984,1.00301617298177
0.0456953464514851,1.00303034837004
0.0458028158713047,1.00304472630592
0.045910538045006,1.00305908262105
0.0460185135670329,1.00307351963246
0.0461267430332272,1.00308806315593
0.046235227040832,1.00310259637554
0.046343966188495,1.00311728305722
0.0464529610762721,1.00313196664624
0.0465622123056302,1.00314680277722
0.0466717204794507,1.00316171830896
0.0467814862020332,1.00317660011564
0.0468915100790984,1.00319161716554
0.0470017927177914,1.00320666966117
0.0471123347266856,1.00322186216062
0.0472231367157851,1.00323708820167
0.0473341992965294,1.00325236793485
0.0474455230817954,1.00326769485576
0.0475571086859017,1.00328310022419
0.0476689567246116,1.0032986441806
0.0477810678151366,1.00331414865837
0.04789344257614,1.00332987083237
0.0480060816277398,1.00334558051093
0.0481189855915126,1.00336133327082
0.0482321550904968,1.00337726892754
0.0483455907491961,1.00339317246426
0.0484592931935832,1.00340921574601
0.0485732630511027,1.00342531445515
0.048687500950675,1.00344154893495
0.0488020075226995,1.0034578147412
0.0489167833990584,1.00347408766848
0.0490318292131199,1.00349048341517
0.0491471455997419,1.00350696479041
0.0492627331952753,1.00352354674381
0.0493785926375676,1.00354012713251
0.0494947245659664,1.00355691368419
0.0496111296213232,1.00357364839632
0.0497278084459964,1.00359055585115
0.0498447616838554,1.00360749402436
0.0499619899802837,1.00362454752499
0.0500794939821826,1.00364169653374
0.0501972743379752,1.00365885457073
0.0503153316976093,1.00367617291081
0.0504336667125612,1.00369356507591
0.0505522800358396,1.00371104235661
0.050671172321989,1.00372856049172
0.0507903442270932,1.00374618854836
0.0509097964087791,1.00376389115546
0.0510295295262201,1.00378166405185
0.05114954424014,1.00379951631035
0.0512698412128166,1.00381746589411
0.0513904211080851,1.00383552595829
0.0515112845913423,1.00385364000567
0.0516324323295495,1.00387189824377
0.0517538649912368,1.00389016566322
0.0518755832465066,1.00390858246217
0.0519975877670374,1.00392699838605
0.0521198792260873,1.0039455738265
0.0522424582984976,1.0039642243369
0.0523653256606971,1.00398298276863
0.0524884819907052,1.00400176708136
0.0526119279681362,1.00402068415116
0.0527356642742024,1.00403970083575
0.0528596915917185,1.00405875732018
0.052984010605105,1.00407794984729
0.053108622000392,1.00409727275296
0.0532335264652232,1.0041165775201
0.0533587246888593,1.0041360786713
0.0534842173621824,1.0041555660537
0.0536100051776993,1.00417522557158
0.0537360888295452,1.00419493961891
0.0538624690134883,1.00421477286108
0.0539891464269329,1.0042346832677
0.0541161217689234,1.0042547332857
0.0542433957401486,1.0042747965334
0.0543709690429448,1.00429511738389
0.0544988423813005,1.0043153540645
0.0546270164608597,1.00433577787108
0.0547554919889258,1.00435627786156
0.0548842696744661,1.0043768675844
0.0550133502281149,1.00439751167993
0.0551427343621782,1.00441834152771
0.0552724227906368,1.00443923951327
0.0554024162291511,1.00446021918915
0.0555327153950644,1.00448127854649
0.0556633210074072,1.00450254230729
0.0557942337869009,1.00452380169678
0.0559254544559623,1.00454517476861
0.0560569837387068,1.00456661727374
0.0561888223609531,1.00458824060403
0.0563209710502269,1.00460992491511
0.0564534305357648,1.00463168154479
0.0565862015485187,1.00465357075093
0.0567192848211593,1.00467555940485
0.0568526810880807,1.00469769220395
0.0569863910854041,1.00471992045541
0.057120415550982,1.00474227329388
0.0572547552244023,1.00476470647359
0.057389410846992,1.0047872157749
0.0575243831618219,1.00480982144067
0.0576596729137103,1.00483257262586
0.0577952808492273,1.00485545844501
0.0579312077166987,1.00487843243054
0.0580674542662105,1.0049014703524
0.0582040212496125,1.00492465028279
0.0583409094205228,1.00494797690756
0.0584781195343322,1.00497134593579
0.0586156523482078,1.00499486658252
0.0587535086210976,1.0050184946069
0.0588916891137343,1.00504224137006
0.05903019458864,1.00506608932051
0.0591690258101302,1.00509006761528
0.0593081835443177,1.0051140786318
0.0594476685591173,1.00513826274143
0.0595874816242498,1.00516259350114
0.0597276235112461,1.00518707560832
0.0598680949934521,1.0052115402586
0.0600088968460319,1.00523621236289
0.0601500298459732,1.0052609965238
0.0602914947720908,1.00528589744172
0.060433292405031,1.00531084640844
0.0605754235272767,1.00533601496727
0.0607178889231505,1.00536122540865
0.0608606893788197,1.00538656252187
0.061003825682301,1.00541204881156
0.0611472986234638,1.00543772235815
0.0612911089940356,1.00546349220907
0.0614352575876058,1.00548930300369
0.0615797451996303,1.00551527069188
0.0617245726274355,1.00554135785722
0.0618697406702235,1.00556757991341
0.0620152501290755,1.00559392197683
0.0621611018069573,1.00562044869739
0.0623072965087226,1.00564695786771
0.0624538350411183,1.00567372120892
0.0626007182127888,1.00570055208842
0.0627479468342799,1.00572752420486
0.0628955217180443,1.00575462670589
0.0630434436784448,1.00578184206389
0.06319171353176,1.00580929739396
0.063340332096188,1.00583675990205
0.0634893001918513,1.0058643905664
0.0636386186408013,1.00589210684709
0.0637882882670226,1.00592000413439
0.0639383098964377,1.00594804710508
0.0640886843569116,1.00597618708155
0.0642394124782564,1.00600450224048
0.0643904950922358,1.0060329439066
0.0645419330325697,1.00606156133032
0.0646937271349387,1.00609022793848
0.0648458782369888,1.00611905752737
0.0649983871783362,1.00614802145439
0.0651512548005716,1.00617708885029
0.0653044819472651,1.00620635571781
0.0654580694639708,1.00623571356184
0.0656120181982312,1.00626517965829
0.0657663289995825,1.00629483748859
0.0659210027195585,1.0063246875498
0.0660760402116961,1.00635461743158
0.0662314423315391,1.00638468226912
0.0663872099366439,1.00641492196515
0.0665433438865835,1.00644537244474
0.0666998450429526,1.00647581584757
0.0668567142693722,1.00650652630284
0.0670139524314944,1.00653734160554
0.0671715603970073,1.006568273195
0.0673295390356397,1.00659941043674
0.0674878892191657,1.00663063119273
0.0676466118214099,1.00666215174251
0.0678057077182519,1.0066936696027
0.0679651777876312,1.00672533426184
0.0681250229095524,1.00675720615704
0.0682852439660895,1.00678923439847
0.0684458418413909,1.00682138813406
0.0686068174216847,1.0068536714886
0.0687681715952831,1.00688614024348
0.0689299052525876,1.00691877476701
0.0690920192860938,1.00695161408913
0.0692545145903962,1.00698454713029
0.0694173920621934,1.00701762766472
0.0695806526002928,1.00705084711578
0.0697442971056158,1.00708427040101
0.0699083264812027,1.00711781100069
0.0700727416322174,1.00715150265635
0.0702375434659528,1.00718544370303
0.0704027328918355,1.00721950753229
0.0705683108214312,1.00725369893764
0.0707342781684493,1.00728804612437
0.0709006358487481,1.00732257275636
0.0710673847803399,1.00735732936622
0.071234525883396,1.00739211914972
0.071402060080252,1.00742717633991
0.0715699882954127,1.00746241441814
0.0717383114555569,1.00749780032323
0.0719070304895432,1.00753336571405
0.0720761463284144,1.00756897692794
0.0722456599054034,1.00760492873718
0.0724155721559377,1.00764098747093
0.0725858840176447,1.00767716908098
0.0727565964303572,1.00771357863958
0.0729277103361181,1.00775013630709
0.0730992266791862,1.00778698058589
0.0732711464060409,1.00782387121786
0.0734434704653875,1.00786097121752
0.0736161998081627,1.0078982007434
0.0737893353875395,1.00793562701214
0.0739628781589328,1.00797323925804
0.0741368290800045,1.00801110693633
0.0743111891106686,1.00804898976405
0.0744859592130969,1.00808724688863
0.074661140351724,1.00812557562987
0.0748367334932529,1.00816412344734
0.0750127396066598,1.00820280381335
0.0751891596632002,1.00824169288524
0.0753659946364135,1.0082808222552
0.075543245502129,1.00832009425241
0.075720913238471,1.00835957613028
0.0758989988258642,1.0083992504537
0.0760775032470389,1.00843909978766
0.0762564274870369,1.00847907549174
0.0764357725332166,1.00851932284738
0.0766155393752587,1.00855971520477
0.0767957290051713,1.00860034435825
0.0769763424172956,1.0086411951121
0.0771573806083114,1.00868216087226
0.0773388445772425,1.00872340032178
0.0775207353254625,1.00876474444718
0.0777030538566997,1.00880633410699
0.0778858011770434,1.00884811621279
0.078068978294949,1.00889013800081
0.0782525862212433,1.00893235084247
0.0784366259691311,1.0089747796838
0.0786210985541996,1.00901731569443
0.0788060049944247,1.00906008638698
0.0789913463101763,1.0091030788119
0.0791771235242244,1.00914628670981
0.0793633376617441,1.00918976180024
0.0795499897503218,1.00923333950344
0.0797370808199604,1.00927717411779
0.0799246119030856,1.00932121256214
0.0801125840345507,1.00936545527516
0.0803009982516435,1.00940990938812
0.0804898555940907,1.00945453742994
0.0806791571040648,1.00949946697073
0.0808689038261892,1.0095446137108
0.0810590968075438,1.00958992233919
0.0812497370976716,1.00963543345215
0.0814408257485837,1.00968122111051
0.0816323638147655,1.00972717201396
0.0818243523531823,1.00977337361227
0.0820167924232853,1.00981980183026
0.0822096850870175,1.00986640805358
0.0824030314088192,1.00991327974651
0.0825968324556343,1.00996036160669
0.082791089296916,1.01000775003392
0.0829858030046327,1.0100552491754
0.0831809746532739,1.01010302013404
0.0833766053198561,1.01015100537933
0.083572696083929,1.01019924778142
0.0837692480275811,1.01024758047699
0.0839662622354458,1.01029633863845
0.0841637397947075,1.01034524607282
0.0843616817951076,1.01039441929675
0.0845600893289502,1.01044381863504
0.0847589634911085,1.01049344457894
0.0849583053790305,1.01054331993859
0.0851581160927458,1.01059332693039
0.0853583967348704,1.01064380304419
0.0855591484106141,1.01069433590863
0.0857603722277856,1.01074522508856
0.0859620692967992,1.01079626174793
0.0861642407306808,1.01084764367721
0.0863668876450739,1.01089915177942
0.0865700111582459,1.01095100708931
0.0867736123910941,1.01100310521635
0.0869776924671521,1.01105537970933
0.0871822525125959,1.01110788242751
0.0873872936562502,1.01116072328226
0.0875928170295943,1.01121381127446
0.0877988237667688,1.01126714916481
0.0880053150045816,1.01132070399441
0.0882122918825142,1.01137453880951
0.0884197555427281,1.01142864745021
0.0886277071300708,1.01148299696408
0.0888361477920826,1.01153765487856
0.0890450786790024,1.01159251679171
0.0892545009437745,1.01164763460526
0.0894644157420548,1.01170297983728
0.089674824232217,1.01175871605975
0.0898857275753591,1.01181469644352
0.09009712693531,1.01187081881031
0.0903090234786358,1.01192732491638
0.0905214183746461,1.01198407835095
0.0907343127954006,1.01204108413755
0.0909477079157156,1.01209845453053
0.09116160491317,1.01215603002603
0.091376004968113,1.01221382459375
0.0915909092636692,1.01227195496431
0.0918063189857459,1.01233035023765
0.0920222353230395,1.01238905567427
0.092238659467042,1.01244809867084
0.0924555926120479,1.01250728991974
0.0926730359551603,1.01256685118458
0.0928909906962977,1.01262670039921
0.0931094580382007,1.01268681134816
0.0933284391864386,1.0127471823939
0.0935479353494161,1.01280785212248
0.0937679477383799,1.01286883901666
0.0939884775674252,1.01293012357544
0.0942095260535029,1.01299164607289
0.0944310944164255,1.0130536373023
0.0946531838788751,1.01311574255264
0.0948757956664088,1.01317823956003
0.0950989310074662,1.01324099932537
0.0953225911333759,1.01330405376271
0.0955467772783628,1.01336740350073
0.0957714906795542,1.01343110281752
0.0959967325769871,1.0134950629396
0.0962225042136148,1.01355946333483
0.0964488068353139,1.01362401404378
0.0966756416908911,1.01368893031048
0.0969030100320905,1.01375420384633
0.0971309131135995,1.01381969222011
0.0973593521930568,1.01388556152658
0.0975883285310588,1.01395175206127
0.0978178433911666,1.01401824212592
0.0980478980399132,1.01408503461886
0.0982784937468099,1.01415222859614
0.0985096317843544,1.01421966820158
0.0987413134280365,1.01428750616986
0.0989735399563459,1.01435560453041
0.0992063126507797,1.01442402210516
0.0994396327958482,1.0144927797064
0.099673501679083,1.01456192722903
0.0999079205910439,1.01463131774694
0.100142890825326,1.01470109957381
0.100378413678566,1.01477127788778
0.100614490450451,1.0148416990457
0.100851122443725,1.01491250020243
0.101088310964194,1.01498360824512
0.101326057320738,1.01505511560828
0.101564362825314,1.01512689548669
0.101803228792962,1.01519908731016
0.10204265654182,1.01527161573416
0.102282647393121,1.01534464482687
0.102523202671208,1.01541773004008
0.10276432370354,1.01549134200104
0.103006011820694,1.01556528453715
0.10324826835638,1.01563960985874
0.103491094647442,1.01571425828687
0.103734492033871,1.01578915446982
0.103978461858807,1.01586465054331
0.10422300546855,1.01594034366577
0.104468124212565,1.01601647180815
0.104713819443494,1.01609295295543
0.104960092517156,1.0161697057802
0.105206944792563,1.01624698177061
0.105454377631919,1.01632450187711
0.105702392400634,1.01640248402974
0.10595099046733,1.01648088648229
0.106200173203846,1.016559526427
0.106449941985248,1.01663870915652
0.106700298189837,1.01671819365116
0.106951243199155,1.01679809902281
0.107202778397992,1.01687834877863
0.107454905174396,1.01695897175446
0.107707624919679,1.01704002286884
0.107960939028426,1.01712145814777
0.108214848898502,1.01720327616939
0.108469355931058,1.01728550463381
0.108724461530541,1.01736818916957
0.108980167104703,1.01745111556902
0.109236474064603,1.0175346385935
0.109493383824623,1.01761847459477
0.109750897802467,1.01770272970208
0.110009017419177,1.0177873980442
0.110267744099136,1.01787239533325
0.110527079270076,1.01795786581775
0.110787024363087,1.01804375882977
0.111047580812626,1.01813011109
0.111308750056521,1.01821678005296
0.111570533535986,1.01830392569497
0.11183293269562,1.01839152200879
0.112095948983423,1.01847947798996
0.112359583850797,1.01856793348252
0.112623838752561,1.01865672352024
0.112888715146954,1.01874604400427
0.113154214495644,1.01883564910458
0.113420338263736,1.01892595491958
0.113687087919785,1.01901661442193
0.113954464935794,1.01910750312517
0.114222470787232,1.01919904343422
0.114491106953037,1.01929090445787
0.114760374915625,1.01938332255087
0.115030276160899,1.01947607890698
0.115300812178255,1.01956933142644
0.115571984460594,1.01966305639108
0.115843794504327,1.0197572457819
0.116116243809384,1.01985194765402
0.116389333879225,1.0199470239112
0.116663066220842,1.02004263027629
0.116937442344775,1.02013868921703
0.117212463765114,1.02023514786676
0.117488131999511,1.02033213058118
0.117764448569188,1.02042953963813
0.118041414998943,1.02052744557208
0.118319032817162,1.02062589649895
0.118597303555824,1.02072474309102
0.118876228750512,1.0208241052699
0.11915580994042,1.02092388755561
0.119436048668361,1.02102423009276
0.11971694648078,1.02112501945381
0.119998504927755,1.02122633521234
0.120280725563011,1.02132813351417
0.120563609943928,1.02143043559568
0.120847159631549,1.02153329861872
0.121131376190586,1.02163651796454
0.121416261189433,1.02174024251881
0.121701816200172,1.02184469367435
0.121988042798583,1.0219494652903
0.122274942564151,1.02205487499993
0.122562517080076,1.02216064096954
0.122850767933283,1.02226702025107
0.123139696714427,1.02237396229486
0.123429305017905,1.02248138959584
0.123719594441864,1.02258924260508
0.124010566588209,1.02269774027845
0.124302223062614,1.02280686802082
0.124594565474526,1.02291631023341
0.124887595437182,1.02302634655932
0.125181314567609,1.0231369893677
0.125475724486639,1.02324815886381
0.125770826818916,1.02335983068628
0.126066623192903,1.02347206259644
0.126363115240896,1.02358487540433
0.126660304599028,1.02369812516229
0.12695819290728,1.02381201302458
0.12725678180949,1.02392651095764
0.127556072953364,1.02404154148083
0.12785606799048,1.02415712375246
0.128156768576303,1.02427330841046
0.12845817637019,1.02439005619198
0.128760293035401,1.02450743798705
0.129063120239108,1.02462522119901
0.129366659652403,1.02474358238176
0.129670912950309,1.02486265991205
0.129975881811789,1.02498218070964
0.130281567919754,1.02510245406001
0.130587972961072,1.02522327208655
0.13089509862658,1.02534467650937
0.131202946611091,1.02546654712627
0.131511518613404,1.02558920457066
0.131820816336312,1.02571232397761
0.132130841486616,1.02583619678645
0.132441595775128,1.02596043285857
0.132753080916685,1.02608562288932
0.133065298630156,1.0262111382461
0.133378250638455,1.02633750669922
0.133691938668545,1.02646435606023
0.134006364451453,1.02659178438389
0.134321529722276,1.02672004279074
0.134637436220191,1.02684863975343
0.134954085688468,1.02697799069998
0.135271479874474,1.02710804072259
0.135589620529686,1.02723874841279
0.135908509409702,1.02736997330435
0.136228148274249,1.02750205219222
0.136548538887189,1.02763467172772
0.136869683016537,1.02776787920108
0.137191582434464,1.0279017471464
0.137514238917307,1.02803637784576
0.137837654245585,1.02817167813356
0.138161830204001,1.02830759987173
0.138486768581457,1.02844417600259
0.138812471171061,1.02858147327213
0.139138939770141,1.02871936922509
0.139466176180248,1.02885785402271
0.139794182207174,1.02899731435666
0.140122959660955,1.02913734617702
0.140452510355885,1.02927791487259
0.140782836110525,1.02941926300349
0.141113938747714,1.0295614393933
0.141445820094577,1.02970414130123
0.141778481982535,1.02984772179752
0.142111926247319,1.02999188263324
0.142446154728975,1.03013680112429
0.142781169271878,1.0302824540039
0.143116971724741,1.0304287774249
0.143453563940622,1.03057599162026
0.143790947776942,1.03072377122004
0.144129125095485,1.03087226657612
0.144468097762419,1.03102154013903
0.144807867648297,1.03117156868246
0.145148436628072,1.03132234476975
0.145489806581109,1.03147389931592
0.145831979391189,1.0316260624859
0.146174956946529,1.03177895316775
0.146518741139781,1.03193284596493
0.146863333868051,1.03208743795659
0.147208737032908,1.03224274655952
0.14755495254039,1.03239877340723
0.147901982301021,1.03255574356449
0.148249828229817,1.0327133540417
0.148598492246296,1.03287185037973
0.148947976274494,1.03303101042236
0.14929828224297,1.03319102133354
0.149649412084818,1.03335179654933
0.15000136773768,1.03351345096473
0.150354151143755,1.03367588892272
0.150707764249808,1.0338391041823
0.151062209007184,1.0340031496239
0.151417487371818,1.03416808230165
0.151773601304243,1.03433365863112
0.152130552769606,1.03450007980368
0.152488343737671,1.03466745895386
0.15284697618284,1.03483577464901
0.153206452084155,1.03500481099874
0.153566773425313,1.03517456610448
0.153927942194678,1.0353452108201
0.154289960385288,1.03551687566306
0.154652829994871,1.0356893306946
0.15501655302585,1.03586275736691
0.155381131485362,1.03603672820852
0.155746567385259,1.03621158538873
0.15611286274213,1.03638749227133
0.156480019577303,1.03656432227882
0.156848039916861,1.03674197294636
0.157216925791654,1.036920550318
0.157586679237305,1.03709992063476
0.157957302294226,1.03728021699003
0.158328797007628,1.03746147300562
0.158701165427533,1.0376436748197
0.159074409608782,1.03782689906864
0.159448531611051,1.03801082422252
0.159823533498858,1.03819549521077
0.160199417341579,1.03838138920086
0.160576185213454,1.03856831139546
0.160953839193604,1.03875596283021
0.161332381366038,1.03894460352736
0.161711813819666,1.03913429893302
0.162092138648314,1.0393247840014
0.162473357950729,1.03951628037959
0.162855473830595,1.03970879469715
0.163238488396544,1.03990234944796
0.163622403762167,1.04009646665353
0.164007222046026,1.0402919115883
0.164392945371665,1.04048834898616
0.164779575867624,1.04068576740636
0.165167115667446,1.04088383145223
0.165555566909694,1.04108360807197
0.165944931737961,1.04128367893629
0.16633521230088,1.04148519949055
0.166726410752138,1.04168756847145
0.167118529250488,1.04189102152316
0.167511569959758,1.04209554813549
0.167905535048868,1.04230114198306
0.168300426691835,1.04250764238919
0.168696247067793,1.04271520038986
0.169092998360999,1.04292363253921
0.169490682760847,1.04313341899631
0.16988930246188,1.04334425658231
0.170288859663805,1.04355581853897
0.170689356571498,1.0437687398254
0.171090795395025,1.04398291905922
0.171493178349645,1.04419769789749
0.171896507655832,1.04441390243876
0.172300785539279,1.04463104274642
0.172706014230914,1.0448494752343
0.173112195966913,1.04506886192899
0.17351933298871,1.0452891705118
0.173927427543012,1.04551088425688
0.174336481881807,1.04573358449685
0.174746498262384,1.04595761731222
0.175157478947336,1.04618289530117
0.17556942620458,1.04640915077124
0.175982342307367,1.04663649813074
0.176396229534294,1.04686470594271
0.176811090169316,1.04709442362278
0.17722692650176,1.04732551908274
0.177643740826339,1.0475574276492
0.178061535443159,1.0477906265926
0.17848031265774,1.04802515928679
0.178900074781021,1.0482607331337
0.179320824129377,1.04849749692091
0.179742563024632,1.04873537228843
0.180165293794069,1.04897457773529
0.180589018770446,1.04921485694161
0.181013740292005,1.04945675756727
0.181439460702489,1.0496997525481
0.181866182351153,1.04994345791114
0.182293907592778,1.05018931625241
0.18272263878768,1.05043585183139
0.18315237830173,1.05068371574766
0.183583128506361,1.05093284030488
0.184014891778584,1.05118342179151
0.184447670500999,1.05143499197376
0.184881467061812,1.0516880066281
0.185316283854844,1.05194241861629
0.185752123279546,1.05219809199704
0.186188987741014,1.05245486118138
0.186626879649997,1.05271317541178
0.187065801422918,1.0529727029213
0.18750575548188,1.05323366533543
0.187946744254683,1.05349611353485
0.188388770174839,1.05375958029283
0.188831835681579,1.05402450888954
0.189275943219875,1.05429089729673
0.189721095240448,1.05455863333881
0.190167294199781,1.05482747848525
0.190614542560136,1.05509825874027
0.191062842789566,1.05537001072004
0.191512197361929,1.05564342817861
0.191962608756899,1.05591781478588
0.192414079459984,1.05619422451014
0.192866611962536,1.05647167553778
0.193320208761767,1.05675058389221
0.193774872360764,1.05703109430066
0.194230605268497,1.05731273090372
0.19468740999984,1.05759595788133
0.195145289075581,1.05788098630465
0.195604245022435,1.05816718779089
0.196064280373061,1.05845510983033
0.196525397666075,1.05874422072345
0.196987599446061,1.05903546486818
0.197450888263591,1.05932707600364
0.197915266675232,1.0596210511434
0.198380737243567,1.05991631508794
0.198847302537203,1.06021305011172
0.19931496513079,1.06051126829513
0.199783727605032,1.06081116965246
0.200253592546704,1.06111264259221
0.200724562548663,1.06141600014447
0.201196640209865,1.06172022411742
0.201669828135378,1.06202662573407
0.202144128936398,1.06233456857305
0.20261954523026,1.0626441317671
0.203096079640457,1.06295493932198
0.20357373479665,1.06326763078565
0.204052513334686,1.06358200409341
0.204532417896611,1.06389789835342
0.205013451130684,1.06421563750345
0.205495615691393,1.06453475414641
0.205978914239468,1.06485582424071
0.206463349441899,1.06517822445228
0.206948923971946,1.06550268440384
0.207435640509157,1.06582853029548
0.207923501739383,1.06615646910869
0.20841251035479,1.06648546497903
0.208902669053877,1.06681681608128
0.209393980541488,1.06715014633358
0.209886447528829,1.06748449050318
0.210380072733484,1.06782095252974
0.210874858879427,1.06815894066326
0.211370808697039,1.06849888536979
0.211867924923121,1.0688404950906
0.212366210300911,1.06918414638158
0.212865667580101,1.06952951056674
0.213366299516848,1.06987672761137
0.213868108873791,1.07022567700576
0.214371098420068,1.07057648462356
0.214875270931326,1.07092923742031
0.215380629189745,1.07128398570114
0.215887175984044,1.07164016918564
0.216394914109503,1.0719984533378
0.216903846367976,1.07235886795901
0.217413975567905,1.07272064136079
0.21792530452434,1.07308480456263
0.218437836058948,1.07345067081279
0.218951573000035,1.073818706412
0.219466518182557,1.07418859663506
0.21998267444814,1.07456061497809
0.220500044645089,1.07493412712858
0.221018631628413,1.07531044573882
0.221538438259831,1.0756880697764
0.222059467407794,1.07606799258988
0.2225817219475,1.07644935424375
0.22310520476091,1.07683341536666
0.223629918736759,1.07721917564265
0.22415586677058,1.07760744522798
0.224683051764714,1.07799763544425
0.225211476628328,1.07838949795894
0.225741144277432,1.078783617752
0.226272057634893,1.07918042259668
0.226804219630452,1.07957847917775
0.227337633200742,1.07997942453992
0.2278723012893,1.08038188521559
0.228408226846589,1.08078693520524
0.228945412830008,1.08119386089274
0.229483862203913,1.08160323668937
0.230023577939632,1.08201462767954
0.230564563015481,1.08242872667505
0.23110682041678,1.08284432939658
0.231650353135869,1.08326266994936
0.23219516417213,1.08368272214214
0.232741256531994,1.08410564434752
0.233288633228964,1.08453040548296
0.233837297283634,1.08495785407606
0.234387251723698,1.08538744434252
0.234938499583972,1.08581907082973
0.235491043906409,1.0862533048574
0.236044887740117,1.08669000126484
0.236600034141375,1.08712854242902
0.237156486173651,1.08757003794701
0.237714246907615,1.08801355404993
0.238273319421161,1.08846011406983
0.238833706799422,1.08890821138347
0.239395412134785,1.08935964448645
0.239958438526912,1.08981266373388
0.240522789082755,1.09026808913707
0.24108846691657,1.0907270255582
0.24165547514994,1.09118735565228
0.24222381691179,1.09165168840639
0.242793495338402,1.09211698252635
0.243364513573436,1.09258542413585
0.243936874767943,1.09305654519206
0.244510582080388,1.09352976386603
0.245085638676661,1.09400551015453
0.2456620477301,1.09448457118659
0.246239812421506,1.0949660269665
0.24681893593916,1.0954501504106
0.247399421478843,1.09593663674949
0.247981272243849,1.09642617395549
0.248564491445009,1.09691827229035
0.249149082300703,1.09741271558926
0.249735048036883,1.09791030930509
0.250322391887085,1.09841023722863
0.250911117092451,1.09891352726079
0.251501226901747,1.09941865221316
0.252092724571378,1.09992767087208
0.252685613365408,1.10043918371652
0.253279896555578,1.10095288408298
0.253875577421324,1.10146981562932
0.254472659249794,1.10198985772155
0.255071145335868,1.10251262755738
0.255671038982173,1.1030379315678
0.256272343499105,1.10356665567099
0.256875062204847,1.10409833086336
0.257479198425382,1.10463281574524
0.25808475549452,1.10516980134929
0.258691736753907,1.10571014694392
0.259300145553051,1.10625340069849
0.259909985249339,1.10679960167809
0.260521259208049,1.10734940208239
0.261133970802379,1.10790192512493
0.261748123413457,1.10845721802949
0.262363720430365,1.10901588024676
0.262980765250154,1.10957812496634
0.263599261277865,1.11014304919607
0.264219211926548,1.11071123653139
0.264840620617279,1.11128277446011
0.265463490779181,1.11185701127906
0.26608782584944,1.11243478071552
0.266713629273328,1.11301630129593
0.267340904504218,1.11360049655555
0.267969655003607,1.11418720792278
0.26859988424113,1.11477883055541
0.269231595694585,1.11537328744764
0.269864792849947,1.11596995611727
0.270499479201392,1.11657123218075
0.271135658251312,1.11717552121918
0.271773333510336,1.11778442361379
0.272412508497351,1.11839535165696
0.273053186739519,1.1190099573339
0.273695371772298,1.11962792474072
0.274339067139459,1.12024924432497
0.274984276393111,1.12087494983636
0.275631003093713,1.12150322577502
0.276279250810102,1.12213570315249
0.276929023119505,1.12277175216103
0.277580323607563,1.12341205099659
0.278233155868351,1.12405438261467
0.278887523504396,1.12470094293735
0.279543430126699,1.12535230871164
0.28020087935475,1.12600645572301
0.280859874816556,1.12666445310452
0.281520420148654,1.12732551813132
0.282182518996134,1.12799220599364
0.282846175012659,1.12866116986222
0.283511391860486,1.12933417691951
0.284178173210482,1.1300114676911
0.284846522742151,1.1306932554414
0.285516444143649,1.13137826295391
0.286187941111806,1.13206657338371
0.286861017352147,1.13275994081592
0.287535676578911,1.13345718251579
0.288211922515073,1.13415796347766
0.288889758892365,1.13486339983053
0.289569189451294,1.13557245210033
0.290250217941164,1.13628613081979
0.290932848120098,1.1370031511532
0.291617083755057,1.13772447290792
0.292302928621862,1.13845039274298
0.292990386505213,1.13918133933623
0.293679461198713,1.13991531075563
0.294370156504885,1.14065373678216
0.295062476235196,1.14139675888099
0.295756424210077,1.14214335030064
0.296452004258945,1.14289526668146
0.297149220220222,1.14365121015508
0.297848075941358,1.14441183802372
0.298548575278851,1.14517646390502
0.29925072209827,1.14594744941518
0.299954520274275,1.14672030393246
0.300659973690639,1.14749938295114
0.301367086240268,1.14828277665171
0.302075861825225,1.14907068904167
0.302786304356748,1.14986236907016
0.303498417755277,1.15066010448666
0.30421220595047,1.1514614677134
0.304927672881227,1.15226875729654
0.305644822495712,1.15308044159621
0.306363658751376,1.15389658578482
0.307084185614976,1.15471765503958
0.307806407062599,1.15554425448707
0.308530327079681,1.15637429230651
0.309255949661035,1.15721053648847
0.309983278810866,1.15805078234723
0.310712318542799,1.1588967582608
0.311443072879896,1.15974847434002
0.312175545854683,1.16060505847419
0.312909741509167,1.16146658227875
0.313645663894865,1.16233295533514
0.31438331707282,1.16320323008262
0.315122705113627,1.16408095429424
0.315863832097455,1.16496270639639
0.316606702114066,1.16585060530842
0.317351319262845,1.16674308716189
0.318097687652816,1.16764177512511
0.318845811402666,1.16854595238795
0.31959569464077,1.16945532991287
0.320347341505212,1.17036913492422
0.321100756143809,1.17129063669369
0.321855942714132,1.17221662416987
0.322612905383529,1.17314760361672
0.323371648329152,1.17408558437094
0.324132175737975,1.17502861147813
0.32489449180682,1.17597766676577
0.325658600742379,1.17693124046684
0.326424506761238,1.17789302489246
0.327192214089899,1.17885784842284
0.327961726964805,1.17983102304902
0.328733049632362,1.18081095330704
0.329506186348964,1.1817943033278
0.330281141381015,1.18278560706407
0.331057919004952,1.18378123459239
0.33183652350727,1.18478447922072
0.332616959184547,1.18579419714148
0.333399230343464,1.18680921209475
0.334183341300831,1.18782972225009
0.334969296383611,1.1888576603315
0.335757099928944,1.18989257447375
0.33654675628417,1.19093366672955
0.337338269806852,1.19198102404045
0.338131644864804,1.19303626596727
0.33892688583611,1.19409512464619
0.339723997109152,1.19516324679457
0.340522983082633,1.19623754346015
0.341323848165601,1.19731803532504
0.342126596777473,1.19840528601982
0.34293123334806,1.19949963818681
0.343737762317592,1.20060056825389
0.34454618813674,1.20170881153033
0.345356515266646,1.20282301233176
0.346168748178941,1.20394598112576
0.346982891355773,1.20507525755648
0.347798949289832,1.20621152237591
0.348616926484374,1.20735602515379
0.349436827453247,1.20850729361885
0.350258656720913,1.20966568259179
0.351082418822477,1.21083136170312
0.351908118303709,1.21200448407909
0.352735759721069,1.2131865632106
0.353565347641736,1.21437485953631
0.354396886643628,1.21557056991357
0.355230381315429,1.21677520998505
0.356065836256618,1.21798693745695
0.35690325607749,1.21920558941921
0.357742645399181,1.2204338283935
0.358584008853697,1.22166947693139
0.359427351083939,1.22291230735082
0.360272676743725,1.22416387857553
0.361119990497821,1.22542415052421
0.361969297021959,1.22669175789448
0.362820601002874,1.22796981996038
0.36367390713832,1.22925366098906
0.364529220137098,1.23054577309729
0.365386544719088,1.23184703068205
0.366245885615267,1.23315894710247
0.36710724756774,1.23447695625026
0.367970635329764,1.23580273988477
0.368836053665775,1.2371390962773
0.369703507351417,1.23848554940059
0.370573001173561,1.23983841440129
0.37144453993034,1.24120246784328
0.37231812843117,1.24257538811174
0.373193771496777,1.24395675445961
0.374071473959228,1.24534823346876
0.374951240661952,1.24674405169522
0.375833076459769,1.24815524032574
0.376716986218917,1.24957304715315
0.37760297481708,1.25100114966646
0.378491047143412,1.25243921370602
0.379381208098567,1.2538871357684
0.380273462594724,1.25534412043013
0.381167815555615,1.25681161930189
0.382064271916552,1.25828832695114
0.382962836624453,1.25977402885291
0.383863514637873,1.26127099422563
0.384766310927028,1.26277864447141
0.385671230473821,1.26429646140571
0.386578278271874,1.26582410513746
0.387487459326554,1.26736282375354
0.388398778654998,1.26891187952521
0.389312241286143,1.27047137635043
0.390227852260755,1.27204161533549
0.391145616631453,1.27362473700345
0.392065539462741,1.27521951591107
0.392987625831033,1.27681850775215
0.393911880824682,1.27843310734091
0.39483830954401,1.28005891625986
0.39576691710133,1.28169566221195
0.396697708620983,1.28334423532289
0.397630689239359,1.28500364686367
0.398565864104931,1.28667653739197
0.399503238378276,1.28835809195124
0.400442817232112,1.29005510687239
0.401384605851322,1.29176097159426
0.40232860943298,1.29348001199552
0.403274833186387,1.29521132460157
0.404223282333094,1.29695329846816
0.40517396210693,1.2987115061031
0.406126877754038,1.30047997446194
0.407082034532894,1.30226024744582
0.408039437714347,1.30405336093162
0.408999092581636,1.30586097917589
0.409961004430431,1.30767986920218
0.410925178568853,1.30951231681028
0.41189162031751,1.31135808020442
0.41286033500952,1.31321863492298
0.413831327990547,1.31508917398032
0.414804604618825,1.31697664179919
0.415780170265191,1.31887577661025
0.416758030313113,1.32078943266961
0.417738190158721,1.32271512470765
0.418720655210834,1.324657194565
0.419705430890996,1.32661133409548
0.420692522633496,1.32858380044037
0.421681935885409,1.33056744831809
0.422673676106618,1.33256717454709
0.423667748769846,1.33458010478207
0.42466415936069,1.33660951681647
0.425662913377646,1.33865597377918
0.426664016332144,1.34071144666968
0.427667473748574,1.34278769775828
0.42867329116432,1.34487601132477
0.429681474129788,1.3469816197661
0.43069202820844,1.34910352251537
0.431704958976819,1.35124096865635
0.432720272024587,1.35339368916174
0.433737972954549,1.35556466829535
0.43475806738269,1.357750527958
0.435780560938201,1.35995394341359
0.436805459263513,1.3621725210951
0.437832768014326,1.36440794624365
0.438862492859643,1.36666220149188
0.4398946394818,1.36893275108048
0.440929213576496,1.37121950910722
0.441966220852824,1.37352626867716
0.443005667033309,1.37584841550528
0.444047557853928,1.37818986483843
0.445091899064154,1.38054777414287
0.446138696426979,1.38292851980838
0.44718795571895,1.38532425152771
0.448239682730199,1.38773850755604
0.449293883264476,1.39017102376935
0.450350563139179,1.39262404298911
0.451409728185391,1.39509505633325
0.452471384247907,1.39758758294168
0.453535537185268,1.40009877236059
0.454602192869793,1.40262967784282
0.455671357187615,1.40518393221553
0.456743036038706,1.40775279361059
0.457817235336917,1.41034688907215
0.458893961010007,1.41296080294661
0.459973218999675,1.41559118778518
0.461055015261596,1.41824663413619
0.462139355765452,1.42092320240805
0.463226246494963,1.42362099576353
0.464315693447922,1.42634378060787
0.46540770263623,1.42908168127951
0.466502280085927,1.43184317520243
0.467599431837223,1.43463185680389
0.468699163944536,1.4374427150165
0.469801482476523,1.44027524125851
0.470906393516112,1.44313159136972
0.47201390316054,1.4460135838777
0.473124017521381,1.44891474694695
0.474236742724585,1.4518464362847
0.475352084910508,1.45479721255175
0.476470050233948,1.45777193891042
0.477590644864178,1.46077294863623
0.47871387498498,1.46380084871169
0.47983974679468,1.46685225816111
0.480968266506182,1.46992957643645
0.482099440346999,1.47303965843525
0.483233274559295,1.47616890614716
0.484369775399912,1.47932399424649
0.485508949140407,1.48250782473715
0.486650802067088,1.4857167635448
0.487795340481046,1.48895778248437
0.488942570698194,1.49222281797977
0.490092499049296,1.49552021140712
0.491245131880008,1.49884383256754
0.492400475550908,1.50219300882067
0.493558536437535,1.50557766828781
0.494719320930421,1.50898694154251
0.495882835435128,1.51242689357446
0.497049086372282,1.51590072316112
0.498218080177614,1.51940591086821
0.499389823301985,1.52293234544583
0.500564322211432,1.52650262122542
0.501741583387196,1.53009706007854
0.502921613325763,1.53372570049155
0.504104418538898,1.53739153173451
0.50529000555368,1.5410858132558
0.506478380912539,1.54481163774672
0.507669551173292,1.54856763264538
0.508863522909179,1.55236825577206
0.5100603027089,1.5561989724125
0.511259897176649,1.56006166392416
0.512462312932155,1.56396250087188
0.513667556610714,1.56790006866326
0.514875634863227,1.5718702452671
0.516086554356237,1.57588362068271
0.517300321771967,1.57992553186802
0.518516943808356,1.58401238434358
0.519736427179094,1.58813815153528
0.520958778613661,1.59229526100153
0.522184004857365,1.59650123082828
0.523412112671377,1.60073849449531
0.524643108832771,1.60502002086874
0.525877000134556,1.60934464350049
0.527113793385722,1.61370802835529
0.528353495411271,1.61811285781375
0.529596113052254,1.62255738497656
0.530841653165816,1.6270479668819
0.532090122625224,1.63158408788155
0.533341528319915,1.63616565254608
0.534595877155525,1.64078515446961
0.535853176053932,1.6454543250958
0.537113431953297,1.65016645440834
0.538376651808093,1.65493428088969
0.539642842589153,1.6597420464985
0.540912011283702,1.66459010195854
0.542184164895401,1.66950294417256
0.543459310444379,1.67445061755267
0.54473745496728,1.67945607401882
0.546018605517292,1.68450873996014
0.547302769164194,1.68961574132107
0.548589952994393,1.694775266834
0.549880164110961,1.69997867680951
0.551173409633676,1.70524800757078
0.552469696699059,1.71056827747997
0.553769032460419,1.71594121481962
0.555071424087885,1.7213712118557
0.556376878768449,1.72686170385234
0.55768540370601,1.73240245664005
0.558997006121406,1.73800661248239
0.560311693252458,1.74366014636451
0.56162947235401,1.74938319407715
0.562950350697968,1.75517063881976
0.564274335573342,1.76101763654087
0.565601434286282,1.76692034379548
0.566931654160124,1.77289133812336
0.568265002535425,1.77892776547616
0.569601486770008,1.7850302470282
0.570941114239,1.79119428799778
0.572283892334873,1.79742993919426
0.573629828467486,1.80373863238995
0.574978930064123,1.81011236874503
0.576331204569538,1.81655368875017
0.577686659445993,1.82307024448528
0.579045302173302,1.82966056896744
0.580407140248868,1.83631867979564
0.581772181187727,1.84307126262292
0.583140432522593,1.84988437905269
0.584511901803891,1.85677809965683
0.585886596599808,1.86375816891197
0.587264524496328,1.87081699297281
0.588645693097275,1.87795891350437
0.59003011002436,1.88517156365388
0.591417782917216,1.89248321382096
0.592808719433444,1.89987197515119
0.594202927248656,1.9073449761635
0.595600414056515,1.91491517540801
0.597001187568778,1.92257619789493
0.59840525551534,1.93034427494147
0.599812625644276,1.93816921249637
0.601223305721883,1.9461113395966
0.602637303532721,1.95414720422096
0.604054626879663,1.96228363937277
0.605475283583929,1.97052065880644
0.606899281485136,1.9788577975171
0.608326628441338,1.98729487452032
0.609757332329068,1.99583377358362
0.611191401043389,2.00448516422089
0.612628842497927,2.01326195402398
0.614069664624921,2.02213405555523
0.615513875375267,2.03113038031095
0.616961482718559,2.04023720819225
0.618412494643135,2.04944989759672
0.619866919156122,2.05879469662928
0.621324764283476,2.06826385861669
0.62278603807003,2.07783761503653
0.624250748579537,2.08755557852107
0.625718903894718,2.09741787576076
0.627190512117299,2.10737350244864
0.628665581368062,2.11748805427629
0.63014411978689,2.12773792433173
0.631626135532805,2.13811250869287
0.633111636784024,2.14865545554664
0.634600631737995,2.15931878859756
0.636093128611443,2.17015506260724
0.637589135640423,2.18111418979235
0.639088661080355,2.19224555233683
0.640591713206078,2.20352006816341
0.642098300311891,2.21496661836049
0.6436084307116,2.2265718492064
0.645122112738565,2.2383454470432
0.646639354745743,2.25029311074847
0.648160165105739,2.26241703802541
0.649684552210845,2.27470630644025
0.651212524473097,2.28718969627495
0.652744090324307,2.29985425237817
0.654279258216124,2.31270474907963
0.655818036620072,2.32574904926407
0.657360434027597,2.33898754593347
0.658906458950119,2.35241407548848
0.660456119919074,2.36608254553996
0.662009425485961,2.37995121745036
0.663566384222396,2.39404384396164
0.66512700472015,2.40834630093838
0.666691295591201,2.42283617012419
0.668259265467784,2.43761145639671
0.669830923002432,2.45260237807876
0.671406276868031,2.46783503924041
0.672985335757864,2.4833087476647
0.674568108385658,2.49903189500272
0.676154603485634,2.51504360294234
0.677744829812554,2.53129746084203
0.679338796141773,2.54784157438865
0.680936511269281,2.56462640874758
0.682537984011756,2.58170860612583
0.684143223206615,2.59912130189606
0.685752237712053,2.61678433019058
0.687365036407104,2.63479496741041
0.688981628191682,2.65312347848919
0.690602021986632,2.67175344852526
0.692226226733781,2.69071798555016
0.693854251395984,2.71003708676895
0.695486104957178,2.72969630183797
0.697121796422427,2.74972178188108
0.698761334817975,2.77015066538318
0.700404729191294,2.79087977345624
0.702051988611133,2.81206745727998
0.703703122167573,2.83357708897983
0.705358138972071,2.85558360351572
0.707017048157513,2.87798794402807
0.708679858878265,2.9008149879077
0.710346580310223,2.92408428893523
0.712017221650863,2.94779114178056
0.713691792119294,2.97204719819049
0.715370300956303,2.99673703682496
0.717052757424415,3.02191848454063
0.718739170807935,3.04765734171079
0.720429550413008,3.07391221735121
0.72212390556766,3.10068681203799
0.723822245621862,3.12806912183966
0.72552457994757,3.1560446926521
0.727230917938782,3.18457826507611
0.728941269011592,3.21376756454903
0.730655642604237,3.24365482590869
0.732374048177153,3.27412003360266
0.734096495213024,3.30525814709291
0.735822993216838,3.33716309966451
0.737553551715938,3.3697496167889
0.73928818026007,3.40317047038766
0.741026888421444,3.43728809884696
0.74276968579478,3.47227739666445
0.744516581997364,3.50813539320746
0.746267586669104,3.54478537839242
0.748022709472574,3.58237320630551
0.749781960093076,3.6209010635226
0.751545348238692,3.66038891759246
0.753312883640334,3.70089421163806
0.7550845760518,3.74244799450127
0.756860435249828,3.78505184051511
0.75864047103415,3.82880974317128
0.760424693227547,3.87378871547479
0.762213111675897,3.92000415522265
0.76400573624824,3.96737985657957
0.765802576836823,4.01608648833808
0.76760364335716,4.06622694199084
0.769408945748084,4.11776080127824
0.771218493971803,4.17086613493673
0.773032298013955,4.22547047467665
0.774850367883663,4.28171611025527
0.776672713613591,4.33965212844959
0.778499345259996,4.39947230962633
0.780330272902787,4.46114748674244
0.782165506645583,4.52466451996207
0.78400505661576,4.59030559395123
0.785848932964516,4.6580794470201
0.787697145866921,4.72806604318684
0.789549705521976,4.80048952522592
0.791406622152671,4.87542272968383
0.793267906006037,4.9529772349698
0.795133567353204,5.03327749973076
0.797003616489459,5.11644326290361
0.798878063734303,5.20263789348996
0.800756919431507,5.29225841643395
0.802640193949168,5.38497306127044
0.804527897679769,5.48158822186934
0.806420041040233,5.58195454836144
0.808316634471983,5.6863854375612
0.810217688441,5.7950355963249
0.812123213437877,5.90845085670632
0.814033219977883,6.0267811605601
0.815947718601014,6.15010832532209
0.817866719872056,6.27907901233904
0.819790234380643,6.414092206727
0.821718272741314,6.55529404830273
0.823650845593572,6.70348657563888
0.825587963601941,6.85891804434703
0.827529637456027,7.02207396112232
0.82947587787058,7.19391447534725
0.831426695585546,7.37477729291725
0.833382101366131,7.56556689621122
0.835342106002859,7.76734782825691
0.837306720311632,7.98013741617665
0.839275955133791,8.20623900142272
0.841249821336173,8.4462885039354
0.843228329811172,8.70101781172562
0.845211491476801,8.97253471883571
0.847199317276748,9.26249965771961
0.849191818180443,9.57260212040508
0.851189005183112,9.905308954529
0.853190889305841,10.2635179427119
0.855197481595635,10.6482714532443
0.857208793125481,11.0661473791156
0.85922483499441,11.5173352734253
0.861245618327554,12.009773958633
0.86327115427621,12.5466899130056
0.865301454017903,13.1367415223687
0.867336528756444,13.7863535592551
0.869376389721996,14.5053538048968
0.871421048171132,15.3047208516377
0.8734705153869,16.2015925170008
0.875524802678885,17.2118952364533
0.877583921383267,18.3595979247232
0.879647882862893,19.6750377448274
0.881716698507329,21.2018658792564
0.883790379732931,22.9824566915762
0.885868937982901,25.102523387192
0.887952384727357,27.6536210699655
0.890040731463394,30.7997971625114
0.892133989715143,34.7559504732126
0.894232171033842,39.9063175697815
0.896335286997894,46.8436465708456
0.898443349212931,56.7694143140407
0.900556369311885,72.0373320218329
0.902674358955042,98.6478115574107
0.904797329830116,156.631659813375
0.906925293652304,382.064679529182
0.909058262164358,864.112867027147
0.911196247136651,202.684841491747
0.913339260367232,114.647998535721
0.915487313681902,79.8384435910154
0.917640418934272,61.2338095782276
0.919798588005831,49.6352440297968
0.921961832806016,41.7136867470216
0.924130165272269,35.9590478243857
0.926303597370108,31.5965245095909
0.928482141093194,28.1689000980993
0.930665808463394,25.4119971152379
0.932854611530849,23.1339856165907
0.935048562374042,21.2317899656089
0.937247673099859,19.6155039147662
0.939451955843665,18.2231212385375
0.941661422769362,17.0140796381301
0.943876086069463,15.9522081546141
0.946095957965152,15.0141089136063
0.948321050706359,14.1791311195652
0.950551376571823,13.4304307269229
0.95278694786916,12.7555595050933
0.955027776934934,12.1439731093289
0.957273876134723,11.5867360473568
0.959525257863185,11.0780034133272
0.96178193454413,10.6110455149806
0.964043918630585,10.1820634895877
0.966311222604871,9.78403890604026
0.968583858978658,9.41602725414366
0.970861840293047,9.07399284095343
0.973145179118632,8.75585285081645
0.975433888055571,8.45846874075003
0.977727979733658,8.1798146240689
0.980027466812389,7.91870362276975
0.982332361981033,7.67368764923591
0.984642677958704,7.44261451229046
0.986958427494427,7.22474130390527
0.989279623367216,7.01909020266845
0.991606278386134,6.82428549905977
0.993938405390373,6.63990024992232
0.99627601724932,6.46491807452314
0.998619126862627,6.29846518191838
1.00096774716029,6.14058184812045
1.0033218911027,5.98965309137584
1.00568157168076,5.84585409129298
1.00804680191589,5.70902512042437
1.01041759486015,5.57817527346353
1.01279396359631,5.45272956238308
1.01517592123788,5.332788134879
1.01756348092924,5.21800678534257
1.01995665584566,5.10776394710496
1.02235545919342,5.00176089651054
1.02475990420984,4.90009805887377
1.02717000416338,4.80246206314438
1.02958577235371,4.70839422454132
1.03200722211177,4.61788489708043
1.03443436679985,4.53087524663834
1.03686721981169,4.44677083746775
1.0393057945725,4.36574335210962
1.04175010453908,4.28770826259714
1.04420016319988,4.21199086304999
1.04665598407507,4.13901067226811
1.04911758071661,4.06845647614257
1.05158496670835,4.00017157345299
1.05405815566607,3.93404005172105
1.05653716123759,3.87001412321276
1.0590219971028,3.80806899274682
1.06151267697379,3.74797960290483
1.0640092145949,3.6896890397762
1.06651162374276,3.63321570728464
1.06901991822645,3.57837496231362
1.07153411188749,3.52512309929905
1.07405421859997,3.47335498602093
1.0765802522706,3.42314920888871
1.07911222683881,3.37429555460881
1.08165015627681,3.32678990205271
1.08419405458965,3.28058549503346
1.08674393581535,3.2356808721447
1.08929981402493,3.19185885794938
1.0918617033225,3.14931557978527
1.09442961784534,3.10782761042786
1.097003571764,3.06737385223153
1.09958357928233,3.02803829787888
1.10216965463759,2.98962118447121
1.10476181210055,2.95221916530475
1.10736006597551,2.91577966888618
1.10996443060043,2.88007054291499
1.11257492034699,2.84533632151537
1.11519154962066,2.81140779812796
1.1178143328608,2.77828096684664
1.12044328454073,2.74594713988607
1.1230784191678,2.71433941015874
1.12571975128349,2.68345656552299
1.12836729546347,2.65329620435561
1.13102106631769,2.62378723583564
1.13368107849049,2.59496794383166
1.1363473466606,2.5668143297763
1.1390198855413,2.53921951316592
1.1416987098805,2.51229262057769
1.14438383446074,2.48590318543725
1.14707527409937,2.46009831843415
1.14977304364856,2.43485562105909
1.15247715799544,2.41009412560782
1.15518763206213,2.38588866302823
1.15790448080585,2.36215072083875
1.16062771921899,2.33895615855313
1.16335736232922,2.3161575434141
1.16609342519954,2.29389686506271
1.16883592292838,2.27206873857281
1.17158487064967,2.25068444961633
1.17434028353294,2.22969410218925
1.17710217678341,2.20914836250052
1.17987056564203,2.1889797039326
1.18264546538562,2.16923540003907
1.18542689132693,2.14985193842795
1.18821485881471,2.13086322416371
1.1910093832338,2.11220526525114
1.19381048000526,2.0939308040907
1.19661816458638,2.07600763211893
1.19943245247082,2.05838842510061
1.20225335918867,2.04114190948925
1.20508090030657,2.02419515704668
1.20791509142774,2.00757842176826
1.21075594819211,1.99125007259454
1.2136034862764,1.97523021265186
1.21645772139418,1.95950467070286
1.219318669296,1.94403185677394
1.22218634576943,1.92890144145746
1.22506076663919,1.91404111984802
1.22794194776721,1.8993515005922
1.23082990505273,1.88501847189808
1.23372465443236,1.87093989930265
1.23662621188022,1.85707964591903
1.23953459340799,1.84349543520856
1.242449815065,1.83014356189432
1.24537189293832,1.8170250677572
1.24830084315289,1.80412569882248
1.25123668187153,1.79144524610602
1.25417942529509,1.77902942564556
1.25712908966254,1.76684005542678
1.26008569125101,1.75481010722491
1.26304924637594,1.74300794517741
1.26601977139112,1.73142322305457
1.26899728268882,1.72004167219979
1.27198179669984,1.70884291263498
1.27497332989366,1.6978594009112
1.27797189877844,1.68703618075155
1.28097751990122,1.67644716670043
1.28399020984793,1.66600777306246
1.2870099852435,1.65575336726194
1.29003686275198,1.64569196043919
1.29307085907659,1.63577852272983
1.29611199095986,1.62607367176334
1.29916027518367,1.61651411805759
1.30221572856938,1.60714322833526
1.30527836797793,1.59795573420367
1.30834821030987,1.58886997172008
1.31142527250554,1.57998893176673
1.3145095715451,1.57123324173399
1.31760112444866,1.56264448623469
1.32069994827634,1.55419907721645
1.3238060601284,1.54591348900939
1.32691947714531,1.53778894989841
1.33004021650785,1.52979336753578
1.33316829543721,1.52195237690771
1.33630373119509,1.51426937590851
1.33944654108376,1.50670771462356
1.34259674244622,1.49926564235848
1.34575435266624,1.49199412381397
1.34891938916846,1.48482341806133
1.35209186941853,1.47782663575602
1.35527181092315,1.47092060155238
1.35845923123021,1.46416121256443
1.36165414792887,1.45753773710814
1.36485657864964,1.45107098621302
1.36806654106453,1.44469647121925
1.37128405288707,1.43844688241537
1.37450913187247,1.43233370797774
1.37774179581772,1.42634554854825
1.38098206256161,1.42047006762474
1.38422994998495,1.41470233675159
1.38748547601055,1.40907627439698
1.3907486586034,1.40356769917186
1.39401951577074,1.39817596583082
1.39729806556216,1.39287601114846
1.40058432606968,1.38775074010684
1.40387831542789,1.38270906538146
1.40718005181403,1.37777545718497
1.41048955344809,1.37294221164354
1.4138068385929,1.36821748797054
1.41713192555426,1.36367466994038
1.420464832681,1.3591882330586
1.42380557836512,1.35481823554996
1.42715418104188,1.35055432274143
1.43051065918987,1.34642811786616
1.43387503133118,1.34239074980046
1.43724731603143,1.33847628245696
1.44062753189991,1.33466999088827
1.44401569758969,1.33096398294493
1.44741183179769,1.32737799088536
1.45081595326481,1.32388983051382
1.45422808077604,1.32053302393235
1.45764823316054,1.31726698205141
1.46107642929173,1.3141120838012
1.46451268808747,1.31108497669985
1.46795702851006,1.30812118851968
1.47140946956642,1.30530841092913
1.47487003030819,1.30260234689399
1.47833872983178,1.30000542993092
1.48181558727853,1.29749767581331
1.4853006218348,1.29512175481241
1.48879385273208,1.29286989324194
1.49229529924708,1.29070881480815
1.49580498070183,1.28865977578077
1.49932291646385,1.28673548575247
1.50284912594615,1.28492405597771
1.50638362860745,1.28323765173645
1.5099264439522,1.28164909147455
1.51347759153074,1.28018655096441
1.51703709093938,1.27884318444591
1.52060496182052,1.27761021656408
1.52418122386277,1.27649594340444
1.52776589680101,1.27550498499851
1.53135900041658,1.27464845503246
1.5349605545373,1.27389819313017
1.53857057903765,1.27328522743424
1.54218909383885,1.27280403340398
1.54581611890896,1.27244630886533
1.54945167426301,1.27220275399664
1.5530957799631,1.27210625202563
1.55674845611852,1.27213734971203
1.56040972288584,1.27231417555229
1.56407960046905,1.27262359922715
1.56775810911965,1.27307290624095
1.57144526913677,1.27364778440749
1.57514110086729,1.27437731103375
1.57884562470592,1.27527138024888
1.58255886109536,1.27629502336305
1.58628083052638,1.27748949813605
1.59001155353793,1.27884654584027
1.59375105071729,1.28032859636088
1.59749934270013,1.28201718986754
1.60125645017068,1.28382373841429
1.60502239386179,1.28584835072084
1.60879719455509,1.28803049859556
1.61258087308108,1.29038523585142
1.61637345031925,1.29291316542389
1.62017494719819,1.29567781027825
1.62398538469572,1.29856449939873
1.627804783839,1.30170729227818
1.63163316570464,1.30503474304502
1.6354705514188,1.30856841949129
1.63931696215735,1.3123239303554
1.64317241914596,1.3162924216741
1.64703694366022,1.32048116303042
1.65091055702574,1.32492124454538
1.6547932806183,1.32959911863386
1.65868513586395,1.33453864825496
1.66258614423915,1.33972297586162
1.66649632727083,1.34517744932304
1.67041570653658,1.35091543248825
1.67434430366472,1.35693747699178
1.67828214033446,1.36324630823964
1.68222923827597,1.36988645292914
1.68618561927054,1.37681303382936
1.69015130515069,1.38409310484093
1.69412631780027,1.39170748134562
1.69811067915462,1.39970092138179
1.70210441120066,1.4080886155823
1.70610753597702,1.41683922790156
1.71012007557415,1.42598982965408
1.71414205213447,1.43558060609734
1.71817348785247,1.4455736200724
1.72221440497485,1.45609927841292
1.72626482580062,1.46704212407217
1.73032477268122,1.47856735709981
1.73439426802068,1.49058954734499
1.73847333427572,1.50317023762541
1.74256199395586,1.51635496086226
1.74666026962358,1.53013408026888
1.7507681838944,1.54459705958295
1.75488575943705,1.55972961592536
1.75901301897357,1.57559876162316
1.76314998527942,1.59220092454703
1.76729668118365,1.60972955113605
1.77145312956899,1.62799878863836
1.77561935337198,1.64722754486594
1.77979537558313,1.66746130489439
1.78398121924698,1.68871069252536
1.7881769074623,1.7110327254635
1.79238246338217,1.73458787621189
1.79659791021413,1.75936503131692
1.80082327122031,1.78548225994566
1.80505856971752,1.81307097147026
1.80930382907744,1.84221093829596
1.81355907272669,1.8730278708104
1.81782432414702,1.90559607254711
1.82209960687536,1.94018291112275
1.82638494450405,1.97684629853558
1.83068036068087,2.0158123139983
1.83498587910923,2.05727541283225
1.83930152354831,2.10149956096172
1.84362731781313,2.14863666347853
1.84796328577475,2.19914678182171
1.85230945136036,2.25317925280032
1.85666583855343,2.31119469369676
1.86103247139382,2.37362989440079
1.86540937397794,2.44097299201664
1.86979657045888,2.51378049148945
1.87419408504653,2.59277273422927
1.87860194200769,2.67870689051092
1.88302016566628,2.77237157810555
1.8874487804034,2.87508336400252
1.89188781065748,2.98802718308417
1.89633728092446,3.11273570275001
1.90079721575786,3.25112599749679
1.90526763976895,3.40556903752522
1.90974857762691,3.5789840672595
1.9142400540589,3.77488530195639
1.91874209385028,3.99815137680551
1.92325472184465,4.25438269211355
1.92777796294407,4.55204187521248
1.93231184210917,4.9015744041565
1.93685638435928,5.31729361897598
1.94141161477255,5.8207536465315
1.94597755848614,6.44204785841981
1.95055424069632,7.22762105041214
1.9551416866586,8.25347376799378
1.95973992168792,9.64741152941062
1.96434897115874,11.6533028926176
1.96896886050519,14.7820950158457
1.97359961522123,20.3442966998388
1.97824126086077,32.9847374770399
1.98289382303783,89.5971014264752
1.98755732742666,119.398939556985
1.9922317997619,35.408315297791
1.99691726583871,20.6331167670296
2.00161375151291,14.4821954979542
2.00632128270115,11.1109940555312
2.01103988538103,8.98282895726448
2.0157695855912,7.51820228882608
2.02051040943162,6.44820013025527
2.02526238306359,5.63264893265837
2.03002553270994,4.99038477143331
2.03479988465518,4.47191806126429
2.03958546524564,4.04429566891596
2.04438230088962,3.68587905122732
2.04919041805751,3.38104767113087
2.05400984328196,3.11877584654845
2.05884060315804,2.89077597836838
2.06368272434333,2.69075266024461
2.06853623355815,2.51373628751969
2.07340115758564,2.35623527212282
2.07827752327193,2.2150923864846
2.08316535752628,2.08793166120529
2.08806468732125,1.9728257144163
2.09297553969285,1.86812342314267
2.09789794174064,1.77249586568388
2.10283192062793,1.6848046698318
2.10777750358194,1.60417365362415
2.11273471789389,1.52974543897569
2.11770359091919,1.46085444642347
2.12268415007761,1.39692721055728
2.12767642285337,1.33744715794851
2.13268043679537,1.28197028482059
2.13769621951728,1.2301274609749
2.14272379869771,1.18157236390475
2.14776320208037,1.13600505917581
2.15281445747423,1.09316809144036
2.15787759275365,1.05284616706967
2.16295263585855,1.01479905505935
2.16803961479458,0.978875128405594
2.17313855763321,0.94488144255713
2.17824949251198,0.912689392321157
2.18337244763457,0.882155045547163
2.18850745127103,0.853166455037392
2.19365453175784,0.82559827154914
2.19881371749819,0.799373098850609
2.20398503696201,0.774385538970521
2.20916851868623,0.750546312407139
2.21436419127488,0.7277924888708
2.21957208339926,0.706065105806983
2.2247922237981,0.685272725496358
2.23002464127773,0.66537866659958
2.23526936471223,0.646327407721051
2.24052642304356,0.62805640780254
2.24579584528179,0.610534199906875
2.25107766050518,0.59371491829979
2.2563718978604,0.577551457341795
2.26167858656267,0.562018058794729
2.2669977558959,0.547076501880899
2.2723294352129,0.532694919031873
2.27767365393548,0.518845801157575
2.28303044155469,0.505504124799661
2.2883998276309,0.4926388387682
2.29378184179402,0.480226715292536
2.29917651374365,0.468250633799817
2.30458387324922,0.456688093403001
2.31000395015019,0.445517672035424
2.31543677435619,0.434722544664389
2.32088237584721,0.424278074929628
2.32634078467373,0.414180229672571
2.33181203095691,0.404403765761233
2.33729614488876,0.394945527422573
2.34279315673228,0.385781260993704
2.34830309682166,0.37690368904924
2.35382599556243,0.368298073023536
2.35936188343162,0.359952424023734
2.36491079097795,0.351861012444347
2.37047274882198,0.344008691036364
2.37604778765628,0.336386922762388
2.38163593824562,0.328985415854108
2.38723723142711,0.321800403128831
2.3928516981104,0.314821016032321
2.39847936927782,0.308034144944522
2.40412027598456,0.301437920869532
2.40977444935889,0.295022698752033
2.41544192060223,0.288788226443785
2.42112272098943,0.282715449825578
2.42681688186888,0.27680985833501
2.43252443466267,0.271061241298699
2.43824541086684,0.265464781374564
2.44397984205146,0.260013831030908
2.44972775986087,0.254704369629115
2.45548919601385,0.249528591018616
2.46126418230373,0.244488142960857
2.46705275059866,0.239568774944564
2.47285493284171,0.234779938247423
2.4786707610511,0.230106729783531
2.48450026732034,0.225545047932782
2.49034348381841,0.221097982025123
2.49620044278997,0.216758133914679
2.50207117655548,0.212521873774912
2.50795571751147,0.208387237110111
2.5138540981306,0.204349527283417
2.51976635096195,0.20040772684296
2.52569250863111,0.196556136217201
2.53163260384044,0.192793976148491
2.53758666936919,0.189115437733898
2.5435547380737,0.185525976853756
2.5495368428876,0.182013864489276
2.55553301682195,0.178581503183953
2.56154329296548,0.175226212481689
2.56756770448471,0.171943747124934
2.57360628462418,0.168734584874865
2.57965906670662,0.165593823355586
2.58572608413313,0.162523857439166
2.59180737038333,0.159517879521156
2.59790295901564,0.15657642489153
2.60401288366737,0.153697540708378
2.61013717805492,0.150879359849452
2.61627587597404,0.148119681539385
2.62242901129991,0.145417232211072
2.62859661798742,0.142772636025071
2.6347787300713,0.140180504509633
2.64097538166632,0.137642619130574
2.6471866069675,0.135156686889089
2.65341244025026,0.132719421533712
2.65965291587064,0.13033156989932
2.66590806826551,0.127991251886513
2.67217793195267,0.125697635002291
2.67846254153117,0.123448128694267
2.68476193168137,0.121244402952562
2.69107613716524,0.119082963028224
2.69740519282649,0.11696261297598
2.70374913359076,0.114884020476319
2.71010799446587,0.11284571878698
2.71648181054192,0.110844380267258
2.72287061699159,0.108881468227208
2.72927444907026,0.106956004753975
2.73569334211621,0.105065578266494
2.74212733155086,0.103212366471529
2.74857645287891,0.101391379548522
2.75504074168859,0.0996049262861948
2.7615202336518,0.0978504962608433
2.76801496452435,0.0961279601333052
2.77452497014615,0.0944379440541622
2.78105028644139,0.0927779367414686
2.78759094941875,0.0911452685904925
2.7941469951716,0.0895448454502035
2.80071845987819,0.0879702298530249
2.80730537980188,0.086425588750432
2.81390779129128,0.0849054994788629
2.82052573078052,0.0834132691257229
2.8271592347894,0.0819474611245978
2.83380833992361,0.0805050106123412
2.84047308287495,0.0790879650682213
2.84715350042149,0.0776958907575284
2.8538496294278,0.0763267598309588
2.86056150684518,0.0749814575999507
2.86728916971179,0.0736576297081843
2.87403265515294,0.0723568360078556
2.88079200038122,0.0710768380152388
2.88756724269677,0.0698174213278062
2.89435841948743,0.0685799072766434
2.90116556822899,0.0673614512086547
2.90798872648536,0.0661625536798509
2.9148279319088,0.0649837152470366
2.92168322224013,0.0638228897219222
2.92855463530895,0.0626823789654588
2.93544220903378,0.0615576585041638
2.94234598142237,0.0604515149401502
2.94926599057183,0.0593626300792557
2.95620227466886,0.0582898015046333
2.96315487199002,0.0572352001905491
2.97012382090184,0.0561949891763304
2.9771091598611,0.0551711958839858
2.98411092741503,0.0541643494042098
2.99112916220152,0.0531706595199273
2.99816390294932,0.0521929592296257
3.00521518847827,0.0512282860049906
3.01228305769952,0.0502794723853301
3.01936754961571,0.0493442709718529
3.02646870332123,0.0484223900388382
3.03358655800242,0.0475127639097191
3.04072115293775,0.0466176524517455
3.04787252749809,0.0457347790725655
3.05504072114691,0.0448644975894506
3.06222577344048,0.0440065156434863
3.06942772402811,0.043158704124801
3.07664661265235,0.042323086919695
3.08388247914923,0.041500162786139
3.09113536344845,0.0406873386525623
3.09840530557365,0.0398862337654518
3.10569234564259,0.0390950991858654
3.11299652386736,0.0383139736984642
3.12031788055464,0.0375436201171867
3.12765645610591,0.0367829214736563
3.13501229101767,0.0360324886254729
3.14238542588164,0.0352906604007147
3.14977590138504,0.0345583099369024
3.15718375831075,0.0338354895639211
3.16460903753759,0.0331205794596085
3.1720517800405,0.0324142200222266
3.17951202689081,0.0317170180703465
3.18698981925642,0.0310278492838123
3.19448519840209,0.0303457642818733
3.20199820568958,0.0296729502242447
3.20952888257795,0.0290062383740317
3.21707727062379,0.028348065830412
3.22464341148138,0.0276958882706971
3.23222734690301,0.0270513149506338
3.23982911873913,0.0264137630476956
3.24744876893863,0.0257821090963343
3.25508633954907,0.0251568664763991
3.26274187271687,0.0245386505861698
3.27041541068762,0.0239260773016701
3.27810699580622,0.0233181750658403
3.28581667051718,0.0227171340237228
3.29354447736484,0.0221215941990856
3.30129045899358,0.0215315509183686
3.30905465814809,0.0209454969220939
3.31683711767359,0.0203640898539418
3.32463788051605,0.0197881609318599
3.33245698972247,0.0192160479090443
3.34029448844106,0.0186487305597322
3.34815041992153,0.018085565964586
3.3560248275153,0.0175256832502102
3.36391775467574,0.0169698576242334
3.37182924495845,0.0164178052747636
3.37975934202141,0.0158691439613489
3.38770808962534,0.0153229261462517
3.39567553163383,0.0147789479757862
3.40366171201365,0.014238543513131
3.41166667483499,0.0137019988422023
3.41969046427165,0.0131653127790575
3.42773312460136,0.0126319074150999
3.43579470020596,0.012100183919506
3.44387523557168,0.011570003687789
3.45197477528938,0.0110407890451965
3.46009336405478,0.010512662936485
3.46823104666873,0.0099858591572513
3.47638786803742,0.0094588966946829
3.4845638731727,0.00893319203954854
3.49275910719225,0.0084066706797111
3.50097361531985,0.00787947140045703
3.50920744288567,0.00735304439138966
3.51746063532647,0.00682632341900865
3.52573323818589,0.00629600803651191
3.53402529711466,0.00576499872022816
3.54233685787089,0.00523276028319434
3.5506679663203,0.00469819532971298
3.55901866843649,0.00416121099853584
3.56738901030116,0.00362125213221179
3.57577903810443,0.00307735295936769
3.584188798145,0.00253006401136704
3.59261833683051,0.00197920487292474
3.6010677006777,0.00142171637675842
3.60953693631274,0.000860727698679512
3.61802609047147,0.000292963492259905
3.62653520999959,0.000281037911214137
3.63506434185305,0.000861530698943731
3.64361353309816,0.00144992424058527
3.65218283091198,0.00204751407964554
3.66077228258251,0.00265279762749705
3.66938193550895,0.00326822667906001
3.67801183720199,0.00389494870770705
3.68666203528404,0.00453251933263762
3.69533257748954,0.0051833629081562
3.70402351166518,0.00584846525217686
3.71273488577019,0.00652771355083828
3.72146674787656,0.00722168688023223
3.73021914616939,0.00793442626341311
3.73899212894705,0.00866566977347474
3.74778574462156,0.00941729589535066
3.75660004171875,0.010191842648948
3.7654350688786,0.0109898012160485
3.77429087485548,0.0118129266816394
3.78316750851841,0.0126652271648026
3.79206501885139,0.0135495433880741
3.80098345495355,0.0144666809700242
3.80992286603957,0.0154194678745541
3.81888330143981,0.0164130804561348
3.8278648106007,0.0174529833220852
3.83686744308495,0.0185390542221209
3.84589124857181,0.0196800604546151
3.85493627685739,0.0208780561012206
3.86400257785491,0.0221421823531118
3.87309020159498,0.0234794755039158
3.88219919822588,0.0248960519746971
3.89132961801381,0.0264013352433474
3.90048151134322,0.0280065689850932
3.90965492871704,0.029723503883396
3.91884992075698,0.0315725209336716
3.92806653820381,0.0335623281951157
3.93730483191762,0.0357172030586645
3.94656485287815,0.0380619438117159
3.95584665218498,0.0406197049879925
3.96515028105792,0.0434334992930134
3.97447579083724,0.0465411759128441
3.98382323298393,0.0499964480440486
3.99319265908002,0.053871177828825
4.00258412082886,0.0582410431771246
4.01199767005538,0.0632182112191245
4.02143335870644,0.0689493482128921
4.03089123885101,0.0756192804172383
4.04037136268059,0.0834933390019336
4.04987378250934,0.0929305271190746
4.05939855077455,0.104490996960824
4.06894572003677,0.118960217013423
4.07851534298018,0.137619634629775
4.0881074724129,0.162647727737933
4.09772216126719,0.19797484655693
4.10735946259984,0.251734098707606
4.11701942959242,0.343454191345052
4.12670211555157,0.535425427166875
4.13640757390929,1.19252611963072
4.14613585822325,5.65749935834322
4.15588702217709,0.847940510174542
4.16566111958072,0.461074638578966
4.17545820437055,0.31770242374694
4.1852783306099,0.242926831510507
4.19512155248921,0.197028212919611
4.20498792432637,0.165947872131609
4.21487750056704,0.14350278419259
4.2247903357849,0.126518898933798
4.23472648468199,0.113216330189144
4.244686002089,0.10250740785078
4.25466894296559,0.0936983597385673
4.26467536240067,0.0863207634073586
4.2747053156127,0.0800475817079765
4.28475885795002,0.0746440626751364
4.29483604489113,0.0699442970603865
4.30493693204502,0.0658109749819136
4.31506157515147,0.0621486919844251
4.32521003008133,0.058880397080068
4.33538235283686,0.0559441448705796
4.34557859955204,0.0532909065456926
4.35579882649288,0.0508791329729328
4.36604309005768,0.0486794845089239
4.3763114467774,0.0466615342876401
4.38660395331599,0.0448046516474218
4.39692066647061,0.0430892001818105
4.40726164317203,0.0414992265082046
4.41762694048491,0.0400209844967365
4.42801661560811,0.0386420397384326
4.43843072587503,0.0373537797780009
4.44886932875389,0.0361456973153286
4.45933248184808,0.0350108859909657
4.46982024289647,0.03394248959732
4.48033266977372,0.0329349666677225
4.4908698204906,0.0319828980182026
4.5014317531943,0.0310810282058499
4.5120185261688,0.0302259618108598
4.52263019783514,0.0294138200015764
4.53326682675173,0.0286409240757802
4.54392847161475,0.0279048890959055
4.55461519125838,0.0272029357671765
4.56532704465521,0.0265321060211708
4.57606409091651,0.025890822770989
4.58682638929256,0.0252767684270596
4.597613999173,0.0246884864670446
4.60842698008715,0.0241238461195489
4.61926539170432,0.0235818059194116
4.63012929383418,0.0230605599627457
4.64101874642704,0.0225593218930853
4.65193380957422,0.022076310349105
4.66287454350836,0.0216110848924933
4.67384100860375,0.0211622241045039
4.6848332653767,0.0207291494417202
4.69585137448581,0.0203107694670224
4.70689539673238,0.0199063203941659
4.71796539306067,0.0195152417797353
4.7290614245583,0.0191366632334988
4.74018355245656,0.018770066407825
4.75133183813071,0.0184148555957358
4.76250634310041,0.0180704993184781
4.77370712902996,0.0177363574968495
4.78493425772871,0.0174122253433341
4.7961877911514,0.0170972592117074
4.80746779139842,0.0167913610739469
4.81877432071626,0.0164941580762987
4.83010744149779,0.0162049475877136
4.84146721628263,0.0159236722588535
4.85285370775746,0.0156499316359609
4.86426697875641,0.0153834036185137
4.87570709226139,0.015123831212014
4.88717411140242,0.0148708564623047
4.89866809945801,0.0146243053178663
4.91018911985549,0.0143839412764093
4.92173723617134,0.0141494985563336
4.93331251213161,0.0139206415963839
4.94491501161216,0.013697304306525
4.95654479863914,0.013479235561728
4.96820193738925,0.013266316019559
4.97988649219013,0.0130582352727133
4.99159852752071,0.0128549427485365
5.00333810801156,0.0126562034502289
5.01510529844527,0.0124618775975173
5.02690016375678,0.0122718522540152
5.03872276903373,0.0120859106995503
5.05057317951688,0.0119040339997311
5.06245146060038,0.0117259732282013
5.07435767783221,0.011551714554506
5.08629189691451,0.0113810533718171
5.09825418370392,0.0112139382786371
5.11024460421199,0.011050200738625
5.12226322460551,0.0108898389877403
5.13431011120687,0.0107326110459714
5.14638533049449,0.010578521987678
5.15848894910307,0.0104274885843342
5.17062103382409,0.0102793764237731
5.18278165160607,0.0101341360637648
5.19497086955501,0.00999167314923033
5.20718875493472,0.00985185966973165
5.21943537516722,0.00971474704549181
5.23171079783308,0.00958014421018442
5.24401509067182,0.00944801425121749
5.25634832158227,0.00931835061032158
5.26871055862297,0.0091910253314951
5.28110187001248,0.00906600759434528
5.29352232412986,0.00894319377182598
5.30597198951493,0.00882258696579064
5.31845093486875,0.00870411261945147
5.33095922905393,0.00858770196196583
5.34349694109505,0.00847329431849427
5.35606414017903,0.00836089811719347
5.36866089565548,0.00825040061872789
5.38128727703715,0.0081417855989379
5.39394335400025,0.00803500379504817
5.40662919638486,0.00793004024726252
5.41934487419534,0.00782677590893999
5.43209045760064,0.00772526476475292
5.44486601693479,0.00762541596821763
5.45767162269722,0.0075271823971788
5.47050734555314,0.007430564021458
5.483373256334,0.0073354944868423
5.4962694260378,0.00724194914116503
5.50919592582952,0.00714990255128815
5.52215282704155,0.00705933320306516
5.53514020117399,0.00697016274163216
5.54815811989514,0.00688239437029544
5.56120665504182,0.00679598947852698
5.57428587861983,0.00671093339409097
5.58739586280433,0.00662720455919325
5.60053667994016,0.00654476073272332
5.61370840254238,0.00646355680483943
5.62691110329655,0.00638359659983692
5.6401448550592,0.00630484327048378
5.65340973085821,0.00622727027021718
5.66670580389318,0.00615087042177983
5.68003314753591,0.00607559097661933
5.69339183533073,0.00600143918452127
5.70678194099494,0.00592836668657002
5.72020353841923,0.00585638017542844
5.73365670166806,0.0057854418291172
5.74714150498008,0.00571552752256738
5.76065802276853,0.0056466485566748
5.77420632962167,0.00557874147362953
5.78778650030321,0.00551183132781872
5.80139860975263,0.0054458443235271
5.81504273308572,0.00538081000496188
5.82871894559488,0.00531670503415812
5.84242732274963,0.00525350675853089
5.85616794019699,0.00519118102866361
5.86994087376182,0.0051297465049013
5.88374619944741,0.00506916320264578
5.89758399343571,0.00500941517593186
5.91145433208791,0.00495049631339157
5.92535729194475,0.00489240435436334
5.93929294972698,0.00483510261683991
5.95326138233583,0.00477855455534533
5.96726266685334,0.00472282380600736
5.98129688054288,0.00466782834754576
5.9953641008495,0.00461358014118234
6.0094644054004,0.00456006811220133
6.02359787200538,0.00450726606525849
6.03776457865718,0.00445518315008765
6.05196460353201,0.00440379644471161
6.06619802498994,0.00435308714360179
6.08046492157531,0.00430305527506032
6.09476537201721,0.00425368555307713
6.10909945522987,0.00420495894742722
6.12346725031312,0.00415688329808695
6.13786883655285,0.00410943528506691
6.15230429342137,0.00406259677266856
6.16677370057795,0.00401637690546725
6.18127713786917,0.00397076258699207
6.1958146853294,0.00392573201005871
6.21038642318129,0.00388128579348864
6.22499243183608,0.00383740797282541
6.23963279189421,0.00379409825474087
6.25430758414562,0.00375134849409258
6.26901688957028,0.00370913137116387
6.28376078933864,0.00366746638861191
6.29853936481201,0.00362631796903711
6.31335269754307,0.00358569691758222
6.3282008692763,0.00354558865268795
6.34308396194842,0.00350598123282107
6.3580020576889,0.00346687773526223
6.3729552388203,0.00342826222287106
6.38794358785885,0.00339012969898519
6.4029671875148,0.0033524714070746
6.41802612069295,0.00331528588822055
6.4331204704931,0.00327855817842974
6.44825032021045,0.00324228306755956
6.46341575333612,0.00320647109377962
6.47861685355758,0.00317108264223437
6.49385370475913,0.00313613842472982
6.50912639102238,0.00310162216744166
6.52443499662662,0.00306752721095941
6.53977960604943,0.00303384784855005
6.55516030396701,0.00300057987172462
6.57057717525475,0.00296771717756195
6.58603030498765,0.00293525498235383
6.60151977844075,0.0029031874845106
6.61704568108971,0.00287149776480229
6.63260809861118,0.0028402030086551
6.64820711688331,0.00280927317832333
6.66384282198624,0.00277872679843629
6.67951530020254,0.00274853792484663
6.69522463801774,0.00271871094054233
6.71097092212071,0.00268924415541385
6.72675423940427,0.00266012936322475
6.74257467696557,0.00263135472768338
6.75843232210658,0.00260292946946271
6.77432726233464,0.00257483373124929
6.79025958536284,0.00254707504779559
6.8062293791106,0.00251964345315138
6.82223673170413,0.00249253304269285
6.83828173147683,0.00246574382484806
6.85436446696993,0.00243926842139736
6.87048502693283,0.00241310185637996
6.8866435003237,0.00238724177795385
6.90283997630994,0.00236168830051084
6.91907454426859,0.00233642463799214
6.93534729378697,0.00231146194702122
6.95165831466306,0.0022867892919544
6.96800769690603,0.00226239998983031
6.98439553073676,0.00223829591682653
7.00082190658831,0.00221446909280967
7.0172869151064,0.00219091799866779
7.03379064714997,0.00216764040038674
7.05033319379165,0.00214462659064145
7.06691464631824,0.00212187989944781
7.08353509623123,0.00209939303448031
7.10019463524736,0.00207716489131417
7.11689335529899,0.00205518967942857
7.13363134853476,0.00203346868282077
7.15040870732003,0.00201199283785088
7.16722552423735,0.00199076328282348
7.18408189208705,0.00196977486578793
7.20097790388769,0.00194902208047661
7.21791365287661,0.0019285095536235
7.23488923251043,0.00190822330282421
7.25190473646556,0.0018881726076184
7.26896025863875,0.00186834374987097
7.28605589314754,0.00184874380835203
7.30319173433085,0.00182935886020126
7.32036787674949,0.0018101948279067
7.33758441518661,0.00179124496907713
7.35484144464834,0.00177251060248075
7.3721390603642,0.00175398286816329
7.38947735778771,0.00173566516076459
7.40685643259688,0.00171755017238186
7.42427638069472,0.00169963696905133
7.44173729820982,0.001681925927473
7.45923928149683,0.00166441009278593
7.47678242713702,0.00164709214476646
7.49436683193882,0.00162996396064123
7.51199259293832,0.00161302422638264
7.52965980739985,0.00159627568301749
7.54736857281644,0.00157971043874716
7.56511898691048,0.00156332922493733
7.58291114763417,0.00154712817991151
7.60074515317004,0.00153110824022782
7.61862110193158,0.00151526193709229
7.6365390925637,0.00149959054615147
7.65449922394334,0.00148409248143621
7.67250159517999,0.00146876304017
7.69054630561617,0.00145360354333229
7.70863345482813,0.00143860909309559
7.72676314262624,0.00142377831349881
7.74493546905563,0.0014091101497049
7.76315053439676,0.0013946015386087
7.78140843916589,0.00138025373563083
7.79970928411569,0.00136605896759803
7.81805317023579,0.00135202244253404
7.83644019875335,0.00133813467948277
7.85487047113361,0.00132440048416123
7.87334408908038,0.00131081375993172
7.89186115453675,0.00129737560444681
7.91042176968548,0.00128408216923052
7.92902603694973,0.00127093381651478
7.94767405899351,0.00125792702005972
7.96636593872225,0.00124506014244575
7.98510177928348,0.00123233301479301
8.00388168406723,0.00121974283068947
8.02270575670674,0.00120728693421322
8.04157410107901,0.00119496711978038
8.06048682130526,0.00118277840790906
8.07944402175167,0.0011707213203195
8.09844580702982,0.00115879242235114
8.11749228199736,0.00114699355789996
8.13658355175855,0.00113531925375528
8.1557197216648,0.00112376993842661
8.17490089731534,0.00111234493432176
8.19412718455772,0.00110104218755773
8.21339868948847,0.00108985926737733
8.2327155184536,0.00107879641718848
8.25207777804926,0.00106785126058086
8.27148557512231,0.00105702210722855
8.29093901677085,0.00104630853338522
8.31043821034491,0.00103570901058088
8.32998326344699,0.00102522221815556
8.34957428393262,0.00101484520060795
8.36921137991104,0.00100458033797635
8.38889465974569,0.000994423738741345
8.40862423205492,0.00098437364659257
8.42840020571252,0.00097443046312631
8.44822268984833,0.000964592000820553
8.46809179384885,0.000954858199887598
8.48800762735784,0.000945226164896128
8.50797030027693,0.000935696984028433
8.52797992276626,0.000926267513821961
8.54803660524497,0.000916936985231919
8.56814045839197,0.000907704818386689
8.58829159314643,0.000898570356364383
8.60849012070845,0.000889530999447664
8.62873615253966,0.00088058763577045
8.64902980036382,0.000871737252894735
8.66937117616745,0.000862979919466298
8.68976039220047,0.000854314026226904
8.71019756097676,0.000845739521015238
8.73068279527488,0.000837254018621183
8.75121620813854,0.000828857230609791
8.7717979128774,0.000820548876039818
8.79242802306754,0.00081232683396195
8.81310665255221,0.000804190576299205
8.83383391544239,0.000796139148966231
8.8546099261174,0.0007881715566914
8.87543479922563,0.000780287057523664
8.89630864968503,0.000772484366647996
8.91723159268387,0.000764763001480587
8.93820374368135,0.000757121722079108
8.95922521840815,0.00074956013773033
8.98029613286719,0.000742076549618344
9.00141660333416,0.000734670761207475
9.02258674635826,0.000727342401577324
9.04380667876281,0.000720088419153819
9.06507651764582,0.000712910833668308
9.08639638038076,0.000705807183606023
9.10776638461711,0.000698776997442906
9.12918664828107,0.000691819145591978
9.15065728957617,0.000684933367186079
9.17217842698394,0.000678118321443807
9.19375017926458,0.000671374473401791
9.21537266545757,0.000664699417159547
9.23704600488238,0.000658093474275151
9.25877031713911,0.000651555236203638
9.2805457221091,0.000645084994556269
9.30237233995569,0.000638680192309649
9.32425029112478,0.000632341765406737
9.34617969634557,0.000626068363304255
9.36816067663121,0.000619859545470949
9.39019335327942,0.000613714280857871
9.41227784787325,0.000607632068471643
9.43441428228162,0.000601612231710178
9.45660277866013,0.000595654119603498
9.47884345945168,0.000589756790302267
9.50113644738709,0.000583920112026546
9.52348186548587,0.000578143026458074
9.54587983705683,0.000572425007692449
9.5683304856988,0.00056676539965119
9.5908339353013,0.000561163470542801
9.61339031004521,0.000555618863881648
9.63599973440347,0.000550130558478723
9.65866233314176,0.000544698687956841
9.68137823131921,0.000539321871153062
9.70414755428908,0.000533999879204647
9.72697042769939,0.000528731957274706
9.74984697749373,0.000523517823124243
9.77277732991184,0.000518356438462211
9.7957616114904,0.000513247729070832
9.8187999490637,0.000508190937814666
9.84189246976424,0.000503185392473495
9.86503930102364,0.00049823075642997
9.88824057057312,0.000493326338853893
9.91149640644436,0.000488471645121439
9.93480693697017,0.000483666324369369
9.9581722907851,0.000478909370467382
9.98159259682634,0.000474200727639656
10.0050679843342,0.000469539831103622
10.0285985828531,0.000464926067864267
10.052184522232,0.000460358876208227
10.0758259326253,0.000455837890195291
10.0995229444935,0.00045136264132974
10.1232756886039,0.000446932602046531
10.1470842960314,0.000442547184718819
10.1709488981592,0.000438206083346313
10.1948696266793,0.000433908689805839
10.2188466135937,0.000429654627471429
10.2428799912146,0.000425443686994404
10.2669698921656,0.000421274757101694
10.291116449382,0.00041714812158355
10.315319796112,0.000413062708711645
10.3395800659169,0.000409018719003456
10.3638973926723,0.000405015202653139
10.3882719105686,0.000401051952847334
10.4127037541118,0.000397128489304253
10.4371930581243,0.000393244582477303
10.4617399577455,0.00038939961250907
10.4863445884327,0.000385593170762889
10.5110070859617,0.000381824842859515
10.5357275864277,0.00037809447962725
10.5605062262459,0.000374401341537657
10.5853431421524,0.00037074527264093
10.6102384712049,0.000367125731017625
10.6351923507834,0.000363542563113497
10.660204918591,0.000359995115714412
10.6852763126546,0.000356483359847301
10.7104066713258,0.000353006540120927
10.7355961332817,0.000349564554477326
10.7608448375252,0.00034615695054238
10.7861529233865,0.000342783282500595
10.8115205305233,0.000339443402480559
10.8369477989218,0.000336136867712829
10.8624348688973,0.000332863226315622
10.8879818810953,0.000329622365510169
10.913588976492,0.000326413736821344
10.9392562963951,0.000323237042775936
10.9649839824447,0.000320092096756344
10.990772176614,0.000316978433567924
11.01662102121,0.000313895771388294
11.0425306588748,0.00031084375991694
11.0685012325853,0.000307822078638329
11.0945328856553,0.000304830560776853
11.1206257617353,0.000301868655651666
11.1467800048137,0.000298936264842007
11.1729957592176,0.000296033002845162
11.1992731696135,0.000293158581201204
11.2256123810082,0.000290312707699521
11.2520135387494,0.0002874949697214
11.2784767885268,0.000284705315390609
11.3050022763727,0.000281943285464506
11.3315901486627,0.000279208629346788
11.3582405521169,0.000276501072502889
11.3849536338002,0.000273820335747303
11.4117295411236,0.000271166190389232
11.4385684218448,0.000268538296461608
11.4654704240687,0.000265936415961839
11.4924356962489,0.000263360286612699
11.519464387188,0.000260809645147633
11.5465566460384,0.000258284234657207
11.5737126223035,0.000255783799685369
11.6009324658382,0.000253308035420278
11.6282163268501,0.00025085675971028
11.6555643558996,0.000248429668806848
11.6829767039015,0.000246026585255938
11.7104535221256,0.000243647217375317
11.7379949621972,0.000241291322045811
11.7656011760985,0.000238958649018537
11.7932723161689,0.000236648960487779
11.8210085351061,0.000234362112407105
11.8488099859672,0.000232097766460378
11.8766768221689,0.000229855725798416
11.904609197489,0.000227635791916309
11.9326072660667,0.000225437715760952
11.960671182404,0.00022326123259373
11.9888011013661,0.000221106231855713
12.0169971781825,0.000218972428074144
12.0452595684476,0.000216859592247545
12.073588428122,0.000214767542503252
12.1019839135329,0.000212696054439099
12.1304461813753,0.000210644932213001
12.1589753887126,0.000208613955727288
12.1875716929777,0.000206602927110719
12.2162352519736,0.000204611652023411
12.2449662238747,0.000202639925133115
12.2737647672272,0.000200687553792711
12.3026310409502,0.00019875434192565
12.3315652043366,0.000196840103984839
12.3605674170539,0.000194944613095499
12.3896378391452,0.000193067713914455
12.4187766310298,0.000191209204275275
12.4479839535046,0.000189368926071548
12.4772599677444,0.000187546681090981
12.5066048353032,0.000185742268225655
12.5360187181148,0.00018395552004549
12.5655017784942,0.000182186271693647
12.5950541791376,0.000180434333860402
12.6246760831244,0.000178699549904735
12.6543676539171,0.000176981719405368
12.6841290553629,0.000175280686179663
12.7139604516944,0.000173596292741861
12.7438620075301,0.000171928371986274
12.773833887876,0.000170276743538248
12.8038762581261,0.000168641246641327
12.8339892840633,0.000167021728577159
12.8641731318604,0.000165418018483542
12.8944279680811,0.000163829975449982
12.9247539596809,0.000162257422160768
12.9551512740076,0.000160700218548672
12.9856200788031,0.000159158207618649
13.0161605422034,0.000157631231883583
13.0467728327401,0.000156119151005361
13.0774571193412,0.00015462180589675
13.1082135713318,0.000153139061913033
13.1390423584355,0.00015167076140358
13.1699436507749,0.000150216768720271
13.2009176188726,0.000148776941628859
13.2319644336526,0.000147351127056475
13.2630842664405,0.000145939193920966
13.2942772889652,0.000144541007505214
13.3255436733591,0.000143156431102296
13.3568835921597,0.000141785317003205
13.3882972183103,0.000140427542579782
13.4197847251607,0.000139082974109
13.4513462864686,0.000137751477409425
13.4829820764004,0.000136432926974977
13.5146922695319,0.000135127187837036
13.5464770408497,0.000133834136236952
13.5783365657517,0.000132553644441672
13.6102710200486,0.000131285590057874
13.6422805799644,0.000130029852160887
13.6743654221375,0.000128786297235443
13.706525723622,0.000127554824023053
13.7387616618882,0.000126335294018337
13.7710734148236,0.00012512759368515
13.8034611607346,0.000123931615330592
13.8359250783464,0.000122747231014463
13.868465346805,0.00012157433198888
13.9010821456773,0.000120412798966927
13.9337756549528,0.000119262535180891
13.9665460550443,0.000118123413914712
13.9993935267887,0.000116995325511628
14.0323182514485,0.00011587816402633
14.0653204107123,0.000114771824797588
14.0984001866961,0.000113676196263783
14.1315577619441,0.000112591177846128
14.1647933194299,0.000111516658730901
14.1981070425574,0.000110452537265701
14.231499115162,0.000109398710350621
14.2649697215112,0.000108355077073677
14.2985190463061,0.000107321539920841
14.3321472746819,0.000106298004470993
14.3658545922096,0.000105284353652386
14.3996411848964,0.000104280509829813
14.4335072391869,0.000103286364236463
14.4674529419644,0.000102301811199829
14.5014784805516,0.000101326790823548
14.5355840427117,0.000100361178179031
14.5697698166497,9.94048901769286e-05
14.604035991013,9.84578434801953e-05
14.6383827548929,9.75199233355533e-05
14.6728102978252,9.65910719402459e-05
14.7073188097916,9.56711788924494e-05
14.7419084812205,9.476015624044e-05
14.7765795029884,9.38579290212413e-05
14.8113320664204,9.29644032559915e-05
14.8461663632918,9.20794994031481e-05
14.8810825858289,9.12031234459195e-05
14.9160809267099,9.03351867927613e-05
14.9511615790664,8.94756250928304e-05
14.9863247364841,8.86243471326846e-05
15.021570593004,8.77812696117215e-05
15.0568993431236,8.69463072149643e-05
15.0923111817974,8.61193998595713e-05
15.127806304439,8.53004533607119e-05
15.1633849069211,8.44893875830836e-05
15.1990471855774,8.36861291375187e-05
15.2347933372031,8.28905977306643e-05
15.2706235590564,8.21027327464908e-05
15.3065380488593,8.13224558087148e-05
15.342537004799,8.05496673274622e-05
15.3786206255287,7.97843270114688e-05
15.4147891101687,7.90263418549314e-05
15.4510426583077,7.82756370483985e-05
15.487381470004,7.75321618969994e-05
15.5238057457861,7.6795828285736e-05
15.5603156866541,7.60665750859418e-05
15.5969114940813,7.53443290237394e-05
15.6335933700142,7.46290211641803e-05
15.6703615168747,7.39206016068172e-05
15.7072161375606,7.32189682772904e-05
15.7441574354469,7.2524066827215e-05
15.781185614387,7.18358613463982e-05
15.8183008787136,7.11542378132551e-05
15.8555034332401,7.04791761847968e-05
15.8927934832614,6.98105905551511e-05
15.9301712345554,6.91484165148635e-05
15.9676368933839,6.84925943892813e-05
16.0051906664939,6.78430773100507e-05
16.0428327611185,6.71997934104398e-05
16.0805633849782,6.65626581976841e-05
16.1183827462821,6.59316354581023e-05
16.1562910537289,6.53066699737364e-05
16.1942885165082,6.4687709117732e-05
16.2323753443017,6.40746608871506e-05
16.2705517472839,6.34674970625786e-05
16.308817936124,6.28661618344686e-05
16.3471741219864,6.22705747142377e-05
16.3856205165321,6.16806891489128e-05
16.4241573319202,6.10964577085185e-05
16.4627847808084,6.05178289230225e-05
16.5015030763549,5.99447353850132e-05
16.540312432219,5.93771243288737e-05
16.5792130625624,5.88149621423846e-05
16.6182051820507,5.82581694884748e-05
16.6572890058544,5.77067027815343e-05
16.6964647496498,5.71605199957373e-05
16.7357326296206,5.6619564857763e-05
16.775092862459,5.60837807009686e-05
16.8145456653666,5.55531190149756e-05
16.8540912560562,5.50275326693478e-05
16.8937298527522,5.45069805782605e-05
16.9334616741925,5.39913894748356e-05
16.9732869396294,5.34807368341736e-05
17.0132058688308,5.29749684005765e-05
17.0532186820816,5.24740343076659e-05
17.0933256001846,5.19778826144534e-05
17.1335268444621,5.14864765710422e-05
17.1738226367566,5.09997688091251e-05
17.2142131994327,5.0517692554797e-05
17.2546987553779,5.00402365644791e-05
17.2952795280036,4.95673410340307e-05
17.335955741247,4.90989546067038e-05
17.3767276195718,4.86350379782902e-05
17.4175953879696,4.81755619378893e-05
17.4585592719613,4.77204597081501e-05
17.4996194975979,4.72697015988057e-05
17.5407762914624,4.68232565660179e-05
17.5820298806704,4.6381057687847e-05
17.6233804928718,4.59430929078184e-05
17.6648283562519,4.55092893978432e-05
17.7063736995326,4.50796296569788e-05
17.7480167519738,4.46540730575699e-05
17.7897577433745,4.42325611122377e-05
17.8315969040741,4.38150843339926e-05
17.873534464954,4.34015775133816e-05
17.9155706574383,4.29920245860634e-05
17.9577057134957,4.25863567790803e-05
17.99993986564,4.2184557461949e-05
18.0422733469322,4.17865945270845e-05
18.0847063909814,4.13924209472225e-05
18.1272392319461,4.10020070117007e-05
18.1698721045353,4.06153103435818e-05
18.2126052440103,4.0232291867148e-05
18.2554388861855,3.98529210812286e-05
18.2983732674301,3.94771702015954e-05
18.3414086246689,3.91049872609685e-05
18.3845451953843,3.87363512036226e-05
18.4277832176168,3.83712295468641e-05
18.4711229299672,3.80095753878904e-05
18.5145645715971,3.7651364621684e-05
18.5581083822307,3.72965655280211e-05
18.6017546021561,3.694514270058e-05
18.6455034722263,3.65970610479155e-05
18.6893552338609,3.62522942453353e-05
18.7333101290474,3.59108034049812e-05
18.7773684003421,3.55725568549983e-05
18.8215302908722,3.52375266024605e-05
18.8657960443362,3.4905681706799e-05
18.9101659050062,3.45770025800366e-05
18.9546401177285,3.42514344435113e-05
18.9992189279254,3.3928974785505e-05
19.0439025815962,3.36095657728594e-05
19.0886913253191,3.32931960704815e-05
19.1335854062519,3.29798374104265e-05
19.1785850721339,3.26694463963803e-05
19.2236905712869,3.23620087284708e-05
19.2689021526167,3.20574981242234e-05
19.3142200656147,3.17558745239226e-05
19.3596445603589,3.14571103969336e-05
19.4051758875154,3.11611918482032e-05
19.4508142983401,3.08680752237456e-05
19.4965600446794,3.05777526174724e-05
19.5424133789725,3.02901746050252e-05
19.588374554252,3.00053304190013e-05
19.6344438241455,2.97231958914193e-05
19.6806214428774,2.94437270907562e-05
19.7269076652699,2.91669157510581e-05
19.7733027467444,2.88927309284035e-05
19.819806943323,2.86211439813488e-05
19.8664205116301,2.83521373921463e-05
19.9131437088936,2.80856789345152e-05
19.9599767929463,2.78217509797395e-05
20.0069200222273,2.75603261643708e-05
20.0539736557838,2.73013796647125e-05
20.101137953272,2.70448807532183e-05
20.1484131749588,2.67908305260305e-05
20.1957995817234,2.65391714017097e-05
20.2432974350583,2.62899055416867e-05
20.2909069970711,2.60429982147944e-05
20.338628530486,2.5798434158757e-05
20.3864622986447,2.55561858463798e-05
20.4344085655088,2.53162341409606e-05
20.4824675956602,2.50785552749007e-05
20.5306396543033,2.48431268363316e-05
20.5789250072662,2.46099258983574e-05
20.6273239210022,2.43789335075633e-05
20.6758366625912,2.41501399800141e-05
20.7244634997412,2.39235042769372e-05
20.7732047007901,2.36990134872952e-05
20.8220605347065,2.34766528164662e-05
20.8710312710918,2.3256388691707e-05
20.9201171801815,2.30382170892993e-05
20.9693185328466,2.28221060232787e-05
21.018635600595,2.26080429586073e-05
21.0680686555734,2.23960026556485e-05
21.1176179705685,2.21859711725983e-05
21.1672838190084,2.19779276211518e-05
21.2170664749644,2.17718513448441e-05
21.2669662131523,2.1567727674636e-05
21.3169833089342,2.13655291661139e-05
21.3671180383195,2.11652432572212e-05
21.417370677967,2.09668484977165e-05
21.467741505186,2.07703371208102e-05
21.5182307979381,2.05756781983314e-05
21.5688388348386,2.03828692813611e-05
21.619565895158,2.01918719839207e-05
21.6704122588237,2.00026844668834e-05
21.7213782064215,1.98152824058942e-05
21.7724640191968,1.96296544834073e-05
21.8236699790568,1.94457775837176e-05
21.8749963685716,1.92636442429449e-05
21.9264434709758,1.90832229694007e-05
21.9780115701702,1.89045132472886e-05
22.0297009507232,1.87274894137657e-05
22.0815118978726,1.85521389155469e-05
22.133444697527,1.83784415124412e-05
22.1854996362674,1.82063876491513e-05
22.2376770013487,1.80359600835877e-05
22.2899770807015,1.78671396381818e-05
22.3424001629337,1.76999078135233e-05
22.3949465373317,1.75342606744136e-05
22.4476164938625,1.73701781633503e-05
22.5004103231748,1.7207636869891e-05
22.5533283166011,1.70466435472784e-05
22.606370766159,1.68871562083952e-05
22.6595379645529,1.67291759427503e-05
22.7128302051756,1.65726936166867e-05
22.7662477821099,1.64176856222041e-05
22.8197909901301,1.62641338057722e-05
22.8734601247042,1.61120353915169e-05
22.9272554819946,1.59613697722825e-05
22.9811773588606,1.5812128956699e-05
23.0352260528594,1.56642887291359e-05
23.0894018622482,1.55178492022517e-05
23.1437050859857,1.53727886319305e-05
23.1981360237335,1.52290934487212e-05
23.2526949758582,1.5086759710278e-05
23.3073822434325,1.49457572207926e-05
23.3621981282376,1.48060926008001e-05
23.4171429327642,1.46677382747653e-05
23.4722169602144,1.45306930007612e-05
23.5274205145035,1.43949389456203e-05
23.5827539002615,1.42604647283817e-05
23.6382174228348,1.4127255965304e-05
23.6938113882881,1.39953007174799e-05
23.7495361034058,1.38645872869554e-05
23.8053918756938,1.37351094933769e-05
23.8613790133813,1.3606845130168e-05
23.9174978254223,1.34797980887724e-05
23.9737486214977,1.33539407657732e-05
24.0301317120162,1.32292685979866e-05
24.0866474081171,1.310577277579e-05
24.1432960216712,1.29834391634015e-05
24.2000778652827,1.28622604859499e-05
24.256993252291,1.27422185530432e-05
24.3140424967728,1.26233086306048e-05
24.3712259135431,1.25055143988811e-05
24.4285438181573,1.23888313533546e-05
24.4859965269131,1.22732442990211e-05
24.5435843568521,1.21587491841262e-05
24.6013076257613,1.20453258810007e-05
24.6591666521756,1.19329785678785e-05
24.7171617553784,1.1821679592683e-05
24.7752932554044,1.17114319776256e-05
24.8335614730411,1.16022204959017e-05
24.8919667298301,1.14940342120789e-05
24.9505093480694,1.13868701796262e-05
25.009189650815,1.12807073831691e-05
25.0680079618827,1.11755487560558e-05
25.1269646058499,1.10713795302586e-05
25.1860599080571,1.09681848948377e-05
25.2452941946105,1.08659649029505e-05
25.3046677923826,1.07647042320181e-05
25.3641810290151,1.06643920236707e-05
25.4238342329202,1.05650265285227e-05
25.4836277332825,1.04665891527339e-05
25.5435618600606,1.03690834835111e-05
25.6036369439893,1.02724934917009e-05
25.6638533165812,1.01768072161174e-05
25.7242113101287,1.00820261816669e-05
25.7847112577054,9.98813193223503e-06
25.8453534931686,9.89511826957669e-06
25.9061383511604,9.80298131172916e-06
25.9670661671103,9.71170727959569e-06
26.0281372772366,9.62129106770258e-06
26.0893520185481,9.53172233953027e-06
26.1507107288465,9.44300185500276e-06
26.2122137467278,9.35511023419827e-06
26.2738614115843,9.26803770093467e-06
26.3356540636068,9.18179163500259e-06
26.3975920437858,9.09635195240677e-06
26.4596756939139,9.01171126765773e-06
26.5219053565877,8.92787163420411e-06
26.5842813752094,8.84481263901904e-06
26.6468040939888,8.76253645088911e-06
26.7094738579453,8.68103117978678e-06
26.7722910129097,8.60029200496671e-06
26.8352559055264,8.52030726420695e-06
26.8983688832546,8.44107619089858e-06
26.961630294371,8.36259022373148e-06
27.0250404879714,8.28483591157446e-06
27.0885998139725,8.20780952510684e-06
27.1523086231139,8.13151175760605e-06
27.2161672669604,8.05592638557075e-06
27.2801760979034,7.98105187477283e-06
27.3443354691629,7.90687765768478e-06
27.4086457347902,7.83339920530046e-06
27.4731072496686,7.76060994702343e-06
27.5377203695165,7.68850293053329e-06
27.6024854508888,7.61706958994425e-06
27.6674028511788,7.54630793547372e-06
27.7324729286207,7.4762114830432e-06
27.7976960422908,7.40676919694264e-06
27.8630725521101,7.33797833006448e-06
27.9286028188462,7.26983357614707e-06
27.9942872041151,7.20232536271051e-06
28.0601260703831,7.13545037078686e-06
28.126119780969,7.06920238406858e-06
28.1922687000465,7.00357461626733e-06
28.2585731926453,6.9385608224749e-06
28.3250336246537,6.87415773958186e-06
28.3916503628208,6.81035596636862e-06
28.4584237747578,6.74715385628489e-06
28.5253542289409,6.68454342635922e-06
28.5924420947127,6.62251809096863e-06
28.6596877422843,6.5610731304046e-06
28.7270915427379,6.50020563051353e-06
28.7946538680281,6.43990677027014e-06
28.8623750909842,6.38017183531688e-06
28.9302555853128,6.32099596395198e-06
28.998295725599,6.26237693268431e-06
29.066495887309,6.20430211991937e-06
29.1348564467921,6.14677285164778e-06
29.2033777812826,6.08978328684036e-06
29.2720602689021,6.03332504299553e-06
29.3409042886616,5.9773960606008e-06
29.4099102204633,5.92198968890082e-06
29.4790784451028,5.86710178015402e-06
29.5484093442715,5.81272622769848e-06
29.6179033005586,5.75886131947506e-06
29.6875606974526,5.70549925540009e-06
29.7573819193444,5.65263760152747e-06
29.8273673515288,5.60026818911284e-06
29.8975173802065,5.54838936596962e-06
29.9678323924869,5.49699562000678e-06
30.0383127763897,5.44608279520731e-06
30.108958920847,5.39564562302532e-06
30.1797712157057,5.34568009804603e-06
30.2507500517296,5.29618201169462e-06
30.3218958206017,5.2471457646242e-06
30.3932089149258,5.1985692684109e-06
30.4646897282294,5.15044430157401e-06
30.5363386549653,5.10277036006512e-06
30.6081560905141,5.05554227276591e-06
30.6801424311864,5.00875407445844e-06
30.7522980742246,4.96240477237348e-06
30.8246234178056,4.91648911727612e-06
30.8971188610426,4.87099899176956e-06
30.9697848039874,4.8259369512459e-06
31.0426216476331,4.78129439473409e-06
31.1156297939154,4.737069054533e-06
31.1888096457155,4.6932564389032e-06
31.262161606862,4.64985270151361e-06
31.3356860821334,4.60685466025132e-06
31.4093834772603,4.5642571346957e-06
31.4832541989272,4.52205992249076e-06
31.5572986547753,4.48025365025787e-06
31.6315172534044,4.4388391159728e-06
31.7059104043753,4.39781133195833e-06
31.7804785182122,4.35716740696159e-06
31.8552220064045,4.31690033385776e-06
31.9301412814096,4.27701111710334e-06
32.0052367566548,4.23749108165464e-06
32.0805088465398,4.19834290443345e-06
32.1559579664391,4.15955811445097e-06
32.2315845327036,4.12113694066412e-06
32.3073889626639,4.08307252241247e-06
32.3833716746319,4.04536381239292e-06
32.4595330879033,4.00800712398662e-06
32.5358736227601,3.9709975107608e-06
32.6123937004724,3.9343336955784e-06
32.6890937433015,3.89801165770055e-06
32.7659741745014,3.8620296376643e-06
32.8430354183217,3.82638105532173e-06
32.9202779000101,3.79106627412659e-06
32.9977020458138,3.75607934665511e-06
33.075308282983,3.72142076674802e-06
33.1530970397724,3.68708263320704e-06
33.2310687454442,3.65306548736233e-06
33.3092238302699,3.61936598840193e-06
33.3875627255331,3.58597986159742e-06
33.4660858635316,3.55290509804574e-06
33.5447936775801,3.52013719517153e-06
33.6236866020122,3.48767591721417e-06
33.7027650721831,3.45551711115177e-06
33.7820295244718,3.42365681924776e-06
33.8614803962839,3.39209400249285e-06
33.9411181260532,3.36082519524765e-06
34.0209431532451,3.3298460432751e-06
34.1009559183584,3.29915722826049e-06
34.1811568629278,3.26875341704886e-06
34.2615464295267,3.23863292715166e-06
34.342125061769,3.20879249043629e-06
34.4228932043123,3.17923023204756e-06
34.5038513028598,3.14994239892912e-06
34.5849998041627,3.12092707661795e-06
34.6663391560234,3.09218255480554e-06
34.747869807297,3.06370518816875e-06
34.8295922078946,3.03549233209857e-06
34.9115068087853,3.00754216064406e-06
34.9936140619987,2.97985185356008e-06
35.0759144206277,2.95241994969847e-06
35.1584083388306,2.92524247179304e-06
35.2410962718341,2.89831789586521e-06
35.3239786759354,2.87164402451703e-06
35.4070560085047,2.84521706127248e-06
35.4903287279882,2.81903633243095e-06
35.5737972939098,2.79309957978984e-06
35.6574621668748,2.76740334053121e-06
35.7413238085713,2.74194619056173e-06
35.8253826817734,2.71672569441412e-06
35.9096392503435,2.6917394911141e-06
35.994093979235,2.66698528491041e-06
36.0787473344948,2.64246177084627e-06
36.1635997832659,2.6181654969736e-06
36.24865179379,2.59409387356935e-06
36.33390383541,2.5702479818735e-06
36.4193563785724,2.54662292090557e-06
36.5050098948306,2.52321659524633e-06
36.5908648568467,2.50002807745631e-06
36.6769217383945,2.47705449605538e-06
36.763181014362,2.45429444731134e-06
36.8496431607543,2.43174539629293e-06
36.9363086546958,2.40940681439836e-06
37.0231779744329,2.38727409846518e-06
37.1102515993372,2.36534821951901e-06
37.1975300099074,2.34362458487708e-06
37.2850136877722,2.3221032190346e-06
37.3727031156933,2.30078150179589e-06
37.4605987775677,2.27965762940617e-06
37.5487011584303,2.25872858700957e-06
37.6370107444569,2.23799482860177e-06
37.7255280229667,2.21745238686792e-06
37.814253482425,2.19710154554133e-06
37.9031876124459,2.17693864782587e-06
37.9923309037949,2.15696346919556e-06
38.081683848392,2.1371728253408e-06
38.1712469393138,2.11756597427908e-06
38.2610206707967,2.09814009313935e-06
38.3510055382397,2.07889512578159e-06
38.4412020382064,2.05982885112125e-06
38.5316106684287,2.04093774835962e-06
38.6222319278089,2.02222221219028e-06
38.7130663164227,2.00368090762327e-06
38.804114335522,1.98531057438601e-06
38.8953764875373,1.96711027377217e-06
38.9868532760811,1.94907862340716e-06
39.0785452059501,1.93121431051341e-06
39.1704527831283,1.91351469683375e-06
39.2625765147897,1.8959790861131e-06
39.3549169093011,1.87860609593109e-06
39.4474744762249,1.86139391409107e-06
39.5402497263219,1.84434066954192e-06
39.6332431715542,1.82744563577591e-06
39.726455325088,1.81070658473488e-06
39.8198867012962,1.79412182710726e-06
39.9135378157617,1.77769068242551e-06
40.0074091852798,1.76141196628214e-06
40.1015013278613,1.74528336208737e-06
40.1958147627353,1.72930378649041e-06
40.2903500103521,1.71347256768337e-06
40.3851075923859,1.69778692185431e-06
40.4800880317378,1.68224645957914e-06
40.575291852539,1.66684952987073e-06
40.6707195801531,1.65159446350319e-06
40.7663717411792,1.63648049727401e-06
40.8622488634551,1.62150622116751e-06
40.9583514760601,1.606670086754e-06
41.0546801093175,1.59197118814726e-06
41.1512352947982,1.57740799581233e-06
41.2480175653229,1.56297863850714e-06
41.3450274549658,1.54868263605091e-06
41.4422654990569,1.53451856580106e-06
41.5397322341853,1.52048479042389e-06
41.6374281982023,1.50658106835672e-06
41.7353539302238,1.49280485234459e-06
41.8335099706339,1.47915605814892e-06
41.9318968610874,1.46563296840969e-06
42.0305151445132,1.45223433260129e-06
42.1293653651171,1.43895900663807e-06
42.2284480683845,1.42580610068647e-06
42.3277638010841,1.41277433240822e-06
42.4273131112702,1.39986250741959e-06
42.5270965482862,1.38706908507121e-06
42.6271146627677,1.37439405385377e-06
42.7273680066449,1.36183545771376e-06
42.8278571331464,1.34939210296411e-06
42.9285825968016,1.33706324873204e-06
43.0295449534444,1.32484754460715e-06
43.1307447602159,1.31274427772749e-06
43.2321825755673,1.30075224924804e-06
43.3338589592635,1.28887037117638e-06
43.4357744723855,1.27709747100737e-06
43.5379296773343,1.26543265226835e-06
43.6403251378335,1.25387471813482e-06
43.7429614189322,1.24242320796561e-06
43.8458390870089,1.23107636953427e-06
43.9489587097736,1.2198337441803e-06
44.0523208562719,1.20869389091625e-06
44.1559260968878,1.19765620695359e-06
44.2597750033462,1.18671952149278e-06
44.3638681487173,1.17588317414423e-06
44.4682061074184,1.16514582128702e-06
44.5727894552185,1.1545067327564e-06
44.6776187692402,1.14396460451633e-06
44.7826946279634,1.1335193119272e-06
44.888017611229,1.12316894340167e-06
44.9935883002411,1.11291319164185e-06
45.0994072775708,1.10275103963318e-06
45.2054751271597,1.09268160177602e-06
45.3117924343222,1.08270415539814e-06
45.4183597857498,1.07281725287347e-06
45.5251777695135,1.06302048805234e-06
45.6322469750673,1.05331295181357e-06
45.7395679932519,1.04369366210102e-06
45.8471414162973,1.03416180284203e-06
45.9549678378264,1.02471643443685e-06
46.0630478528581,1.01535663053056e-06
46.1713820578109,1.00608187815762e-06
46.279971050506,9.96891320588965e-07
46.3888154301704,9.8778381736803e-07
46.4979157974407,9.78758620467559e-07
46.6072727543657,9.69814993500444e-07
46.7168869044104,9.60952294787772e-07
46.8267588524593,9.52169414491682e-07
46.9368892048191,9.43465680667257e-07
47.0472785692226,9.34840318599068e-07
47.1579275548319,9.26292446892838e-07
47.2688367722417,9.17821412843205e-07
47.3800068334832,9.09426384239589e-07
47.4914383520262,9.0110636934393e-07
47.603131942784,8.9286077605977e-07
47.7150882221158,8.84688897107115e-07
47.8273078078303,8.76589984741235e-07
47.9397913191895,8.68563001264583e-07
48.0525393769116,8.60607364028152e-07
48.1655526031748,8.52722299112403e-07
48.2788316216202,8.44907025095467e-07
48.3923770573561,8.3716081422434e-07
48.506189536961,8.29482724182356e-07
48.6202696884864,8.21872204893752e-07
48.7346181414616,8.14328445709208e-07
48.849235526896,8.06850585330287e-07
48.9641224772833,7.99437881089238e-07
49.0792796266048,7.92089672150972e-07
49.1947076103324,7.84805003704273e-07
49.3104070654331,7.77583229575661e-07
49.4263786303716,7.70423501096583e-07
49.5426229451144,7.63325060173923e-07
49.659140651133,7.56287072274829e-07
49.7759323914074,7.4930873501442e-07
49.8929988104303,7.42389227129573e-07
50.0103405542095,7.35527708387689e-07
50.1279582702726,7.28723357234868e-07
50.2458526076701,7.21975256299105e-07
50.3640242169786,7.15282557622581e-07
50.4824737503052,7.08644361996477e-07
50.6012018612905,7.02059730634794e-07
50.7202092051122,6.95527662169536e-07
50.8394964384891,6.89047242431828e-07
50.9590642196845,6.8261743263475e-07
51.0789132085099,6.76237052097126e-07
51.1990440663284,6.69905140604449e-07
51.3194574560587,6.6362049276507e-07
51.4401540421785,6.57381887381351e-07
51.5611344907283,6.51187946594633e-07
51.6823994693152,6.45037401028494e-07
51.803949647116,6.38928739353044e-07
51.9257856948817,6.32860551808989e-07
52.0479082849409,6.26830884703071e-07
52.1703180912029,6.20838118775281e-07
52.2930157891625,6.14880210739448e-07
52.4160020559028,6.08954875433702e-07
52.5392775700996,6.03059959278214e-07
52.6628430120247,5.97192974627963e-07
52.7866990635497,5.91350449772409e-07
52.9108464081502,5.85529376585372e-07
53.0352857309088,5.79726157100865e-07
53.1600177185197,5.73936368462387e-07
53.2850430592921,5.68155424504406e-07
53.4103624431536,5.62377333446916e-07
53.535976561655,5.56595586653668e-07
53.661886107973,5.50803027836853e-07
53.788091776915,5.4498997768147e-07
53.9145942649223,5.39145878884358e-07
54.0413942700739,5.33257802190998e-07
54.1684924920912,5.27309455232417e-07
54.2958896323406,5.21280595089935e-07
54.4235863938383,5.15146216557963e-07
54.5515834812541,5.08874315202736e-07
54.6798816009147,5.02422509675862e-07
54.8084814608084,4.95738899829274e-07
54.9373837705881,4.88747031454404e-07
55.0665892415762,4.81342823011718e-07
55.1960985867678,4.73379955164749e-07
55.3259125208348,4.6463911445459e-07
55.4560317601301,4.54781905425308e-07
55.5864570226911,4.43252678973968e-07
55.7171890282443,4.2907206095438e-07
55.8482284982088,4.10342287487532e-07
55.9795761556999,3.82839679954934e-07
56.1112327255343,3.34836812763237e-07
56.243198934233,2.17311366140201e-07
56.3754755100255,7.83076611013167e-07
56.5080631828544,8.96543136685767e-07
56.6409626843787,6.44603306053659e-07
56.7741747479786,5.73348263384865e-07
56.9077001087585,5.38009167617523e-07
57.0415395035521,5.15892784119514e-07
57.175693670926,5.00112450655285e-07
57.3101633511836,4.87864046467618e-07
57.4449492863698,4.77795777010887e-07
57.580052220274,4.69168925678302e-07
57.7154728984356,4.61551508522747e-07
57.8512120681472,4.54671773504007e-07
57.9872704784586,4.48347572950023e-07
58.1236488801819,4.42458971295193e-07
58.2603480258942,4.36915215454036e-07
58.3973686699432,4.31655618052632e-07
58.5347115684506,4.26629422553733e-07
58.6723774793162,4.21802297051779e-07
58.8103671622226,4.17146014376273e-07
58.9486813786387,4.12637336719445e-07
59.0873208918244,4.08258779920447e-07
59.226286466835,4.03995727568367e-07
59.3655788705245,3.99836212163112e-07
59.5051988715512,3.95770372750732e-07
59.6451472403804,3.91791122498273e-07
59.7854247492899,3.87890605882654e-07
59.9260321723739,3.84062507288811e-07
60.0669702855467,3.80302915023479e-07
60.208239866548,3.76606875333725e-07
60.349841694946,3.72970628899292e-07
60.4917765521429,3.69390783794187e-07
60.6340452213786,3.65864445356174e-07
60.7766484877346,3.62388996974061e-07
60.9195871381394,3.58962355279745e-07
61.0628619613718,3.55582650043223e-07
61.206473748066,3.52247420560302e-07
61.3504232907156,3.48955694335945e-07
61.4947113836779,3.45705303830139e-07
61.6393388231786,3.42495237767381e-07
61.7843064073158,3.39324350573169e-07
61.9296149360649,3.36191137794298e-07
62.0752652112827,3.33094604961385e-07
62.2212580367114,3.30033801409855e-07
62.3675942179841,3.27007961599909e-07
62.5142745626286,3.24016528889158e-07
62.6612998800713,3.21058388454942e-07
62.8086709816428,3.18132406209834e-07
62.9563886805817,3.15238589157691e-07
63.1044537920395,3.12375486343884e-07
63.2528671330841,3.09543196143784e-07
63.4016295227057,3.06740867219459e-07
63.5507417818207,3.0396816713721e-07
63.7002047332756,3.01223984451635e-07
63.8500192018527,2.98508818871897e-07
64.0001860142735,2.95820961568018e-07
64.1507059992045,2.93160763342951e-07
64.3015799872609,2.90527720803338e-07
64.4528088110109,2.87921085053748e-07
64.6043933049816,2.85340914211542e-07
64.756334305662,2.82786348581773e-07
64.908632651509,2.80257266030575e-07
65.0612891829514,2.77753147448932e-07
65.214304742394,2.75273825455758e-07
65.3676801742237,2.72818985882149e-07
65.5214163248125,2.70388286698307e-07
65.6755140425233,2.67981069443831e-07
65.8299741777145,2.65597424258754e-07
65.9847975827438,2.63237020695855e-07
66.1399851119741,2.60899250513285e-07
66.2955376217773,2.58584003149208e-07
66.4514559705396,2.56291220951286e-07
66.6077410186659,2.54020444378839e-07
66.7643936285846,2.51771404621647e-07
66.9214146647527,2.49543743026881e-07
67.0788049936597,2.47337345345108e-07
67.2365654838337,2.45152093194934e-07
67.394697005845,2.42987490593934e-07
67.5532004323114,2.40843303976887e-07
67.7120766379033,2.38719472907082e-07
67.8713264993476,2.36615654689723e-07
68.0309508954337,2.34531634081597e-07
68.1909507070178,2.32467267373852e-07
68.3513268170273,2.30422417727319e-07
68.5120801104666,2.28396535301129e-07
68.673211474421,2.26389617901042e-07
68.8347217980627,2.24401604666296e-07
68.9966119726549,2.22432243201218e-07
69.1588828915566,2.20481171266453e-07
69.3215354502282,2.18548263501113e-07
69.4845705462363,2.16633265063274e-07
69.6479890792578,2.14736065555678e-07
69.8117919510861,2.12856504564509e-07
69.9759800656353,2.10994418339538e-07
70.1405543289456,2.09149562430162e-07
70.3055156491875,2.07321749551587e-07
70.4708649366681,2.05510867375155e-07
70.636603103835,2.03716686567387e-07
70.8027310652818,2.01939192595302e-07
70.9692497377534,2.00177933635324e-07
71.1361600401501,1.98432956486524e-07
71.3034628935341,1.96704017342267e-07
71.4711592211335,1.94990947325905e-07
71.6392499483474,1.93293559852338e-07
71.807736002752,1.91611833971431e-07
71.9766183141042,1.89945650490148e-07
72.1458978143482,1.88294575316563e-07
72.3155754376201,1.86658747664381e-07
72.4856521202522,1.85037719847784e-07
72.6561288007799,1.83431648658267e-07
72.8270064199449,1.81840340064879e-07
72.9982859207022,1.8026343004925e-07
73.1699682482244,1.78700946467223e-07
73.3420543499064,1.77152652879085e-07
73.5145451753722,1.75618560720964e-07
73.6874416764783,1.74098416587733e-07
73.8607448073204,1.72592117684296e-07
74.034455524238,1.71099488428731e-07
74.2085747858195,1.69620515479708e-07
74.3831035529082,1.68154855434196e-07
74.5580427886068,1.66702661247619e-07
74.7333934582833,1.65263517594922e-07
74.9091565295763,1.63837655218324e-07
75.0853329723997,1.62424481719205e-07
75.2619237589488,1.61024187483843e-07
75.4389298637053,1.59636668133939e-07
75.6163522634427,1.58261576084234e-07
75.7941919372321,1.56899046112672e-07
75.9724498664467,1.55548803083898e-07
76.1511270347682,1.542107643904e-07
76.3302244281913,1.52884768713696e-07
76.5097430350302,1.51570790849283e-07
76.6896838459233,1.50268807391234e-07
76.8700478538384,1.48978448029256e-07
77.0508360540794,1.47699699772977e-07
77.2320494442903,1.4643250976413e-07
77.4136890244622,1.45176740585992e-07
77.5957557969372,1.43932372283462e-07
77.7782507664152,1.42699097345933e-07
77.9611749399593,1.414770737127e-07
78.1445293270005,1.40265930997939e-07
78.3283149393441,1.39065674749245e-07
78.5125327911754,1.37876177623413e-07
78.6971838990641,1.36697465633376e-07
78.8822692819717,1.35529294848685e-07
79.0677899612553,1.34371683273212e-07
79.2537469606747,1.33224359653124e-07
79.4401413063973,1.3208734394857e-07
79.6269740270036,1.30960634821254e-07
79.8142461534937,1.29843948378421e-07
80.0019587192919,1.28737283073199e-07
80.1901127602535,1.2764050955242e-07
80.3787093146699,1.26553631697934e-07
80.5677494232739,1.25476424319031e-07
80.7572341292468,1.24408887564414e-07
80.9471644782226,1.23350850567085e-07
81.1375415182948,1.22302326690218e-07
81.3283663000221,1.21263135044163e-07
81.5196398764335,1.20233224054872e-07
81.711363303035,1.19212580417993e-07
81.9035376378146,1.18201012774044e-07
82.0961639412489,1.17198443277375e-07
82.2892432763088,1.16204883539964e-07
82.4827767084643,1.15220175734624e-07
82.6767653056922,1.14244238909068e-07
82.8712101384803,1.13276965601671e-07
83.0661122798347,1.12318308790117e-07
83.2614728052847,1.11368244405611e-07
83.4572927928889,1.10426585554099e-07
83.653573323242,1.09493314615464e-07
83.8503154794794,1.08568419016417e-07
84.0475203472842,1.07651730503298e-07
84.2451890148933,1.06743167679084e-07
84.443322573102,1.05842670267253e-07
84.6419221152721,1.0495017923303e-07
84.840988737336,1.04065644885834e-07
85.040523537804,1.03188935085657e-07
85.2405276177702,1.02320042596997e-07
85.4410020809174,1.01458853892518e-07
85.6419480335252,1.0060526263339e-07
85.8433665844743,9.97592771094271e-08
86.0452588452538,9.89208004704226e-08
86.2476259299664,9.80897149013599e-08
86.4504689553353,9.72659887733254e-08
86.6537890407105,9.64496257934893e-08
86.8575873080735,9.56404886263195e-08
87.0618648820455,9.48384359220813e-08
87.2666228898926,9.4043544650531e-08
87.4718624615312,9.32556619799414e-08
87.6775847295364,9.247474625092e-08
87.8837908291457,9.17006834218997e-08
88.0904818982675,9.09335593768741e-08
88.2976590774861,9.01731692858255e-08
88.5053235100679,8.94194603857702e-08
88.7134763419689,8.86724303103569e-08
88.9221187218394,8.79319954973797e-08
89.1312518010316,8.71980741178321e-08
89.3408767336059,8.64706287743836e-08
89.550994676336,8.57496641063175e-08
89.7616067887171,8.50349871926287e-08
89.9727142329706,8.43265800460507e-08
90.1843181740518,8.36244810848899e-08
90.3964197796558,8.29285002081881e-08
90.6090202202235,8.22386730643969e-08
90.8221206689492,8.15549427947553e-08
91.0357223017858,8.08771834655388e-08
91.2498262974521,8.02054291877312e-08
91.4644338374396,7.95395536798816e-08
91.6795461060174,7.88795139141341e-08
91.895164290241,7.82252746195469e-08
92.1112895799568,7.75767967943159e-08
92.3279231678101,7.69340385464993e-08
92.5450662492511,7.62968799583379e-08
92.7627200225412,7.56653071033898e-08
92.9808856887605,7.50392811567606e-08
93.1995644518132,7.44187361375979e-08
93.4187575184355,7.38036497181021e-08
93.6384660982015,7.31939132795222e-08
93.8586914035298,7.25895512720554e-08
94.0794346496911,7.19904959841712e-08
94.3006970548133,7.13966257276666e-08
94.52247983989,7.08079983920428e-08
94.7447842287863,7.02244809503732e-08
94.9676114482452,6.96460864133606e-08
95.1909627278951,6.90727817054319e-08
95.4148393002565,6.85044532099471e-08
95.6392424007487,6.79410687195045e-08
95.8641732676959,6.73826273931418e-08
96.0896331423353,6.68290429899933e-08
96.3156232688233,6.62803428531932e-08
96.5421448942419,6.57363968086859e-08
96.7691992686065,6.5197154397169e-08
96.9967876448724,6.46626221793319e-08
97.2249112789413,6.4132779146964e-08
97.4535714296692,6.36075384145158e-08
97.682769358872,6.30868978577642e-08
97.9125063313339,6.25707372602027e-08
98.1427836148136,6.20591008806359e-08
98.3736024800508,6.15519054092775e-08
98.6049642007748,6.10490968617871e-08
98.8368700537096,6.05506958565212e-08
99.0693213185823,6.0056609208183e-08
99.3023192781302,5.95668245090256e-08
99.5358652181064,5.90812502697922e-08
99.769960427289,5.85999326085509e-08
100.004606197486,5.81227953504119e-08
100.239803823545,5.76497934277029e-08
100.475554603358,5.71808752135736e-08
100.711859837868,5.67160392676506e-08
100.948720831082,5.6255228026707e-08
101.186138890068,5.57983932602294e-08
101.424115324974,5.53455109624949e-08
101.662651449024,5.48965653081968e-08
101.901748578535,5.44514963406456e-08
102.141408032917,5.40102680732338e-08
102.381631134682,5.35728731922416e-08
102.622419209457,5.3139237787127e-08
102.863773585983,5.2709379091104e-08
103.105695596126,5.22832042521661e-08
103.348186574886,5.18607036671733e-08
103.591247860402,5.14418840957316e-08
103.834880793961,5.10266544149763e-08
104.079086720002,5.06150197087777e-08
104.323866986129,5.02069115495341e-08
104.569222943113,4.98023411380939e-08
104.815155944904,4.94012286556724e-08
105.061667348634,4.90036078519508e-08
105.308758514628,4.86093817331987e-08
105.556430806412,4.82185427191228e-08
105.804685590715,4.78310885402337e-08
106.053524237484,4.7446955074005e-08
106.302948119886,4.70661136478167e-08
106.552958614317,4.66885421001571e-08
106.803557100412,4.63142299753492e-08
107.05474496105,4.59431295297053e-08
107.306523582361,4.55752031474665e-08
107.558894353737,4.52104409627155e-08
107.811858667836,4.48488029746578e-08
108.065417920593,4.44902719440823e-08
108.319573511225,4.41348209597604e-08
108.574326842238,4.37823843112052e-08
108.829679319441,4.34330029950366e-08
109.085632351946,4.30865770354307e-08
109.342187352179,4.2743132019538e-08
109.599345735889,4.24026200646838e-08
109.857108922155,4.20650235674382e-08
110.115478333391,4.17303204053922e-08
110.37445539536,4.13984686640498e-08
110.634041537174,4.10694213743885e-08
110.894238191311,4.0743217714102e-08
111.155046793614,4.04198003302285e-08
111.416468783304,4.00991199876632e-08
111.678505602987,3.97811686336859e-08
111.941158698663,3.94659623499753e-08
112.204429519732,3.91534226927741e-08
112.468319519,3.88435261297353e-08
112.732830152695,3.85362938540923e-08
112.997962880466,3.82316763516188e-08
113.263719165396,3.79296334361871e-08
113.53010047401,3.76301657426835e-08
113.797108276281,3.7333230935206e-08
114.064744045638,3.70388266374179e-08
114.333009258978,3.67469241459525e-08
114.601905396669,3.64574937544175e-08
114.871433942564,3.61705213961512e-08
115.141596384001,3.58859913403452e-08
115.412394211819,3.56038634541626e-08
115.683828920365,3.53241161013167e-08
115.955902007495,3.50467681554283e-08
116.228614974594,3.47717365481901e-08
116.501969326574,3.4499055071746e-08
116.775966571888,3.42286731387772e-08
117.050608222536,3.39605645009751e-08
117.325895794073,3.36947315354171e-08
117.601830805621,3.34311610850134e-08
117.878414779874,3.31697855200484e-08
118.155649243105,3.29106365398137e-08
118.433535725179,3.26536788845168e-08
118.712075759558,3.2398874614858e-08
118.991270883311,3.21462205808617e-08
119.271122637121,3.18957086201311e-08
119.551632565296,3.16472955555332e-08
119.832802215775,3.14009799623451e-08
120.114633140137,3.11567249967175e-08
120.397126893612,3.09145345578602e-08
120.680285035086,3.06743775631071e-08
120.964109127111,3.0436235446826e-08
121.248600735916,3.02000998289198e-08
121.533761431412,2.99659525038116e-08
121.819592787202,2.97337567158957e-08
122.10609638059,2.95035205079009e-08
122.393273792592,2.92752029464453e-08
122.681126607939,2.90488168543622e-08
122.96965641509,2.88243185024115e-08
123.258864806241,2.86016942569752e-08
123.548753377333,2.83809451619348e-08
123.839323728057,2.81620361520372e-08
124.130577461871,2.79449636284039e-08
124.422516186,2.77296923787429e-08
124.715141511452,2.75162363684817e-08
125.008455053022,2.73045507612192e-08
125.302458429303,2.70946437231722e-08
125.597153262696,2.68864792531168e-08
125.892541179417,2.66800532905489e-08
