0.001,0
0.00100235186792891,0
0.00100470926714057,0
0.00100707221064383,0
0.00100944071147814,0
0.0010118147827136,0
0.00101419443745106,0
0.00101657968882217,0
0.00101897054998949,0
0.00102136703414651,0
0.00102376915451776,0
0.00102617692435888,0
0.00102859035695666,0
0.00103100946562917,0
0.00103343426372579,0
0.00103586476462727,0
0.00103830098174589,0
0.00104074292852541,0
0.00104319061844124,0
0.00104564406500049,0
0.00104810328174202,0
0.00105056828223653,0
0.00105303908008665,0
0.00105551568892699,0
0.00105799812242423,0
0.00106048639427721,0
0.00106298051821695,0
0.0010654805080068,0
0.00106798637744245,0
0.00107049814035207,0
0.00107301581059632,0
0.00107553940206847,0
0.00107806892869447,0
0.00108060440443302,0
0.00108314584327564,0
0.00108569325924677,0
0.00108824666640382,0
0.00109080607883728,0
0.00109337151067075,0
0.00109594297606108,0
0.00109852048919839,0
0.00110110406430618,0
0.00110369371564141,0
0.00110628945749456,0
0.00110889130418973,0
0.0011114992700847,0
0.00111411336957102,0
0.00111673361707408,0
0.00111936002705321,0
0.00112199261400173,0
0.00112463139244707,0
0.00112727637695081,0
0.00112992758210878,0
0.00113258502255113,0
0.00113524871294242,0
0.00113791866798173,0
0.00114059490240266,0
0.00114327743097349,0
0.00114596626849724,0
0.00114866142981173,0
0.00115136292978968,0
0.00115407078333878,0
0.0011567850054018,0
0.00115950561095665,0
0.00116223261501645,0
0.00116496603262963,0
0.00116770587888004,0
0.00117045216888697,0
0.0011732049178053,0
0.00117596414082552,0
0.00117872985317387,0
0.0011815020701124,0
0.00118428080693903,0
0.00118706607898769,0
0.00118985790162836,0
0.00119265629026715,0
0.00119546126034644,0
0.0011982728273449,0
0.00120109100677761,0
0.00120391581419615,0
0.00120674726518866,0
0.00120958537537996,0
0.00121243016043159,0
0.00121528163604195,0
0.00121813981794634,0
0.0012210047219171,0
0.00122387636376362,0
0.0012267547593325,0
0.00122963992450761,0
0.00123253187521016,0
0.00123543062739882,0
0.00123833619706979,0
0.00124124860025689,0
0.00124416785303163,0
0.00124709397150335,0
0.00125002697181926,0
0.00125296687016455,0
0.00125591368276248,0
0.00125886742587444,0
0.0012618281158001,0
0.00126479576887744,0
0.00126777040148288,0
0.00127075203003135,0
0.00127374067097637,0
0.00127673634081019,0
0.00127973905606381,0
0.00128274883330713,0
0.00128576568914903,0
0.00128878964023743,0
0.00129182070325941,0
0.00129485889494131,0
0.00129790423204878,0
0.00130095673138693,0
0.00130401640980037,0
0.00130708328417335,0
0.00131015737142981,0
0.00131323868853349,0
0.00131632725248805,0
0.00131942308033713,0
0.00132252618916443,0
0.00132563659609387,0
0.00132875431828961,0
0.00133187937295619,0
0.00133501177733862,0
0.00133815154872245,0
0.00134129870443391,0
0.00134445326183995,0
0.00134761523834839,0
0.00135078465140797,0
0.00135396151850847,0
0.00135714585718083,0
0.00136033768499718,0
0.00136353701957101,0
0.00136674387855721,0
0.00136995827965222,0
0.00137318024059408,0
0.00137640977916254,0
0.00137964691317918,0
0.00138289166050751,0
0.00138614403905301,0
0.0013894040667633,0
0.00139267176162821,0
0.00139594714167988,0
0.00139923022499285,0
0.00140252102968417,0
0.0014058195739135,0
0.00140912587588321,0
0.0014124399538385,0
0.00141576182606744,0
0.00141909151090114,0
0.00142242902671381,0
0.00142577439192288,0
0.0014291276249891,0
0.00143248874441663,0
0.00143585776875314,0
0.00143923471658994,0
0.00144261960656206,0
0.00144601245734835,0
0.00144941328767158,0
0.00145282211629859,0
0.00145623896204032,0
0.00145966384375197,0
0.00146309678033307,0
0.00146653779072762,0
0.00146998689392417,0
0.0014734441089559,0
0.00147690945490079,0
0.00148038295088167,0
0.00148386461606635,0
0.00148735446966772,0
0.00149085253094384,0
0.0014943588191981,0
0.00149787335377925,0
0.00150139615408157,0
0.00150492723954494,0
0.00150846662965496,0
0.00151201434394308,0
0.00151557040198664,0
0.00151913482340907,0
0.00152270762787994,0
0.00152628883511505,0
0.00152987846487661,0
0.00153347653697327,0
0.00153708307126031,0
0.00154069808763968,0
0.00154432160606012,0
0.00154795364651733,0
0.00155159422905401,0
0.00155524337376,0
0.00155890110077239,0
0.00156256743027564,0
0.00156624238250166,0
0.00156992597772996,0
0.00157361823628774,0
0.00157731917855001,0
0.00158102882493969,0
0.00158474719592774,0
0.00158847431203327,0
0.00159221019382363,0
0.00159595486191456,0
0.00159970833697028,0
0.00160347063970361,0
0.00160724179087607,0
0.00161102181129803,0
0.00161481072182879,0
0.00161860854337672,0
0.00162241529689934,0
0.00162623100340349,0
0.00163005568394538,0
0.00163388935963079,0
0.00163773205161509,0
0.00164158378110342,0
0.00164544456935081,0
0.00164931443766226,0
0.00165319340739289,0
0.00165708149994801,0
0.00166097873678333,0
0.00166488513940496,0
0.00166880072936964,0
0.00167272552828478,0
0.00167665955780862,0
0.00168060283965033,0
0.00168455539557013,0
0.00168851724737944,0
0.00169248841694096,0
0.00169646892616881,0
0.00170045879702865,0
0.00170445805153781,0
0.00170846671176539,0
0.00171248479983239,0
0.00171651233791186,0
0.00172054934822897,0
0.00172459585306117,0
0.00172865187473831,0
0.00173271743564275,0
0.0017367925582095,0
0.00174087726492631,0
0.00174497157833386,0
0.0017490755210258,0
0.00175318911564893,0
0.00175731238490333,0
0.00176144535154246,0
0.00176558803837328,0
0.00176974046825639,0
0.00177390266410617,0
0.00177807464889088,0
0.00178225644563281,0
0.00178644807740838,0
0.0017906495673483,0
0.00179486093863765,0
0.00179908221451608,0
0.00180331341827787,0
0.00180755457327209,0
0.00181180570290271,0
0.00181606683062878,0
0.00182033797996449,0
0.00182461917447934,0
0.00182891043779826,0
0.00183321179360177,0
0.00183752326562603,0
0.00184184487766308,0
0.00184617665356087,0
0.00185051861722348,0
0.00185487079261118,0
0.00185923320374058,0
0.00186360587468482,0
0.00186798882957361,0
0.00187238209259344,0
0.00187678568798767,0
0.00188119964005668,0
0.001885623973158,0
0.00189005871170645,0
0.00189450388017426,0
0.00189895950309124,0
0.00190342560504485,0
0.00190790221068042,0
0.0019123893447012,0
0.00191688703186859,0
0.00192139529700218,0
0.00192591416497995,0
0.0019304436607384,0
0.00193498380927265,0
0.00193953463563663,0
0.00194409616494319,0
0.00194866842236423,0
0.00195325143313086,0
0.00195784522253353,0
0.00196244981592217,0
0.00196706523870633,0
0.00197169151635531,0
0.00197632867439833,0
0.00198097673842462,0
0.00198563573408363,0
0.00199030568708512,0
0.00199498662319929,0
0.00199967856825699,0
0.0020043815481498,0
0.00200909558883019,0
0.00201382071631166,0
0.00201855695666893,0
0.00202330433603799,0
0.00202806288061633,0
0.00203283261666306,0
0.00203761357049903,0
0.00204240576850699,0
0.00204720923713176,0
0.00205202400288033,0
0.00205685009232205,0
0.00206168753208875,0
0.0020665363488749,0
0.00207139656943774,0
0.00207626822059745,0
0.00208115132923728,0
0.00208604592230371,0
0.00209095202680661,0
0.00209586966981933,0
0.00210079887847895,0
0.00210573967998633,0
0.00211069210160632,0
0.00211565617066788,0
0.00212063191456427,0
0.00212561936075315,0
0.00213061853675677,0
0.0021356294701621,0
0.002140652188621,0
0.00214568671985037,0
0.00215073309163226,0
0.00215579133181411,0
0.00216086146830882,0
0.00216594352909495,0
0.00217103754221685,0
0.00217614353578484,0
0.00218126153797535,0
0.00218639157703108,0
0.00219153368126113,0
0.0021966878790412,0
0.00220185419881374,0
0.00220703266908806,0
0.00221222331844054,0
0.00221742617551476,0
0.00222264126902167,0
0.00222786862773975,0
0.00223310828051514,0
0.00223836025626186,0
0.00224362458396191,0
0.00224890129266543,0
0.00225419041149093,0
0.00225949196962537,0
0.00226480599632435,0
0.0022701325209123,0
0.0022754715727826,0
0.00228082318139777,0
0.00228618737628961,0
0.00229156418705938,0
0.00229695364337795,0
0.002302355774986,0
0.00230777061169412,0
0.00231319818338304,0
0.00231863852000374,0
0.00232409165157767,0
0.00232955760819685,0
0.00233503642002411,0
0.0023405281172932,0
0.00234603273030896,0
0.00235155028944754,0
0.00235708082515651,0
0.00236262436795503,0
0.00236818094843408,0
0.00237375059725655,0
0.00237933334515746,0
0.00238492922294412,0
0.00239053826149627,0
0.00239616049176631,0
0.00240179594477941,0
0.00240744465163371,0
0.00241310664350051,0
0.00241878195162439,0
0.00242447060732344,0
0.00243017264198938,0
0.00243588808708778,0
0.00244161697415821,0
0.00244735933481441,0
0.00245311520074446,0
0.00245888460371101,0
0.00246466757555136,0
0.00247046414817772,0
0.00247627435357733,0
0.00248209822381268,0
0.00248793579102167,0
0.00249378708741775,0
0.00249965214529017,0
0.0025055309970041,0
0.00251142367500084,0
0.00251733021179797,0
0.00252325063998957,0
0.00252918499224635,0
0.00253513330131589,0
0.00254109560002276,0
0.00254707192126874,0
0.00255306229803299,0
0.00255906676337223,0
0.00256508535042094,0
0.0025711180923915,0
0.00257716502257443,0
0.00258322617433852,0
0.00258930158113106,0
0.002595391276478,0
0.00260149529398411,0
0.00260761366733323,0
0.00261374643028841,0
0.0026198936166921,0
0.00262605526046635,0
0.00263223139561298,0
0.00263842205621378,0
0.00264462727643071,0
0.00265084709050606,0
0.00265708153276266,0
0.00266333063760405,0
0.00266959443951471,0
0.00267587297306019,0
0.00268216627288736,0
0.00268847437372456,0
0.00269479731038181,0
0.002701135117751,0
0.00270748783080608,0
0.00271385548460326,0
0.00272023811428119,0
0.00272663575506116,0
0.0027330484422473,0
0.00273947621122677,0
0.00274591909746996,0
0.00275237713653067,0
0.00275885036404633,0
0.00276533881573819,0
0.00277184252741148,0
0.00277836153495568,0
0.00278489587434465,0
0.00279144558163687,0
0.00279801069297561,0
0.00280459124458916,0
0.002811187272791,0
0.00281779881398003,0
0.00282442590464074,0
0.00283106858134344,0
0.00283772688074443,0
0.00284440083958625,0
0.00285109049469783,0
0.00285779588299473,0
0.0028645170414793,0
0.00287125400724096,0
0.00287800681745634,0
0.00288477550938949,0
0.00289156012039212,0
0.00289836068790378,0
0.00290517724945206,0
0.00291200984265284,0
0.00291885850521043,0
0.00292572327491786,0
0.00293260418965699,0
0.00293950128739883,0
0.00294641460620364,0
0.00295334418422123,0
0.00296029005969113,0
0.00296725227094278,0
0.00297423085639578,0
0.0029812258545601,0
0.00298823730403627,0
0.0029952652435156,0
0.00300230971178039,0
0.00300937074770417,0
0.00301644839025189,0
0.00302354267848013,0
0.00303065365153732,0
0.003037781348664,0
0.00304492580919295,0
0.0030520870725495,0
0.00305926517825166,0
0.00306646016591041,0
0.00307367207522988,0
0.00308090094600759,0
0.00308814681813465,0
0.00309540973159597,0
0.00310268972647054,0
0.00310998684293158,0
0.00311730112124679,0
0.0031246326017786,0
0.00313198132498434,0
0.0031393473314165,0
0.00314673066172296,0
0.00315413135664717,0
0.00316154945702843,0
0.00316898500380207,0
0.0031764380379997,0
0.00318390860074943,0
0.0031913967332761,0
0.00319890247690152,0
0.00320642587304464,0
0.00321396696322187,0
0.00322152578904724,0
0.00322910239223265,0
0.0032366968145881,0
0.00324430909802192,0
0.00325193928454102,0
0.00325958741625108,0
0.00326725353535683,0
0.00327493768416225,0
0.0032826399050708,0
0.00329036024058568,0
0.00329809873331007,0
0.0033058554259473,0
0.00331363036130119,0
0.00332142358227619,0
0.00332923513187766,0
0.00333706505321212,0
0.00334491338948744,0
0.00335278018401315,0
0.0033606654802006,0
0.00336856932156327,0
0.00337649175171695,0
0.00338443281438004,0
0.00339239255337372,0
0.00340037101262226,0
0.00340836823615323,0
0.00341638426809774,0
0.00342441915269071,0
0.00343247293427105,0
0.00344054565728201,0
0.00344863736627131,0
0.00345674810589147,0
0.00346487792090003,0
0.00347302685615977,0
0.003481194956639,0
0.0034893822674118,0
0.00349758883365822,0
0.0035058147006646,0
0.00351405991382378,0
0.00352232451863537,0
0.00353060856070595,0
0.00353891208574939,0
0.00354723513958709,0
0.00355557776814818,0
0.00356394001746982,0
0.00357232193369746,0
0.00358072356308505,0
0.00358914495199535,0
0.00359758614690015,0
0.00360604719438052,0
0.00361452814112711,0
0.00362302903394036,0
0.00363154991973078,0
0.00364009084551922,0
0.0036486518584371,0
0.00365723300572671,0
0.00366583433474142,0
0.00367445589294598,0
0.00368309772791678,0
0.0036917598873421,0
0.00370044241902236,0
0.00370914537087043,0
0.00371786879091183,0
0.00372661272728506,0
0.00373537722824182,0
0.00374416234214729,0
0.00375296811748041,0
0.00376179460283412,0
0.00377064184691566,0
0.00377950989854682,0
0.00378839880666419,0
0.0037973086203195,0
0.00380623938867979,0
0.00381519116102777,0
0.00382416398676204,0
0.00383315791539738,0
0.00384217299656504,0
0.00385120928001298,0
0.00386026681560615,0
0.00386934565332679,0
0.00387844584327471,0
0.00388756743566751,0
0.00389671048084092,0
0.00390587502924904,0
0.00391506113146465,0
0.00392426883817946,0
0.00393349820020438,0
0.00394274926846985,0
0.00395202209402609,0
0.00396131672804336,0
0.00397063322181229,0
0.00397997162674412,0
0.00398933199437102,0
0.00399871437634634,0
0.00400811882444493,0
0.00401754539056339,0
0.00402699412672038,0
0.00403646508505691,0
0.00404595831783661,0
0.00405547387744603,0
0.00406501181639491,0
0.00407457218731652,0
0.00408415504296788,0
0.00409376043623012,0
0.00410338842010872,0
0.00411303904773382,0
0.00412271237236053,0
0.00413240844736919,0
0.0041421273262657,0
0.0041518690626818,0
0.00416163371037534,0
0.00417142132323063,0
0.00418123195525869,0
0.00419106566059759,0
0.00420092249351269,0
0.004210802508397,0
0.00422070575977146,0
0.00423063230228522,0
0.00424058219071597,0
0.0042505554799702,0
0.00426055222508359,0
0.00427057248122119,0
0.00428061630367785,0
0.00429068374787842,0
0.00430077486937814,0
0.00431088972386288,0
0.00432102836714949,0
0.00433119085518608,0
0.00434137724405237,0
0.00435158758995995,0
0.0043618219492526,0
0.00437208037840665,0
0.00438236293403123,0
0.00439266967286861,0
0.00440300065179451,0
0.00441335592781842,0
0.00442373555808391,0
0.00443413959986893,0
0.00444456811058616,0
0.00445502114778329,0
0.00446549876914336,0
0.00447600103248508,0
0.00448652799576314,0
0.00449707971706852,0
0.00450765625462883,0
0.00451825766680863,0
0.00452888401210973,0
0.00453953534917155,0
0.00455021173677141,0
0.00456091323382486,0
0.00457163989938602,0
0.0045823917926479,0
0.00459316897294271,0
0.00460397149974222,0
0.00461479943265807,0
0.00462565283144207,0
0.0046365317559866,0
0.00464743626632486,0
0.00465836642263127,0
0.00466932228522176,0
0.0046803039145541,0
0.00469131137122828,0
0.00470234471598679,0
0.00471340400971498,0
0.00472448931344141,0
0.00473560068833815,0
0.00474673819572117,0
0.0047579018970506,0
0.00476909185393116,0
0.00478030812811243,0
0.00479155078148923,0
0.00480281987610194,0
0.00481411547413686,0
0.00482543763792654,0
0.00483678642995012,0
0.0048481619128337,0
0.00485956414935063,0
0.00487099320242196,0
0.00488244913511666,0
0.00489393201065206,0
0.00490544189239417,0
0.004916978843858,0
0.00492854292870798,0
0.00494013421075826,0
0.00495175275397303,0
0.00496339862246698,0
0.00497507188050554,0
0.0049867725925053,0
0.00499850082303437,0
0.00501025663681268,0
0.00502204009871239,0
0.00503385127375824,0
0.00504569022712788,0
0.00505755702415226,0
0.00506945173031598,0
0.00508137441125765,0
0.00509332513277026,0
0.00510530396080152,0
0.00511731096145425,0
0.00512934620098674,0
0.00514140974581309,0
0.00515350166250364,0
0.00516562201778525,0
0.00517777087854174,0
0.00518994831181421,0
0.00520215438480145,0
0.00521438916486029,0
0.00522665271950596,0
0.0052389451164125,0
0.00525126642341309,0
0.00526361670850047,0
0.00527599603982725,0
0.00528840448570636,0
0.00530084211461137,0
0.00531330899517693,0
0.00532580519619906,0
0.0053383307866356,0
0.00535088583560659,0
0.00536347041239459,0
0.00537608458644515,0
0.0053887284273671,0
0.00540140200493301,0
0.00541410538907955,0
0.00542683864990785,0
0.00543960185768392,0
0.00545239508283903,0
0.00546521839597008,0
0.00547807186784004,0
0.00549095556937826,0
0.00550386957168093,0
0.00551681394601145,0
0.00552978876380083,0
0.00554279409664804,0
0.00555583001632048,0
0.00556889659475432,0
0.00558199390405493,0
0.00559512201649723,0
0.00560828100452614,0
0.00562147094075699,0
0.00563469189797584,0
0.00564794394913996,0
0.00566122716737821,0
0.00567454162599142,0
0.00568788739845283,0
0.00570126455840849,0
0.00571467317967762,0
0.00572811333625309,0
0.00574158510230177,0
0.00575508855216496,0
0.00576862376035882,0
0.00578219080157473,0
0.00579578975067978,0
0.00580942068271709,0
0.0058230836729063,0
0.00583677879664395,0
0.0058505061295039,0
0.00586426574723776,0
0.00587805772577528,0
0.00589188214122479,0
0.00590573906987363,0
0.00591962858818856,0
0.00593355077281616,0
0.00594750570058329,0
0.00596149344849748,0
0.00597551409374739,0
0.00598956771370321,0
0.00600365438591708,0
0.00601777418812356,0
0.00603192719824002,0
0.00604611349436706,0
0.00606033315478899,0
0.00607458625797423,0
0.00608887288257574,0
0.00610319310743146,0
0.00611754701156475,0
0.00613193467418483,0
0.0061463561746872,0
0.00616081159265408,0
0.00617530100785488,0
0.0061898245002466,0
0.0062043821499743,0
0.00621897403737151,0
0.0062336002429607,0
0.00624826084745375,0
0.00626295593175232,0
0.00627768557694837,0
0.00629244986432456,0
0.00630724887535471,0
0.00632208269170429,0
0.00633695139523081,0
0.00635185506798429,0
0.00636679379220775,0
0.00638176765033761,0
0.00639677672500418,0
0.00641182109903209,0
0.00642690085544079,0
0.00644201607744497,0
0.00645716684845501,0
0.00647235325207749,0
0.00648757537211561,0
0.00650283329256966,0
0.00651812709763748,0
0.00653345687171496,0
0.00654882269939643,0
0.00656422466547524,0
0.00657966285494412,0
0.00659513735299567,0
0.00661064824502292,0
0.00662619561661968,0
0.00664177955358107,0
0.00665740014190401,0
0.00667305746778765,0
0.00668875161763389,0
0.00670448267804783,0
0.00672025073583824,0
0.00673605587801808,0
0.00675189819180491,0
0.00676777776462146,0
0.00678369468409605,0
0.00679964903806306,0
0.00681564091456351,0
0.00683167040184542,0
0.00684773758836437,0
0.00686384256278403,0
0.0068799854139765,0
0.00689616623102298,0
0.00691238510321414,0
0.00692864212005063,0
0.00694493737124366,0
0.00696127094671535,0
0.00697764293659937,0
0.00699405343124131,0
0.00701050252119931,0
0.00702699029724444,0
0.00704351685036127,0
0.00706008227174835,0
0.00707668665281872,0
0.00709333008520041,0
0.00711001266073694,0
0.00712673447148785,0
0.00714349560972918,0
0.00716029616795399,0
0.00717713623887288,0
0.00719401591541448,0
0.00721093529072598,0
0.00722789445817367,0
0.00724489351134336,0
0.00726193254404105,0
0.00727901165029326,0
0.00729613092434772,0
0.0073132904606738,0
0.00733049035396304,0
0.00734773069912969,0
0.00736501159131122,0
0.00738233312586885,0
0.00739969539838809,0
0.00741709850467923,0
0.00743454254077793,0
0.00745202760294569,0
0.00746955378767038,0
0.00748712119166685,0
0.00750472991187737,0
0.00752238004547222,0
0.00754007168985022,0
0.00755780494263923,0
0.00757557990169676,0
0.00759339666511044,0
0.00761125533119857,0
0.00762915599851075,0
0.00764709876582827,0
0.00766508373216481,0
0.00768311099676687,0
0.00770118065911439,0
0.00771929281892129,0
0.00773744757613595,0
0.00775564503094186,0
0.00777388528375812,0
0.00779216843523999,0
0.00781049458627947,0
0.00782886383800585,0
0.00784727629178623,0
0.00786573204922615,0
0.0078842312121701,0
0.0079027738827021,0
0.00792136016314622,0
0.00793999015606725,0
0.00795866396427114,0
0.00797738169080566,0
0.00799614343896092,0
0.00801494931226994,0
0.00803379941450929,0
0.00805269384969953,0
0.00807163272210596,0
0.00809061613623899,0
0.00810964419685491,0
0.00812871700895634,0
0.00814783467779286,0
0.0081669973088616,0
0.00818620500790778,0
0.00820545788092534,0
0.00822475603415748,0
0.0082440995740973,0
0.00826348860748833,0
0.00828292324132517,0
0.00830240358285404,0
0.0083219297395734,0
0.00834150181923452,0
0.0083611199298421,0
0.00838078417965484,0
0.00840049467718605,0
0.00842025153120428,0
0.00844005485073385,0
0.0084599047450555,0
0.00847980132370702,0
0.00849974469648374,0
0.0085197349734393,0
0.00853977226488612,0
0.00855985668139607,0
0.00857998833380108,0
0.00860016733319375,0
0.00862039379092792,0
0.00864066781861935,0
0.0086609895281463,0
0.00868135903165014,0
0.00870177644153601,0
0.00872224187047337,0
0.00874275543139671,0
0.00876331723750609,0
0.00878392740226782,0
0.00880458603941505,0
0.00882529326294846,0
0.00884604918713679,0
0.00886685392651755,0
0.00888770759589763,0
0.00890861031035392,0
0.00892956218523397,0
0.00895056333615659,0
0.00897161387901256,0
0.00899271392996514,0
0.00901386360545086,0
0.00903506302218006,0
0.00905631229713758,0
0.00907761154758338,0
0.00909896089105322,0
0.00912036044535927,0
0.00914181032859078,0
0.00916331065911474,0
0.00918486155557652,0
0.00920646313690054,0
0.00922811552229087,0
0.009249818831232,0
0.00927157318348937,0
0.00929337869911014,0
0.00931523549842376,0
0.00933714370204271,0
0.00935910343086314,0
0.00938111480606552,0
0.00940317794911529,0
0.00942529298176363,0
0.00944746002604798,0
0.00946967920429288,0
0.00949195063911049,0
0.00951427445340138,0
0.00953665077035515,0
0.00955907971345114,0
0.00958156140645907,0
0.00960409597343977,0
0.00962668353874585,0
0.00964932422702236,0
0.00967201816320752,0
0.00969476547253337,0
0.00971756628052649,0
0.0097404207130087,0
0.00976332889609768,0
0.00978629095620778,0
0.00980930702005064,0
0.0098323772146359,0
0.00985550166727192,0
0.00987868050556646,0
0.00990191385742742,0
0.0099252018510635,0
0.00994854461498494,0
0.00997194227800423,0
0.00999539496923678,0
0.0100189028181017,0
0.0100424659543224,0
0.0100660845079275,0
0.0100897586092514,0
0.0101134883889349,0
0.0101372739779262,0
0.0101611155074814,0
0.0101850131091654,0
0.0102089669148523,0
0.0102329770567267,0
0.0102570436672836,0
0.0102811668793301,0
0.0103053468259853,0
0.0103295836406816,0
0.0103538774571651,0
0.0103782284094964,0
0.0104026366320516,0
0.0104271022595226,0
0.0104516254269182,0
0.0104762062695647,0
0.0105008449231067,0
0.0105255415235078,0
0.0105502962070513,0
0.0105751091103412,0
0.0105999803703025,0
0.0106249101241824,0
0.010649898509551,0
0.0106749456643017,0
0.0107000517266524,0
0.010725216835146,0
0.0107504411286511,0
0.0107757247463632,0
0.0108010678278049,0
0.0108264705128271,0
0.0108519329416094,0
0.0108774552546615,0
0.010903037592823,0
0.0109286800972652,0
0.0109543829094913,0
0.0109801461713371,0
0.0110059700249722,0
0.0110318546129004,0
0.0110578000779608,0
0.0110838065633285,0
0.011109874212515,0
0.0111360031693696,0
0.0111621935780798,0
0.0111884455831724,0
0.0112147593295137,0
0.0112411349623112,0
0.0112675726271136,0
0.0112940724698119,0
0.0113206346366404,0
0.0113472592741772,0
0.0113739465293452,0
0.0114006965494126,0
0.0114275094819944,0
0.0114543854750524,0
0.0114813246768965,0
0.0115083272361854,0
0.0115353933019276,0
0.0115625230234817,0
0.0115897165505579,0
0.0116169740332183,0
0.011644295621878,0
0.0116716814673058,0
0.0116991317206251,0
0.0117266465333149,0
0.0117542260572103,0
0.0117818704445033,0
0.0118095798477443,0
0.0118373544198421,0
0.0118651943140652,0
0.0118930996840427,0
0.0119210706837649,0
0.0119491074675843,0
0.0119772101902163,0
0.0120053790067405,0
0.0120336140726008,0
0.012061915543607,0
0.0120902835759352,0
0.0121187183261288,0
0.0121472199510995,0
0.0121757886081279,0
0.0122044244548645,0
0.0122331276493307,0
0.0122618983499193,0
0.012290736715396,0
0.0123196429048996,0
0.0123486170779432,0
0.0123776593944152,0
0.0124067700145799,0
0.0124359490990785,0
0.0124651968089301,0
0.0124945133055325,0
0.0125238987506631,0
0.0125533533064797,0
0.0125828771355214,0
0.0126124704007098,0
0.0126421332653496,0
0.0126718658931293,0
0.0127016684481228,0
0.0127315410947895,0
0.0127614839979759,0
0.012791497322916,0
0.0128215812352325,0
0.0128517359009375,0
0.0128819614864337,0
0.012912258158515,0
0.0129426260843678,0
0.0129730654315715,0
0.0130035763680996,0
0.0130341590623208,0
0.0130648136829998,0
0.013095540399298,0
0.0131263393807748,0
0.0131572107973884,0
0.0131881548194966,0
0.013219171617858,0
0.0132502613636328,0
0.0132814242283836,0
0.0133126603840765,0
0.0133439700030822,0
0.0133753532581768,0
0.0134068103225425,0
0.013438341369769,0
0.0134699465738543,0
0.0135016261092054,0
0.0135333801506398,0
0.0135652088733858,0
0.013597112453084,0
0.0136290910657881,0
0.0136611448879659,0
0.0136932740965001,0
0.0137254788686894,0
0.0137577593822495,0
0.0137901158153143,0
0.0138225483464362,0
0.013855057154588,0
0.013887642419163,0
0.0139203043199768,0
0.0139530430372675,0
0.0139858587516975,0
0.0140187516443539,0
0.0140517218967496,0
0.0140847696908244,0
0.0141178952089463,0
0.0141510986339119,0
0.0141843801489478,0
0.0142177399377116,0
0.0142511781842926,0
0.0142846950732134,0
0.0143182907894303,0
0.0143519655183347,0
0.014385719445754,0
0.0144195527579528,0
0.0144534656416334,0
0.0144874582839375,0
0.0145215308724469,0
0.0145556835951844,0
0.0145899166406152,0
0.0146242301976477,0
0.0146586244556345,0
0.0146930996043736,0
0.0147276558341094,0
0.0147622933355336,0
0.0147970122997866,0
0.0148318129184581,0
0.0148666953835885,0
0.01490165988767,0
0.0149367066236473,0
0.014971835784919,0
0.0150070475653384,0
0.0150423421592149,0
0.0150777197613148,0
0.0151131805668625,0
0.0151487247715414,0
0.0151843525714955,0
0.0152200641633296,0
0.0152558597441112,0
0.0152917395113713,0
0.0153277036631053,0
0.0153637523977743,0
0.0153998859143063,0
0.015436104412097,0
0.0154724080910111,0
0.0155087971513833,0
0.0155452717940195,0
0.015581832220198,0
0.0156184786316703,0
0.0156552112306625,0
0.0156920302198761,0
0.0157289358024897,0
0.0157659281821594,0
0.0158030075630205,0
0.0158401741496882,0
0.0158774281472592,0
0.0159147697613122,0
0.0159521991979098,0
0.0159897166635989,0
0.0160273223654123,0
0.0160650165108698,0
0.0161027993079791,0
0.0161406709652371,0
0.0161786316916313,0
0.0162166816966405,0
0.0162548211902361,0
0.0162930503828835,0
0.0163313694855431,0
0.0163697787096713,0
0.0164082782672218,0
0.0164468683706471,0
0.016485549232899,0
0.0165243210674303,0
0.0165631840881957,0
0.0166021385096533,0
0.0166411845467654,0
0.016680322415,0
0.0167195523303317,0
0.016758874509243,0
0.0167982891687259,0
0.0168377965262823,0
0.016877396799926,0
0.0169170902081831,0
0.0169568769700942,0
0.0169967573052146,0
0.0170367314336161,0
0.0170767995758883,0
0.0171169619531392,0
0.0171572187869971,0
0.0171975702996114,0
0.0172380167136542,0
0.017278558252321,0
0.0173191951393324,0
0.0173599275989351,0
0.0174007558559032,0
0.0174416801355394,0
0.0174827006636764,0
0.017523817666678,0
0.0175650313714403,0
0.017606342005393,0
0.0176477497965009,0
0.0176892549732646,0
0.0177308577647225,0
0.0177725584004514,0
0.017814357110568,0
0.0178562541257305,0
0.0178982496771392,0
0.0179403439965384,0
0.0179825373162174,0
0.0180248298690118,0
0.0180672218883047,0
0.0181097136080283,0
0.0181523052626647,0
0.0181949970872477,0
0.0182377893173637,0
0.0182806821891534,0
0.0183236759393126,0
0.018366770805094,0
0.0184099670243081,0
0.0184532648353248,0
0.0184966644770746,0
0.01854016618905,0
0.0185837702113066,0
0.0186274767844647,0
0.0186712861497106,0
0.0187151985487975,0
0.0187592142240476,0
0.0188033334183526,0
0.0188475563751758,0
0.0188918833385528,0
0.0189363145530934,0
0.0189808502639825,0
0.0190254907169818,0
0.0190702361584308,0
0.0191150868352484,0
0.0191600429949345,0
0.0192051048855708,0
0.0192502727558225,0
0.0192955468549396,0
0.0193409274327585,0
0.0193864147397029,0
0.0194320090267857,0
0.01947771054561,0
0.0195235195483707,0
0.0195694362878559,0
0.0196154610174481,0
0.0196615939911258,0
0.0197078354634647,0
0.0197541856896394,0
0.0198006449254245,0
0.0198472134271963,0
0.0198938914519339,0
0.0199406792572209,0
0.0199875771012466,0
0.0200345852428075,0
0.020081703941309,0
0.0201289334567664,0
0.0201762740498065,0
0.0202237259816691,0
0.0202712895142083,0
0.0203189649098944,0
0.0203667524318146,0
0.0204146523436749,0
0.0204626649098018,0
0.0205107903951431,0
0.02055902906527,0
0.0206073811863781,0
0.0206558470252891,0
0.0207044268494523,0
0.0207531209269459,0
0.0208019295264787,0
0.0208508529173914,0
0.0208998913696582,0
0.0209490451538881,0
0.0209983145413268,0
0.0210476998038576,0
0.0210972012140036,0
0.0211468190449285,0
0.0211965535704387,0
0.0212464050649843,0
0.0212963738036612,0
0.0213464600622121,0
0.0213966641170281,0
0.0214469862451505,0
0.0214974267242722,0
0.021547985832739,0
0.0215986638495516,0
0.0216494610543666,0
0.0217003777274985,0
0.0217514141499209,0
0.0218025706032685,0
0.0218538473698381,0
0.0219052447325904,0
0.0219567629751518,0
0.0220084023818157,0
0.022060163237544,0
0.0221120458279688,0
0.0221640504393942,0
0.0222161773587972,0
0.0222684268738303,0
0.0223207992728221,0
0.0223732948447794,0
0.0224259138793888,0
0.0224786566670182,0
0.0225315234987182,0
0.0225845146662243,0
0.0226376304619577,0
0.0226908711790276,0
0.0227442371112325,0
0.0227977285530619,0
0.0228513457996978,0
0.0229050891470164,0
0.0229589588915901,0
0.0230129553306883,0
0.0230670787622799,0
0.0231213294850345,0
0.023175707798324,0
0.0232302140022246,0
0.0232848483975181,0
0.0233396112856937,0
0.0233945029689497,0
0.023449523750195,0
0.0235046739330513,0
0.0235599538218538,0
0.023615363721654,0
0.0236709039382204,0
0.0237265747780409,0
0.0237823765483242,0
0.0238383095570014,0
0.0238943741127279,0
0.0239505705248849,0
0.0240068991035814,0
0.0240633601596556,0
0.0241199540046769,0
0.0241766809509472,0
0.0242335413115031,0
0.0242905354001175,0
0.024347663531301,0
0.0244049260203041,0
0.0244623231831186,0
0.0245198553364795,0
0.0245775227978668,0
0.0246353258855071,0
0.0246932649183754,0
0.0247513402161969,0
0.0248095520994489,0
0.0248679008893621,0
0.024926386907923,0
0.0249850104778753,0
0.0250437719227216,0
0.0251026715667255,0
0.0251617097349132,0
0.0252208867530752,0
0.0252802029477683,0
0.0253396586463175,0
0.0253992541768172,0
0.0254589898681338,0
0.025518866049907,0
0.0255788830525518,0
0.0256390412072604,0
0.0256993408460037,0
0.0257597823015335,0
0.0258203659073841,0
0.0258810919978743,0
0.0259419609081092,0
0.0260029729739819,0
0.0260641285321756,0
0.0261254279201654,0
0.0261868714762198,0
0.0262484595394031,0
0.026310192449577,0
0.0263720705474026,0
0.0264340941743419,0
0.0264962636726602,0
0.0265585793854278,0
0.0266210416565217,0
0.0266836508306278,0
0.0267464072532425,0
0.0268093112706749,0
0.0268723632300485,0
0.0269355634793032,0
0.0269989123671972,0
0.0270624102433089,0
0.0271260574580391,0
0.0271898543626123,0
0.0272538013090794,0
0.0273178986503191,0
0.0273821467400399,0
0.0274465459327824,0
0.027511096583921,0
0.0275757990496658,0
0.0276406536870646,0
0.0277056608540053,0
0.027770820909217,0
0.0278361342122728,0
0.0279016011235914,0
0.0279672220044391,0
0.028032997216932,0
0.0280989271240376,0
0.0281650120895773,0
0.0282312524782281,0
0.0282976486555245,0
0.0283642009878609,0
0.0284309098424933,0
0.0284977755875415,0
0.028564798591991,0
0.0286319792256952,0
0.0286993178593773,0
0.0287668148646322,0
0.0288344706139292,0
0.0289022854806131,0
0.0289702598389071,0
0.0290383940639143,0
0.0291066885316201,0
0.0291751436188944,0
0.0292437597034929,0
0.0293125371640602,0
0.0293814763801312,0
0.0294505777321336,0
0.0295198416013896,0
0.0295892683701183,0
0.0296588584214378,0
0.0297286121393672,0
0.0297985299088287,0
0.0298686121156498,0
0.0299388591465656,0
0.0300092713892204,0
0.0300798492321706,0
0.0301505930648861,0
0.0302215032777529,0
0.0302925802620753,0
0.0303638244100775,0
0.0304352361149065,0
0.0305068157706338,0
0.0305785637722579,0
0.0306504805157059,0
0.0307225663978363,0
0.0307948218164411,0
0.0308672471702476,0
0.030939842858921,0
0.0310126092830663,0
0.0310855468442309,0
0.0311586559449063,0
0.031231936988531,0
0.031305390379492,0
0.0313790165231274,0
0.0314528158257288,0
0.0315267886945431,0
0.0316009355377753,0
0.03167525676459,0
0.0317497527851145,0
0.0318244240104406,0
0.0318992708526267,0
0.0319742937247005,0
0.032049493040661,0
0.0321248692154811,0
0.0322004226651093,0
0.0322761538064726,0
0.0323520630574785,0
0.0324281508370174,0
0.0325044175649647,0
0.0325808636621836,0
0.0326574895505268,0
0.0327342956528393,0
0.0328112823929605,0
0.0328884501957268,0
0.0329657994869736,0
0.0330433306935378,0
0.0331210442432602,0
0.0331989405649878,0
0.0332770200885763,0
0.0333552832448922,0
0.0334337304658155,0
0.0335123621842418,0
0.0335911788340848,0
0.0336701808502789,0
0.0337493686687811,0
0.0338287427265741,0
0.033908303461668,0
0.0339880513131031,0
0.0340679867209524,0
0.0341481101263238,0
0.0342284219713627,0
0.0343089226992543,0
0.034389612754226,0
0.0344704925815502,0
0.0345515626275464,0
0.0346328233395837,0
0.0347142751660836,0
0.0347959185565219,0
0.0348777539614319,0
0.0349597818324061,0
0.0350420026220993,0
0.0351244167842309,0
0.0352070247735873,0
0.0352898270460245,0
0.0353728240584707,0
0.0354560162689287,0
0.0355394041364784,0
0.0356229881212795,0
0.0357067686845737,0
0.0357907462886879,0
0.0358749213970359,0
0.0359592944741216,0
0.0360438659855414,0
0.0361286363979866,0
0.0362136061792462,0
0.0362987757982092,0
0.0363841457248676,0
0.0364697164303186,0
0.0365554883867674,0
0.0366414620675298,0
0.0367276379470347,0
0.0368140165008268,0
0.0369005982055693,0
0.0369873835390465,0
0.0370743729801662,0
0.0371615670089626,0
0.0372489661065988,0
0.0373365707553699,0
0.0374243814387048,0
0.0375123986411697,0
0.0376006228484702,0
0.0376890545474545,0
0.0377776942261155,0
0.0378665423735939,0
0.0379555994801809,0
0.0380448660373208,0
0.0381343425376136,0
0.0382240294748177,0
0.0383139273438532,0
0.0384040366408036,0
0.0384943578629197,0
0.0385848915086214,0
0.0386756380775009,0
0.0387665980703253,0
0.0388577719890398,0
0.0389491603367695,0
0.0390407636178234,0
0.0391325823376962,0
0.0392246170030716,0
0.0393168681218248,0
0.0394093362030256,0
0.0395020217569409,0
0.0395949252950381,0
0.039688047329987,0
0.0397813883756633,0
0.0398749489471514,0
0.039968729560747,0
0.0400627307339601,0
0.0401569529855177,0
0.040251396835367,0
0.0403460628046778,0
0.0404409514158457,0
0.0405360631924952,0
0.0406313986594818,0
0.0407269583428956,0
0.0408227427700642,0
0.0409187524695551,0
0.0410149879711791,0
0.0411114498059931,0
0.0412081385063026,0
0.0413050546056656,0
0.0414021986388944,0
0.0414995711420594,0
0.0415971726524919,0
0.0416950037087864,0
0.0417930648508048,0
0.0418913566196781,0
0.0419898795578104,0
0.042088634208881,0
0.0421876211178484,0
0.0422868408309523,0
0.0423862938957174,0
0.042485980860956,0
0.042585902276771,0
0.0426860586945593,0
0.0427864506670145,0
0.04288707874813,0
0.0429879434932023,0
0.0430890454588336,0
0.0431903852029354,0
0.0432919632847313,0
0.0433937802647601,0
0.0434958367048788,0
0.043598133168266,0
0.0437006702194247,0
0.0438034484241855,0
0.0439064683497099,0
0.0440097305644931,0
0.0441132356383675,0
0.0442169841425057,0
0.0443209766494235,0
0.0444252137329831,0
0.0445296959683965,0
0.0446344239322286,0
0.0447393982024,0
0.0448446193581909,0
0.0449500879802434,0
0.0450558046505657,0
0.0451617699525344,0
0.0452679844708985,0
0.0453744487917819,0
0.0454811635026871,0
0.0455881291924984,0
0.0456953464514851,0
0.0458028158713047,0
0.045910538045006,0
0.0460185135670329,0
0.0461267430332272,0
0.046235227040832,0
0.046343966188495,0
0.0464529610762721,0
0.0465622123056302,0
0.0466717204794507,0
0.0467814862020332,0
0.0468915100790984,0
0.0470017927177914,0
0.0471123347266856,0
0.0472231367157851,0
0.0473341992965294,0
0.0474455230817954,0
0.0475571086859017,0
0.0476689567246116,0
0.0477810678151366,0
0.04789344257614,0
0.0480060816277398,0
0.0481189855915126,0
0.0482321550904968,0
0.0483455907491961,0
0.0484592931935832,0
0.0485732630511027,0
0.048687500950675,0
0.0488020075226995,0
0.0489167833990584,0
0.0490318292131199,0
0.0491471455997419,0
0.0492627331952753,0
0.0493785926375676,0
0.0494947245659664,0
0.0496111296213232,0
0.0497278084459964,0
0.0498447616838554,0
0.0499619899802837,0
0.0500794939821826,0
0.0501972743379752,0
0.0503153316976093,0
0.0504336667125612,0
0.0505522800358396,0
0.050671172321989,0
0.0507903442270932,0
0.0509097964087791,0
0.0510295295262201,0
0.05114954424014,0
0.0512698412128166,0
0.0513904211080851,0
0.0515112845913423,0
0.0516324323295495,0
0.0517538649912368,0
0.0518755832465066,0
0.0519975877670374,0
0.0521198792260873,0
0.0522424582984976,0
0.0523653256606971,0
0.0524884819907052,0
0.0526119279681362,0
0.0527356642742024,0
0.0528596915917185,0
0.052984010605105,0
0.053108622000392,0
0.0532335264652232,0
0.0533587246888593,0
0.0534842173621824,0
0.0536100051776993,0
0.0537360888295452,0
0.0538624690134883,0
0.0539891464269329,0
0.0541161217689234,0
0.0542433957401486,0
0.0543709690429448,0
0.0544988423813005,0
0.0546270164608597,0
0.0547554919889258,0
0.0548842696744661,0
0.0550133502281149,0
0.0551427343621782,0
0.0552724227906368,0
0.0554024162291511,0
0.0555327153950644,0
0.0556633210074072,0
0.0557942337869009,0
0.0559254544559623,0
0.0560569837387068,0
0.0561888223609531,0
0.0563209710502269,0
0.0564534305357648,0
0.0565862015485187,0
0.0567192848211593,0
0.0568526810880807,0
0.0569863910854041,0
0.057120415550982,0
0.0572547552244023,0
0.057389410846992,0
0.0575243831618219,0
0.0576596729137103,0
0.0577952808492273,0
0.0579312077166987,0
0.0580674542662105,0
0.0582040212496125,0
0.0583409094205228,0
0.0584781195343322,0
0.0586156523482078,0
0.0587535086210976,0
0.0588916891137343,0
0.05903019458864,0
0.0591690258101302,0
0.0593081835443177,0
0.0594476685591173,0
0.0595874816242498,0
0.0597276235112461,0
0.0598680949934521,0
0.0600088968460319,0
0.0601500298459732,0
0.0602914947720908,0
0.060433292405031,0
0.0605754235272767,0
0.0607178889231505,0
0.0608606893788197,0
0.061003825682301,0
0.0611472986234638,0
0.0612911089940356,0
0.0614352575876058,0
0.0615797451996303,0
0.0617245726274355,0
0.0618697406702235,0
0.0620152501290755,0
0.0621611018069573,0
0.0623072965087226,0
0.0624538350411183,0
0.0626007182127888,0
0.0627479468342799,0
0.0628955217180443,0
0.0630434436784448,0
0.06319171353176,0
0.063340332096188,0
0.0634893001918513,0
0.0636386186408013,0
0.0637882882670226,0
0.0639383098964377,0
0.0640886843569116,0
0.0642394124782564,0
0.0643904950922358,0
0.0645419330325697,0
0.0646937271349387,0
0.0648458782369888,0
0.0649983871783362,0
0.0651512548005716,0
0.0653044819472651,0
0.0654580694639708,0
0.0656120181982312,0
0.0657663289995825,0
0.0659210027195585,0
0.0660760402116961,0
0.0662314423315391,0
0.0663872099366439,0
0.0665433438865835,0
0.0666998450429526,0
0.0668567142693722,0
0.0670139524314944,0
0.0671715603970073,0
0.0673295390356397,0
0.0674878892191657,0
0.0676466118214099,0
0.0678057077182519,0
0.0679651777876312,0
0.0681250229095524,0
0.0682852439660895,0
0.0684458418413909,0
0.0686068174216847,0
0.0687681715952831,0
0.0689299052525876,0
0.0690920192860938,0
0.0692545145903962,0
0.0694173920621934,0
0.0695806526002928,0
0.0697442971056158,0
0.0699083264812027,0
0.0700727416322174,0
0.0702375434659528,0
0.0704027328918355,0
0.0705683108214312,0
0.0707342781684493,0
0.0709006358487481,0
0.0710673847803399,0
0.071234525883396,0
0.071402060080252,0
0.0715699882954127,0
0.0717383114555569,0
0.0719070304895432,0
0.0720761463284144,0
0.0722456599054034,0
0.0724155721559377,0
0.0725858840176447,0
0.0727565964303572,0
0.0729277103361181,0
0.0730992266791862,0
0.0732711464060409,0
0.0734434704653875,0
0.0736161998081627,0
0.0737893353875395,0
0.0739628781589328,0
0.0741368290800045,0
0.0743111891106686,0
0.0744859592130969,0
0.074661140351724,0
0.0748367334932529,0
0.0750127396066598,0
0.0751891596632002,0
0.0753659946364135,0
0.075543245502129,0
0.075720913238471,0
0.0758989988258642,0
0.0760775032470389,0
0.0762564274870369,0
0.0764357725332166,0
0.0766155393752587,0
0.0767957290051713,0
0.0769763424172956,0
0.0771573806083114,0
0.0773388445772425,0
0.0775207353254625,0
0.0777030538566997,0
0.0778858011770434,0
0.078068978294949,0
0.0782525862212433,0
0.0784366259691311,0
0.0786210985541996,0
0.0788060049944247,0
0.0789913463101763,0
0.0791771235242244,0
0.0793633376617441,0
0.0795499897503218,0
0.0797370808199604,0
0.0799246119030856,0
0.0801125840345507,0
0.0803009982516435,0
0.0804898555940907,0
0.0806791571040648,0
0.0808689038261892,0
0.0810590968075438,0
0.0812497370976716,0
0.0814408257485837,0
0.0816323638147655,0
0.0818243523531823,0
0.0820167924232853,0
0.0822096850870175,0
0.0824030314088192,0
0.0825968324556343,0
0.082791089296916,0
0.0829858030046327,0
0.0831809746532739,0
0.0833766053198561,0
0.083572696083929,0
0.0837692480275811,0
0.0839662622354458,0
0.0841637397947075,0
0.0843616817951076,0
0.0845600893289502,0
0.0847589634911085,0
0.0849583053790305,0
0.0851581160927458,0
0.0853583967348704,0
0.0855591484106141,0
0.0857603722277856,0
0.0859620692967992,0
0.0861642407306808,0
0.0863668876450739,0
0.0865700111582459,0
0.0867736123910941,0
0.0869776924671521,0
0.0871822525125959,0
0.0873872936562502,0
0.0875928170295943,0
0.0877988237667688,0
0.0880053150045816,0
0.0882122918825142,0
0.0884197555427281,0
0.0886277071300708,0
0.0888361477920826,0
0.0890450786790024,0
0.0892545009437745,0
0.0894644157420548,0
0.089674824232217,0
0.0898857275753591,0
0.09009712693531,0
0.0903090234786358,0
0.0905214183746461,0
0.0907343127954006,0
0.0909477079157156,0
0.09116160491317,0
0.091376004968113,0
0.0915909092636692,0
0.0918063189857459,0
0.0920222353230395,0
0.092238659467042,0
0.0924555926120479,0
0.0926730359551603,0
0.0928909906962977,0
0.0931094580382007,0
0.0933284391864386,0
0.0935479353494161,0
0.0937679477383799,0
0.0939884775674252,0
0.0942095260535029,0
0.0944310944164255,0
0.0946531838788751,0
0.0948757956664088,0
0.0950989310074662,0
0.0953225911333759,0
0.0955467772783628,0
0.0957714906795542,0
0.0959967325769871,0
0.0962225042136148,0
0.0964488068353139,0
0.0966756416908911,0
0.0969030100320905,0
0.0971309131135995,0
0.0973593521930568,0
0.0975883285310588,0
0.0978178433911666,0
0.0980478980399132,0
0.0982784937468099,0
0.0985096317843544,0
0.0987413134280365,0
0.0989735399563459,0
0.0992063126507797,0
0.0994396327958482,0
0.099673501679083,0
0.0999079205910439,0
0.100142890825326,0
0.100378413678566,0
0.100614490450451,0
0.100851122443725,0
0.101088310964194,0
0.101326057320738,0
0.101564362825314,0
0.101803228792962,0
0.10204265654182,0
0.102282647393121,0
0.102523202671208,0
0.10276432370354,0
0.103006011820694,0
0.10324826835638,0
0.103491094647442,0
0.103734492033871,0
0.103978461858807,0
0.10422300546855,0
0.104468124212565,0
0.104713819443494,0
0.104960092517156,0
0.105206944792563,0
0.105454377631919,0
0.105702392400634,0
0.10595099046733,0
0.106200173203846,0
0.106449941985248,0
0.106700298189837,0
0.106951243199155,0
0.107202778397992,0
0.107454905174396,0
0.107707624919679,0
0.107960939028426,0
0.108214848898502,0
0.108469355931058,0
0.108724461530541,0
0.108980167104703,0
0.109236474064603,0
0.109493383824623,0
0.109750897802467,0
0.110009017419177,0
0.110267744099136,0
0.110527079270076,0
0.110787024363087,0
0.111047580812626,0
0.111308750056521,0
0.111570533535986,0
0.11183293269562,0
0.112095948983423,0
0.112359583850797,0
0.112623838752561,0
0.112888715146954,0
0.113154214495644,0
0.113420338263736,0
0.113687087919785,0
0.113954464935794,0
0.114222470787232,0
0.114491106953037,0
0.114760374915625,0
0.115030276160899,0
0.115300812178255,0
0.115571984460594,0
0.115843794504327,0
0.116116243809384,0
0.116389333879225,0
0.116663066220842,0
0.116937442344775,0
0.117212463765114,0
0.117488131999511,0
0.117764448569188,0
0.118041414998943,0
0.118319032817162,0
0.118597303555824,0
0.118876228750512,0
0.11915580994042,0
0.119436048668361,0
0.11971694648078,0
0.119998504927755,0
0.120280725563011,0
0.120563609943928,0
0.120847159631549,0
0.121131376190586,0
0.121416261189433,0
0.121701816200172,0
0.121988042798583,0
0.122274942564151,0
0.122562517080076,0
0.122850767933283,0
0.123139696714427,0
0.123429305017905,0
0.123719594441864,0
0.124010566588209,0
0.124302223062614,0
0.124594565474526,0
0.124887595437182,0
0.125181314567609,0
0.125475724486639,0
0.125770826818916,0
0.126066623192903,0
0.126363115240896,0
0.126660304599028,0
0.12695819290728,0
0.12725678180949,0
0.127556072953364,0
0.12785606799048,0
0.128156768576303,0
0.12845817637019,0
0.128760293035401,0
0.129063120239108,0
0.129366659652403,0
0.129670912950309,0
0.129975881811789,0
0.130281567919754,0
0.130587972961072,0
0.13089509862658,0
0.131202946611091,0
0.131511518613404,0
0.131820816336312,0
0.132130841486616,0
0.132441595775128,0
0.132753080916685,0
0.133065298630156,0
0.133378250638455,0
0.133691938668545,0
0.134006364451453,0
0.134321529722276,0
0.134637436220191,0
0.134954085688468,0
0.135271479874474,0
0.135589620529686,0
0.135908509409702,0
0.136228148274249,0
0.136548538887189,0
0.136869683016537,0
0.137191582434464,0
0.137514238917307,0
0.137837654245585,0
0.138161830204001,0
0.138486768581457,0
0.138812471171061,0
0.139138939770141,0
0.139466176180248,0
0.139794182207174,0
0.140122959660955,0
0.140452510355885,0
0.140782836110525,0
0.141113938747714,0
0.141445820094577,0
0.141778481982535,0
0.142111926247319,0
0.142446154728975,0
0.142781169271878,0
0.143116971724741,0
0.143453563940622,0
0.143790947776942,0
0.144129125095485,0
0.144468097762419,0
0.144807867648297,0
0.145148436628072,0
0.145489806581109,0
0.145831979391189,0
0.146174956946529,0
0.146518741139781,0
0.146863333868051,0
0.147208737032908,0
0.14755495254039,0
0.147901982301021,0
0.148249828229817,0
0.148598492246296,0
0.148947976274494,0
0.14929828224297,0
0.149649412084818,0
0.15000136773768,0
0.150354151143755,0
0.150707764249808,0
0.151062209007184,0
0.151417487371818,0
0.151773601304243,0
0.152130552769606,0
0.152488343737671,0
0.15284697618284,0
0.153206452084155,0
0.153566773425313,0
0.153927942194678,0
0.154289960385288,0
0.154652829994871,0
0.15501655302585,0
0.155381131485362,0
0.155746567385259,0
0.15611286274213,0
0.156480019577303,0
0.156848039916861,0
0.157216925791654,0
0.157586679237305,0
0.157957302294226,0
0.158328797007628,0
0.158701165427533,0
0.159074409608782,0
0.159448531611051,0
0.159823533498858,0
0.160199417341579,0
0.160576185213454,0
0.160953839193604,0
0.161332381366038,0
0.161711813819666,0
0.162092138648314,0
0.162473357950729,0
0.162855473830595,0
0.163238488396544,0
0.163622403762167,0
0.164007222046026,0
0.164392945371665,0
0.164779575867624,0
0.165167115667446,0
0.165555566909694,0
0.165944931737961,0
0.16633521230088,0
0.166726410752138,0
0.167118529250488,0
0.167511569959758,0
0.167905535048868,0
0.168300426691835,0
0.168696247067793,0
0.169092998360999,0
0.169490682760847,0
0.16988930246188,0
0.170288859663805,0
0.170689356571498,0
0.171090795395025,0
0.171493178349645,0
0.171896507655832,0
0.172300785539279,0
0.172706014230914,0
0.173112195966913,0
0.17351933298871,0
0.173927427543012,0
0.174336481881807,0
0.174746498262384,0
0.175157478947336,0
0.17556942620458,0
0.175982342307367,0
0.176396229534294,0
0.176811090169316,0
0.17722692650176,0
0.177643740826339,0
0.178061535443159,0
0.17848031265774,0
0.178900074781021,0
0.179320824129377,0
0.179742563024632,0
0.180165293794069,0
0.180589018770446,0
0.181013740292005,0
0.181439460702489,0
0.181866182351153,0
0.182293907592778,0
0.18272263878768,0
0.18315237830173,0
0.183583128506361,0
0.184014891778584,0
0.184447670500999,0
0.184881467061812,0
0.185316283854844,0
0.185752123279546,0
0.186188987741014,0
0.186626879649997,0
0.187065801422918,0
0.18750575548188,0
0.187946744254683,0
0.188388770174839,0
0.188831835681579,0
0.189275943219875,0
0.189721095240448,0
0.190167294199781,0
0.190614542560136,0
0.191062842789566,0
0.191512197361929,0
0.191962608756899,0
0.192414079459984,0
0.192866611962536,0
0.193320208761767,0
0.193774872360764,0
0.194230605268497,0
0.19468740999984,0
0.195145289075581,0
0.195604245022435,0
0.196064280373061,0
0.196525397666075,0
0.196987599446061,0
0.197450888263591,0
0.197915266675232,0
0.198380737243567,0
0.198847302537203,0
0.19931496513079,0
0.199783727605032,0
0.200253592546704,0
0.200724562548663,0
0.201196640209865,0
0.201669828135378,0
0.202144128936398,0
0.20261954523026,0
0.203096079640457,0
0.20357373479665,0
0.204052513334686,0
0.204532417896611,0
0.205013451130684,0
0.205495615691393,0
0.205978914239468,0
0.206463349441899,0
0.206948923971946,0
0.207435640509157,0
0.207923501739383,0
0.20841251035479,0
0.208902669053877,0
0.209393980541488,0
0.209886447528829,0
0.210380072733484,0
0.210874858879427,0
0.211370808697039,0
0.211867924923121,0
0.212366210300911,0
0.212865667580101,0
0.213366299516848,0
0.213868108873791,0
0.214371098420068,0
0.214875270931326,0
0.215380629189745,0
0.215887175984044,0
0.216394914109503,0
0.216903846367976,0
0.217413975567905,0
0.21792530452434,0
0.218437836058948,0
0.218951573000035,0
0.219466518182557,0
0.21998267444814,0
0.220500044645089,0
0.221018631628413,0
0.221538438259831,0
0.222059467407794,0
0.2225817219475,0
0.22310520476091,0
0.223629918736759,0
0.22415586677058,0
0.224683051764714,0
0.225211476628328,0
0.225741144277432,0
0.226272057634893,0
0.226804219630452,0
0.227337633200742,0
0.2278723012893,0
0.228408226846589,0
0.228945412830008,0
0.229483862203913,0
0.230023577939632,0
0.230564563015481,0
0.23110682041678,0
0.231650353135869,0
0.23219516417213,0
0.232741256531994,0
0.233288633228964,0
0.233837297283634,0
0.234387251723698,0
0.234938499583972,0
0.235491043906409,0
0.236044887740117,0
0.236600034141375,0
0.237156486173651,0
0.237714246907615,0
0.238273319421161,0
0.238833706799422,0
0.239395412134785,0
0.239958438526912,0
0.240522789082755,0
0.24108846691657,0
0.24165547514994,0
0.24222381691179,0
0.242793495338402,0
0.243364513573436,0
0.243936874767943,0
0.244510582080388,0
0.245085638676661,0
0.2456620477301,0
0.246239812421506,0
0.24681893593916,0
0.247399421478843,0
0.247981272243849,0
0.248564491445009,0
0.249149082300703,0
0.249735048036883,0
0.250322391887085,0
0.250911117092451,0
0.251501226901747,0
0.252092724571378,0
0.252685613365408,0
0.253279896555578,0
0.253875577421324,0
0.254472659249794,0
0.255071145335868,0
0.255671038982173,0
0.256272343499105,0
0.256875062204847,0
0.257479198425382,0
0.25808475549452,0
0.258691736753907,0
0.259300145553051,0
0.259909985249339,0
0.260521259208049,0
0.261133970802379,0
0.261748123413457,0
0.262363720430365,0
0.262980765250154,0
0.263599261277865,0
0.264219211926548,0
0.264840620617279,0
0.265463490779181,0
0.26608782584944,0
0.266713629273328,0
0.267340904504218,0
0.267969655003607,0
0.26859988424113,0
0.269231595694585,0
0.269864792849947,0
0.270499479201392,0
0.271135658251312,0
0.271773333510336,0
0.272412508497351,0
0.273053186739519,0
0.273695371772298,0
0.274339067139459,0
0.274984276393111,0
0.275631003093713,0
0.276279250810102,0
0.276929023119505,0
0.277580323607563,0
0.278233155868351,0
0.278887523504396,0
0.279543430126699,0
0.28020087935475,0
0.280859874816556,0
0.281520420148654,0
0.282182518996134,0
0.282846175012659,0
0.283511391860486,0
0.284178173210482,0
0.284846522742151,0
0.285516444143649,0
0.286187941111806,0
0.286861017352147,0
0.287535676578911,0
0.288211922515073,0
0.288889758892365,0
0.289569189451294,0
0.290250217941164,0
0.290932848120098,0
0.291617083755057,0
0.292302928621862,0
0.292990386505213,0
0.293679461198713,0
0.294370156504885,0
0.295062476235196,0
0.295756424210077,0
0.296452004258945,0
0.297149220220222,0
0.297848075941358,0
0.298548575278851,0
0.29925072209827,0
0.299954520274275,0
0.300659973690639,0
0.301367086240268,0
0.302075861825225,0
0.302786304356748,0
0.303498417755277,0
0.30421220595047,0
0.304927672881227,0
0.305644822495712,0
0.306363658751376,0
0.307084185614976,0
0.307806407062599,0
0.308530327079681,0
0.309255949661035,0
0.309983278810866,0
0.310712318542799,0
0.311443072879896,0
0.312175545854683,0
0.312909741509167,0
0.313645663894865,0
0.31438331707282,0
0.315122705113627,0
0.315863832097455,0
0.316606702114066,0
0.317351319262845,0
0.318097687652816,0
0.318845811402666,0
0.31959569464077,0
0.320347341505212,0
0.321100756143809,0
0.321855942714132,0
0.322612905383529,0
0.323371648329152,0
0.324132175737975,0
0.32489449180682,0
0.325658600742379,0
0.326424506761238,0
0.327192214089899,0
0.327961726964805,0
0.328733049632362,0
0.329506186348964,0
0.330281141381015,0
0.331057919004952,0
0.33183652350727,0
0.332616959184547,0
0.333399230343464,0
0.334183341300831,0
0.334969296383611,0
0.335757099928944,0
0.33654675628417,0
0.337338269806852,0
0.338131644864804,0
0.33892688583611,0
0.339723997109152,0
0.340522983082633,0
0.341323848165601,0
0.342126596777473,0
0.34293123334806,0
0.343737762317592,0
0.34454618813674,0
0.345356515266646,0
0.346168748178941,0
0.346982891355773,0
0.347798949289832,0
0.348616926484374,0
0.349436827453247,0
0.350258656720913,0
0.351082418822477,0
0.351908118303709,0
0.352735759721069,0
0.353565347641736,0
0.354396886643628,0
0.355230381315429,0
0.356065836256618,0
0.35690325607749,0
0.357742645399181,0
0.358584008853697,0
0.359427351083939,0
0.360272676743725,0
0.361119990497821,0
0.361969297021959,0
0.362820601002874,0
0.36367390713832,0
0.364529220137098,0
0.365386544719088,0
0.366245885615267,0
0.36710724756774,0
0.367970635329764,0
0.368836053665775,0
0.369703507351417,0
0.370573001173561,0
0.37144453993034,0
0.37231812843117,0
0.373193771496777,0
0.374071473959228,0
0.374951240661952,0
0.375833076459769,0
0.376716986218917,0
0.37760297481708,0
0.378491047143412,0
0.379381208098567,0
0.380273462594724,0
0.381167815555615,0
0.382064271916552,0
0.382962836624453,0
0.383863514637873,0
0.384766310927028,0
0.385671230473821,0
0.386578278271874,0
0.387487459326554,0
0.388398778654998,0
0.389312241286143,0
0.390227852260755,0
0.391145616631453,0
0.392065539462741,0
0.392987625831033,0
0.393911880824682,0
0.39483830954401,0
0.39576691710133,0
0.396697708620983,0
0.397630689239359,0
0.398565864104931,0
0.399503238378276,0
0.400442817232112,0
0.401384605851322,0
0.40232860943298,0
0.403274833186387,0
0.404223282333094,0
0.40517396210693,0
0.406126877754038,0
0.407082034532894,0
0.408039437714347,0
0.408999092581636,0
0.409961004430431,0
0.410925178568853,0
0.41189162031751,0
0.41286033500952,0
0.413831327990547,0
0.414804604618825,0
0.415780170265191,0
0.416758030313113,0
0.417738190158721,0
0.418720655210834,0
0.419705430890996,0
0.420692522633496,0
0.421681935885409,0
0.422673676106618,0
0.423667748769846,0
0.42466415936069,0
0.425662913377646,0
0.426664016332144,0
0.427667473748574,0
0.42867329116432,0
0.429681474129788,0
0.43069202820844,0
0.431704958976819,0
0.432720272024587,0
0.433737972954549,0
0.43475806738269,0
0.435780560938201,0
0.436805459263513,0
0.437832768014326,0
0.438862492859643,0
0.4398946394818,0
0.440929213576496,0
0.441966220852824,0
0.443005667033309,0
0.444047557853928,0
0.445091899064154,0
0.446138696426979,0
0.44718795571895,0
0.448239682730199,0
0.449293883264476,0
0.450350563139179,0
0.451409728185391,0
0.452471384247907,0
0.453535537185268,0
0.454602192869793,0
0.455671357187615,0
0.456743036038706,0
0.457817235336917,0
0.458893961010007,0
0.459973218999675,0
0.461055015261596,0
0.462139355765452,0
0.463226246494963,0
0.464315693447922,0
0.46540770263623,0
0.466502280085927,0
0.467599431837223,0
0.468699163944536,0
0.469801482476523,0
0.470906393516112,0
0.47201390316054,0
0.473124017521381,0
0.474236742724585,0
0.475352084910508,0
0.476470050233948,0
0.477590644864178,0
0.47871387498498,0
0.47983974679468,0
0.480968266506182,0
0.482099440346999,0
0.483233274559295,0
0.484369775399912,0
0.485508949140407,0
0.486650802067088,0
0.487795340481046,0
0.488942570698194,0
0.490092499049296,0
0.491245131880008,0
0.492400475550908,0
0.493558536437535,0
0.494719320930421,0
0.495882835435128,0
0.497049086372282,0
0.498218080177614,0
0.499389823301985,0
0.500564322211432,0
0.501741583387196,0
0.502921613325763,0
0.504104418538898,0
0.50529000555368,0
0.506478380912539,0
0.507669551173292,0
0.508863522909179,0
0.5100603027089,0
0.511259897176649,0
0.512462312932155,0
0.513667556610714,0
0.514875634863227,0
0.516086554356237,0
0.517300321771967,0
0.518516943808356,0
0.519736427179094,0
0.520958778613661,0
0.522184004857365,0
0.523412112671377,0
0.524643108832771,0
0.525877000134556,0
0.527113793385722,0
0.528353495411271,0
0.529596113052254,0
0.530841653165816,0
0.532090122625224,0
0.533341528319915,0
0.534595877155525,0
0.535853176053932,0
0.537113431953297,0
0.538376651808093,0
0.539642842589153,0
0.540912011283702,0
0.542184164895401,0
0.543459310444379,0
0.54473745496728,0
0.546018605517292,0
0.547302769164194,0
0.548589952994393,0
0.549880164110961,0
0.551173409633676,0
0.552469696699059,0
0.553769032460419,0
0.555071424087885,0
0.556376878768449,0
0.55768540370601,0
0.558997006121406,0
0.560311693252458,0
0.56162947235401,0
0.562950350697968,0
0.564274335573342,0
0.565601434286282,0
0.566931654160124,0
0.568265002535425,0
0.569601486770008,0
0.570941114239,0
0.572283892334873,0
0.573629828467486,0
0.574978930064123,0
0.576331204569538,0
0.577686659445993,0
0.579045302173302,0
0.580407140248868,0
0.581772181187727,0
0.583140432522593,0
0.584511901803891,0
0.585886596599808,0
0.587264524496328,0
0.588645693097275,0
0.59003011002436,0
0.591417782917216,0
0.592808719433444,0
0.594202927248656,0
0.595600414056515,0
0.597001187568778,0
0.59840525551534,0
0.599812625644276,0
0.601223305721883,0
0.602637303532721,0
0.604054626879663,0
0.605475283583929,0
0.606899281485136,0
0.608326628441338,0
0.609757332329068,0
0.611191401043389,0
0.612628842497927,0
0.614069664624921,0
0.615513875375267,0
0.616961482718559,0
0.618412494643135,0
0.619866919156122,0
0.621324764283476,0
0.62278603807003,0
0.624250748579537,0
0.625718903894718,0
0.627190512117299,0
0.628665581368062,0
0.63014411978689,0
0.631626135532805,0
0.633111636784024,0
0.634600631737995,0
0.636093128611443,0
0.637589135640423,0
0.639088661080355,0
0.640591713206078,0
0.642098300311891,0
0.6436084307116,0
0.645122112738565,0
0.646639354745743,0
0.648160165105739,0
0.649684552210845,0
0.651212524473097,0
0.652744090324307,0
0.654279258216124,0
0.655818036620072,0
0.657360434027597,0
0.658906458950119,0
0.660456119919074,0
0.662009425485961,0
0.663566384222396,0
0.66512700472015,0
0.666691295591201,0
0.668259265467784,0
0.669830923002432,0
0.671406276868031,0
0.672985335757864,0
0.674568108385658,0
0.676154603485634,0
0.677744829812554,0
0.679338796141773,0
0.680936511269281,0
0.682537984011756,0
0.684143223206615,0
0.685752237712053,0
0.687365036407104,0
0.688981628191682,0
0.690602021986632,0
0.692226226733781,0
0.693854251395984,0
0.695486104957178,0
0.697121796422427,0
0.698761334817975,0
0.700404729191294,0
0.702051988611133,0
0.703703122167573,0
0.705358138972071,0
0.707017048157513,0
0.708679858878265,0
0.710346580310223,0
0.712017221650863,0
0.713691792119294,0
0.715370300956303,0
0.717052757424415,0
0.718739170807935,0
0.720429550413008,0
0.72212390556766,0
0.723822245621862,0
0.72552457994757,0
0.727230917938782,0
0.728941269011592,0
0.730655642604237,0
0.732374048177153,0
0.734096495213024,0
0.735822993216838,0
0.737553551715938,0
0.73928818026007,0
0.741026888421444,0
0.74276968579478,0
0.744516581997364,0
0.746267586669104,0
0.748022709472574,0
0.749781960093076,0
0.751545348238692,0
0.753312883640334,0
0.7550845760518,0
0.756860435249828,0
0.75864047103415,0
0.760424693227547,0
0.762213111675897,0
0.76400573624824,0
0.765802576836823,0
0.76760364335716,0
0.769408945748084,0
0.771218493971803,0
0.773032298013955,0
0.774850367883663,0
0.776672713613591,0
0.778499345259996,0
0.780330272902787,0
0.782165506645583,0
0.78400505661576,0
0.785848932964516,0
0.787697145866921,0
0.789549705521976,0
0.791406622152671,0
0.793267906006037,0
0.795133567353204,0
0.797003616489459,0
0.798878063734303,0
0.800756919431507,0
0.802640193949168,0
0.804527897679769,0
0.806420041040233,0
0.808316634471983,0
0.810217688441,0
0.812123213437877,0
0.814033219977883,0
0.815947718601014,0
0.817866719872056,0
0.819790234380643,0
0.821718272741314,0
0.823650845593572,0
0.825587963601941,0
0.827529637456027,0
0.82947587787058,0
0.831426695585546,0
0.833382101366131,0
0.835342106002859,0
0.837306720311632,0
0.839275955133791,0
0.841249821336173,0
0.843228329811172,0
0.845211491476801,0
0.847199317276748,0
0.849191818180443,0
0.851189005183112,0
0.853190889305841,0
0.855197481595635,0
0.857208793125481,0
0.85922483499441,0
0.861245618327554,0
0.86327115427621,0
0.865301454017903,0
0.867336528756444,0
0.869376389721996,0
0.871421048171132,0
0.8734705153869,0
0.875524802678885,0
0.877583921383267,0
0.879647882862893,0
0.881716698507329,0
0.883790379732931,0
0.885868937982901,0
0.887952384727357,0
0.890040731463394,0
0.892133989715143,0
0.894232171033842,0
0.896335286997894,0
0.898443349212931,0
0.900556369311885,0
0.902674358955042,0
0.904797329830116,0
0.906925293652304,0
0.909058262164358,180
0.911196247136651,180
0.913339260367232,180
0.915487313681902,180
0.917640418934272,180
0.919798588005831,180
0.921961832806016,180
0.924130165272269,180
0.926303597370108,180
0.928482141093194,180
0.930665808463394,180
0.932854611530849,180
0.935048562374042,180
0.937247673099859,180
0.939451955843665,180
0.941661422769362,180
0.943876086069463,180
0.946095957965152,180
0.948321050706359,180
0.950551376571823,180
0.95278694786916,180
0.955027776934934,180
0.957273876134723,180
0.959525257863185,180
0.96178193454413,180
0.964043918630585,180
0.966311222604871,180
0.968583858978658,180
0.970861840293047,180
0.973145179118632,180
0.975433888055571,180
0.977727979733658,180
0.980027466812389,180
0.982332361981033,180
0.984642677958704,180
0.986958427494427,180
0.989279623367216,180
0.991606278386134,180
0.993938405390373,180
0.99627601724932,180
0.998619126862627,180
1.00096774716029,180
1.0033218911027,180
1.00568157168076,180
1.00804680191589,180
1.01041759486015,180
1.01279396359631,180
1.01517592123788,180
1.01756348092924,180
1.01995665584566,180
1.02235545919342,180
1.02475990420984,180
1.02717000416338,180
1.02958577235371,180
1.03200722211177,180
1.03443436679985,180
1.03686721981169,180
1.0393057945725,180
1.04175010453908,180
1.04420016319988,180
1.04665598407507,180
1.04911758071661,180
1.05158496670835,180
1.05405815566607,180
1.05653716123759,180
1.0590219971028,180
1.06151267697379,180
1.0640092145949,180
1.06651162374276,180
1.06901991822645,180
1.07153411188749,180
1.07405421859997,180
1.0765802522706,180
1.07911222683881,180
1.08165015627681,180
1.08419405458965,180
1.08674393581535,180
1.08929981402493,180
1.0918617033225,180
1.09442961784534,180
1.097003571764,180
1.09958357928233,180
1.10216965463759,180
1.10476181210055,180
1.10736006597551,180
1.10996443060043,180
1.11257492034699,180
1.11519154962066,180
1.1178143328608,180
1.12044328454073,180
1.1230784191678,180
1.12571975128349,180
1.12836729546347,180
1.13102106631769,180
1.13368107849049,180
1.1363473466606,180
1.1390198855413,180
1.1416987098805,180
1.14438383446074,180
1.14707527409937,180
1.14977304364856,180
1.15247715799544,180
1.15518763206213,180
1.15790448080585,180
1.16062771921899,180
1.16335736232922,180
1.16609342519954,180
1.16883592292838,180
1.17158487064967,180
1.17434028353294,180
1.17710217678341,180
1.17987056564203,180
1.18264546538562,180
1.18542689132693,180
1.18821485881471,180
1.1910093832338,180
1.19381048000526,180
1.19661816458638,180
1.19943245247082,180
1.20225335918867,180
1.20508090030657,180
1.20791509142774,180
1.21075594819211,180
1.2136034862764,180
1.21645772139418,180
1.219318669296,180
1.22218634576943,180
1.22506076663919,180
1.22794194776721,180
1.23082990505273,180
1.23372465443236,180
1.23662621188022,180
1.23953459340799,180
1.242449815065,180
1.24537189293832,180
1.24830084315289,180
1.25123668187153,180
1.25417942529509,180
1.25712908966254,180
1.26008569125101,180
1.26304924637594,180
1.26601977139112,180
1.26899728268882,180
1.27198179669984,180
1.27497332989366,180
1.27797189877844,180
1.28097751990122,180
1.28399020984793,180
1.2870099852435,180
1.29003686275198,180
1.29307085907659,180
1.29611199095986,180
1.29916027518367,180
1.30221572856938,180
1.30527836797793,180
1.30834821030987,180
1.31142527250554,180
1.3145095715451,180
1.31760112444866,180
1.32069994827634,180
1.3238060601284,180
1.32691947714531,180
1.33004021650785,180
1.33316829543721,180
1.33630373119509,180
1.33944654108376,180
1.34259674244622,180
1.34575435266624,180
1.34891938916846,180
1.35209186941853,180
1.35527181092315,180
1.35845923123021,180
1.36165414792887,180
1.36485657864964,180
1.36806654106453,180
1.37128405288707,180
1.37450913187247,180
1.37774179581772,180
1.38098206256161,180
1.38422994998495,180
1.38748547601055,180
1.3907486586034,180
1.39401951577074,180
1.39729806556216,180
1.40058432606968,180
1.40387831542789,180
1.40718005181403,180
1.41048955344809,180
1.4138068385929,180
1.41713192555426,180
1.420464832681,180
1.42380557836512,180
1.42715418104188,180
1.43051065918987,180
1.43387503133118,180
1.43724731603143,180
1.44062753189991,180
1.44401569758969,180
1.44741183179769,180
1.45081595326481,180
1.45422808077604,180
1.45764823316054,180
1.46107642929173,180
1.46451268808747,180
1.46795702851006,180
1.47140946956642,180
1.47487003030819,180
1.47833872983178,180
1.48181558727853,180
1.4853006218348,180
1.48879385273208,180
1.49229529924708,180
1.49580498070183,180
1.49932291646385,180
1.50284912594615,180
1.50638362860745,180
1.5099264439522,180
1.51347759153074,180
1.51703709093938,180
1.52060496182052,180
1.52418122386277,180
1.52776589680101,180
1.53135900041658,180
1.5349605545373,180
1.53857057903765,180
1.54218909383885,180
1.54581611890896,180
1.54945167426301,180
1.5530957799631,180
1.55674845611852,180
1.56040972288584,180
1.56407960046905,180
1.56775810911965,180
1.57144526913677,180
1.57514110086729,180
1.57884562470592,180
1.58255886109536,180
1.58628083052638,180
1.59001155353793,180
1.59375105071729,180
1.59749934270013,180
1.60125645017068,180
1.60502239386179,180
1.60879719455509,180
1.61258087308108,180
1.61637345031925,180
1.62017494719819,180
1.62398538469572,180
1.627804783839,180
1.63163316570464,180
1.6354705514188,180
1.63931696215735,180
1.64317241914596,180
1.64703694366022,180
1.65091055702574,180
1.6547932806183,180
1.65868513586395,180
1.66258614423915,180
1.66649632727083,180
1.67041570653658,180
1.67434430366472,180
1.67828214033446,180
1.68222923827597,180
1.68618561927054,180
1.69015130515069,180
1.69412631780027,180
1.69811067915462,180
1.70210441120066,180
1.70610753597702,180
1.71012007557415,180
1.71414205213447,180
1.71817348785247,180
1.72221440497485,180
1.72626482580062,180
1.73032477268122,180
1.73439426802068,180
1.73847333427572,180
1.74256199395586,180
1.74666026962358,180
1.7507681838944,180
1.75488575943705,180
1.75901301897357,180
1.76314998527942,180
1.76729668118365,180
1.77145312956899,180
1.77561935337198,180
1.77979537558313,180
1.78398121924698,180
1.7881769074623,180
1.79238246338217,180
1.79659791021413,180
1.80082327122031,180
1.80505856971752,180
1.80930382907744,180
1.81355907272669,180
1.81782432414702,180
1.82209960687536,180
1.82638494450405,180
1.83068036068087,180
1.83498587910923,180
1.83930152354831,180
1.84362731781313,180
1.84796328577475,180
1.85230945136036,180
1.85666583855343,180
1.86103247139382,180
1.86540937397794,180
1.86979657045888,180
1.87419408504653,180
1.87860194200769,180
1.88302016566628,180
1.8874487804034,180
1.89188781065748,180
1.89633728092446,180
1.90079721575786,180
1.90526763976895,180
1.90974857762691,180
1.9142400540589,180
1.91874209385028,180
1.92325472184465,180
1.92777796294407,180
1.93231184210917,180
1.93685638435928,180
1.94141161477255,180
1.94597755848614,180
1.95055424069632,180
1.9551416866586,180
1.95973992168792,180
1.96434897115874,180
1.96896886050519,180
1.97359961522123,180
1.97824126086077,180
1.98289382303783,180
1.98755732742666,0
1.9922317997619,0
1.99691726583871,0
2.00161375151291,0
2.00632128270115,0
2.01103988538103,0
2.0157695855912,0
2.02051040943162,0
2.02526238306359,0
2.03002553270994,0
2.03479988465518,0
2.03958546524564,0
2.04438230088962,0
2.04919041805751,0
2.05400984328196,0
2.05884060315804,0
2.06368272434333,0
2.06853623355815,0
2.07340115758564,0
2.07827752327193,0
2.08316535752628,0
2.08806468732125,0
2.09297553969285,0
2.09789794174064,0
2.10283192062793,0
2.10777750358194,0
2.11273471789389,0
2.11770359091919,0
2.12268415007761,0
2.12767642285337,0
2.13268043679537,0
2.13769621951728,0
2.14272379869771,0
2.14776320208037,0
2.15281445747423,0
2.15787759275365,0
2.16295263585855,0
2.16803961479458,0
2.17313855763321,0
2.17824949251198,0
2.18337244763457,0
2.18850745127103,0
2.19365453175784,0
2.19881371749819,0
2.20398503696201,0
2.20916851868623,0
2.21436419127488,0
2.21957208339926,0
2.2247922237981,0
2.23002464127773,0
2.23526936471223,0
2.24052642304356,0
2.24579584528179,0
2.25107766050518,0
2.2563718978604,0
2.26167858656267,0
2.2669977558959,0
2.2723294352129,0
2.27767365393548,0
2.28303044155469,0
2.2883998276309,0
2.29378184179402,0
2.29917651374365,0
2.30458387324922,0
2.31000395015019,0
2.31543677435619,0
2.32088237584721,0
2.32634078467373,0
2.33181203095691,0
2.33729614488876,0
2.34279315673228,0
2.34830309682166,0
2.35382599556243,0
2.35936188343162,0
2.36491079097795,0
2.37047274882198,0
2.37604778765628,0
2.38163593824562,0
2.38723723142711,0
2.3928516981104,0
2.39847936927782,0
2.40412027598456,0
2.40977444935889,0
2.41544192060223,0
2.42112272098943,0
2.42681688186888,0
2.43252443466267,0
2.43824541086684,0
2.44397984205146,0
2.44972775986087,0
2.45548919601385,0
2.46126418230373,0
2.46705275059866,0
2.47285493284171,0
2.4786707610511,0
2.48450026732034,0
2.49034348381841,0
2.49620044278997,0
2.50207117655548,0
2.50795571751147,0
2.5138540981306,0
2.51976635096195,0
2.52569250863111,0
2.53163260384044,0
2.53758666936919,0
2.5435547380737,0
2.5495368428876,0
2.55553301682195,0
2.56154329296548,0
2.56756770448471,0
2.57360628462418,0
2.57965906670662,0
2.58572608413313,0
2.59180737038333,0
2.59790295901564,0
2.60401288366737,0
2.61013717805492,0
2.61627587597404,0
2.62242901129991,0
2.62859661798742,0
2.6347787300713,0
2.64097538166632,0
2.6471866069675,0
2.65341244025026,0
2.65965291587064,0
2.66590806826551,0
2.67217793195267,0
2.67846254153117,0
2.68476193168137,0
2.69107613716524,0
2.69740519282649,0
2.70374913359076,0
2.71010799446587,0
2.71648181054192,0
2.72287061699159,0
2.72927444907026,0
2.73569334211621,0
2.74212733155086,0
2.74857645287891,0
2.75504074168859,0
2.7615202336518,0
2.76801496452435,0
2.77452497014615,0
2.78105028644139,0
2.78759094941875,0
2.7941469951716,0
2.80071845987819,0
2.80730537980188,0
2.81390779129128,0
2.82052573078052,0
2.8271592347894,0
2.83380833992361,0
2.84047308287495,0
2.84715350042149,0
2.8538496294278,0
2.86056150684518,0
2.86728916971179,0
2.87403265515294,0
2.88079200038122,0
2.88756724269677,0
2.89435841948743,0
2.90116556822899,0
2.90798872648536,0
2.9148279319088,0
2.92168322224013,0
2.92855463530895,0
2.93544220903378,0
2.94234598142237,0
2.94926599057183,0
2.95620227466886,0
2.96315487199002,0
2.97012382090184,0
2.9771091598611,0
2.98411092741503,0
2.99112916220152,0
2.99816390294932,0
3.00521518847827,0
3.01228305769952,0
3.01936754961571,0
3.02646870332123,0
3.03358655800242,0
3.04072115293775,0
3.04787252749809,0
3.05504072114691,0
3.06222577344048,0
3.06942772402811,0
3.07664661265235,0
3.08388247914923,0
3.09113536344845,0
3.09840530557365,0
3.10569234564259,0
3.11299652386736,0
3.12031788055464,0
3.12765645610591,0
3.13501229101767,0
3.14238542588164,0
3.14977590138504,0
3.15718375831075,0
3.16460903753759,0
3.1720517800405,0
3.17951202689081,0
3.18698981925642,0
3.19448519840209,0
3.20199820568958,0
3.20952888257795,0
3.21707727062379,0
3.22464341148138,0
3.23222734690301,0
3.23982911873913,0
3.24744876893863,0
3.25508633954907,0
3.26274187271687,0
3.27041541068762,0
3.27810699580622,0
3.28581667051718,0
3.29354447736484,0
3.30129045899358,0
3.30905465814809,0
3.31683711767359,0
3.32463788051605,0
3.33245698972247,0
3.34029448844106,0
3.34815041992153,0
3.3560248275153,0
3.36391775467574,0
3.37182924495845,0
3.37975934202141,0
3.38770808962534,0
3.39567553163383,0
3.40366171201365,0
3.41166667483499,0
3.41969046427165,0
3.42773312460136,0
3.43579470020596,0
3.44387523557168,0
3.45197477528938,0
3.46009336405478,0
3.46823104666873,0
3.47638786803742,0
3.4845638731727,0
3.49275910719225,0
3.50097361531985,0
3.50920744288567,0
3.51746063532647,0
3.52573323818589,0
3.53402529711466,0
3.54233685787089,0
3.5506679663203,0
3.55901866843649,0
3.56738901030116,0
3.57577903810443,0
3.584188798145,0
3.59261833683051,0
3.6010677006777,0
3.60953693631274,0
3.61802609047147,0
3.62653520999959,180
3.63506434185305,180
3.64361353309816,180
3.65218283091198,180
3.66077228258251,180
3.66938193550895,180
3.67801183720199,180
3.68666203528404,180
3.69533257748954,180
3.70402351166518,180
3.71273488577019,180
3.72146674787656,180
3.73021914616939,180
3.73899212894705,180
3.74778574462156,180
3.75660004171875,180
3.7654350688786,180
3.77429087485548,180
3.78316750851841,180
3.79206501885139,180
3.80098345495355,180
3.80992286603957,180
3.81888330143981,180
3.8278648106007,180
3.83686744308495,180
3.84589124857181,180
3.85493627685739,180
3.86400257785491,180
3.87309020159498,180
3.88219919822588,180
3.89132961801381,180
3.90048151134322,180
3.90965492871704,180
3.91884992075698,180
3.92806653820381,180
3.93730483191762,180
3.94656485287815,180
3.95584665218498,180
3.96515028105792,180
3.97447579083724,180
3.98382323298393,180
3.99319265908002,180
4.00258412082886,180
4.01199767005538,180
4.02143335870644,180
4.03089123885101,180
4.04037136268059,180
4.04987378250934,180
4.05939855077455,180
4.06894572003677,180
4.07851534298018,180
4.0881074724129,180
4.09772216126719,180
4.10735946259984,180
4.11701942959242,180
4.12670211555157,180
4.13640757390929,180
4.14613585822325,0
4.15588702217709,0
4.16566111958072,0
4.17545820437055,0
4.1852783306099,0
4.19512155248921,0
4.20498792432637,0
4.21487750056704,0
4.2247903357849,0
4.23472648468199,0
4.244686002089,0
4.25466894296559,0
4.26467536240067,0
4.2747053156127,0
4.28475885795002,0
4.29483604489113,0
4.30493693204502,0
4.31506157515147,0
4.32521003008133,0
4.33538235283686,0
4.34557859955204,0
4.35579882649288,0
4.36604309005768,0
4.3763114467774,0
4.38660395331599,0
4.39692066647061,0
4.40726164317203,0
4.41762694048491,0
4.42801661560811,0
4.43843072587503,0
4.44886932875389,0
4.45933248184808,0
4.46982024289647,0
4.48033266977372,0
4.4908698204906,0
4.5014317531943,0
4.5120185261688,0
4.52263019783514,0
4.53326682675173,0
4.54392847161475,0
4.55461519125838,0
4.56532704465521,0
4.57606409091651,0
4.58682638929256,0
4.597613999173,0
4.60842698008715,0
4.61926539170432,0
4.63012929383418,0
4.64101874642704,0
4.65193380957422,0
4.66287454350836,0
4.67384100860375,0
4.6848332653767,0
4.69585137448581,0
4.70689539673238,0
4.71796539306067,0
4.7290614245583,0
4.74018355245656,0
4.75133183813071,0
4.76250634310041,0
4.77370712902996,0
4.78493425772871,0
4.7961877911514,0
4.80746779139842,0
4.81877432071626,0
4.83010744149779,0
4.84146721628263,0
4.85285370775746,0
4.86426697875641,0
4.87570709226139,0
4.88717411140242,0
4.89866809945801,0
4.91018911985549,0
4.92173723617134,0
4.93331251213161,0
4.94491501161216,0
4.95654479863914,0
4.96820193738925,0
4.97988649219013,0
4.99159852752071,0
5.00333810801156,0
5.01510529844527,0
5.02690016375678,0
5.03872276903373,0
5.05057317951688,0
5.06245146060038,0
5.07435767783221,0
5.08629189691451,0
5.09825418370392,0
5.11024460421199,0
5.12226322460551,0
5.13431011120687,0
5.14638533049449,0
5.15848894910307,0
5.17062103382409,0
5.18278165160607,0
5.19497086955501,0
5.20718875493472,0
5.21943537516722,0
5.23171079783308,0
5.24401509067182,0
5.25634832158227,0
5.26871055862297,0
5.28110187001248,0
5.29352232412986,0
5.30597198951493,0
5.31845093486875,0
5.33095922905393,0
5.34349694109505,0
5.35606414017903,0
5.36866089565548,0
5.38128727703715,0
5.39394335400025,0
5.40662919638486,0
5.41934487419534,0
5.43209045760064,0
5.44486601693479,0
5.45767162269722,0
5.47050734555314,0
5.483373256334,0
5.4962694260378,0
5.50919592582952,0
5.52215282704155,0
5.53514020117399,0
5.54815811989514,0
5.56120665504182,0
5.57428587861983,0
5.58739586280433,0
5.60053667994016,0
5.61370840254238,0
5.62691110329655,0
5.6401448550592,0
5.65340973085821,0
5.66670580389318,0
5.68003314753591,0
5.69339183533073,0
5.70678194099494,0
5.72020353841923,0
5.73365670166806,0
5.74714150498008,0
5.76065802276853,0
5.77420632962167,0
5.78778650030321,0
5.80139860975263,0
5.81504273308572,0
5.82871894559488,0
5.84242732274963,0
5.85616794019699,0
5.86994087376182,0
5.88374619944741,0
5.89758399343571,0
5.91145433208791,0
5.92535729194475,0
5.93929294972698,0
5.95326138233583,0
5.96726266685334,0
5.98129688054288,0
5.9953641008495,0
6.0094644054004,0
6.02359787200538,0
6.03776457865718,0
6.05196460353201,0
6.06619802498994,0
6.08046492157531,0
6.09476537201721,0
6.10909945522987,0
6.12346725031312,0
6.13786883655285,0
6.15230429342137,0
6.16677370057795,0
6.18127713786917,0
6.1958146853294,0
6.21038642318129,0
6.22499243183608,0
6.23963279189421,0
6.25430758414562,0
6.26901688957028,0
6.28376078933864,0
6.29853936481201,0
6.31335269754307,0
6.3282008692763,0
6.34308396194842,0
6.3580020576889,0
6.3729552388203,0
6.38794358785885,0
6.4029671875148,0
6.41802612069295,0
6.4331204704931,0
6.44825032021045,0
6.46341575333612,0
6.47861685355758,0
6.49385370475913,0
6.50912639102238,0
6.52443499662662,0
6.53977960604943,0
6.55516030396701,0
6.57057717525475,0
6.58603030498765,0
6.60151977844075,0
6.61704568108971,0
6.63260809861118,0
6.64820711688331,0
6.66384282198624,0
6.67951530020254,0
6.69522463801774,0
6.71097092212071,0
6.72675423940427,0
6.74257467696557,0
6.75843232210658,0
6.77432726233464,0
6.79025958536284,0
6.8062293791106,0
6.82223673170413,0
6.83828173147683,0
6.85436446696993,0
6.87048502693283,0
6.8866435003237,0
6.90283997630994,0
6.91907454426859,0
6.93534729378697,0
6.95165831466306,0
6.96800769690603,0
6.98439553073676,0
7.00082190658831,0
7.0172869151064,0
7.03379064714997,0
7.05033319379165,0
7.06691464631824,0
7.08353509623123,0
7.10019463524736,0
7.11689335529899,0
7.13363134853476,0
7.15040870732003,0
7.16722552423735,0
7.18408189208705,0
7.20097790388769,0
7.21791365287661,0
7.23488923251043,0
7.25190473646556,0
7.26896025863875,0
7.28605589314754,0
7.30319173433085,0
7.32036787674949,0
7.33758441518661,0
7.35484144464834,0
7.3721390603642,0
7.38947735778771,0
7.40685643259688,0
7.42427638069472,0
7.44173729820982,0
7.45923928149683,0
7.47678242713702,0
7.49436683193882,0
7.51199259293832,0
7.52965980739985,0
7.54736857281644,0
7.56511898691048,0
7.58291114763417,0
7.60074515317004,0
7.61862110193158,0
7.6365390925637,0
7.65449922394334,0
7.67250159517999,0
7.69054630561617,0
7.70863345482813,0
7.72676314262624,0
7.74493546905563,0
7.76315053439676,0
7.78140843916589,0
7.79970928411569,0
7.81805317023579,0
7.83644019875335,0
7.85487047113361,0
7.87334408908038,0
7.89186115453675,0
7.91042176968548,0
7.92902603694973,0
7.94767405899351,0
7.96636593872225,0
7.98510177928348,0
8.00388168406723,0
8.02270575670674,0
8.04157410107901,0
8.06048682130526,0
8.07944402175167,0
8.09844580702982,0
8.11749228199736,0
8.13658355175855,0
8.1557197216648,0
8.17490089731534,0
8.19412718455772,0
8.21339868948847,0
8.2327155184536,0
8.25207777804926,0
8.27148557512231,0
8.29093901677085,0
8.31043821034491,0
8.32998326344699,0
8.34957428393262,0
8.36921137991104,0
8.38889465974569,0
8.40862423205492,0
8.42840020571252,0
8.44822268984833,0
8.46809179384885,0
8.48800762735784,0
8.50797030027693,0
8.52797992276626,0
8.54803660524497,0
8.56814045839197,0
8.58829159314643,0
8.60849012070845,0
8.62873615253966,0
8.64902980036382,0
8.66937117616745,0
8.68976039220047,0
8.71019756097676,0
8.73068279527488,0
8.75121620813854,0
8.7717979128774,0
8.79242802306754,0
8.81310665255221,0
8.83383391544239,0
8.8546099261174,0
8.87543479922563,0
8.89630864968503,0
8.91723159268387,0
8.93820374368135,0
8.95922521840815,0
8.98029613286719,0
9.00141660333416,0
9.02258674635826,0
9.04380667876281,0
9.06507651764582,0
9.08639638038076,0
9.10776638461711,0
9.12918664828107,0
9.15065728957617,0
9.17217842698394,0
9.19375017926458,0
9.21537266545757,0
9.23704600488238,0
9.25877031713911,0
9.2805457221091,0
9.30237233995569,0
9.32425029112478,0
9.34617969634557,0
9.36816067663121,0
9.39019335327942,0
9.41227784787325,0
9.43441428228162,0
9.45660277866013,0
9.47884345945168,0
9.50113644738709,0
9.52348186548587,0
9.54587983705683,0
9.5683304856988,0
9.5908339353013,0
9.61339031004521,0
9.63599973440347,0
9.65866233314176,0
9.68137823131921,0
9.70414755428908,0
9.72697042769939,0
9.74984697749373,0
9.77277732991184,0
9.7957616114904,0
9.8187999490637,0
9.84189246976424,0
9.86503930102364,0
9.88824057057312,0
9.91149640644436,0
9.93480693697017,0
9.9581722907851,0
9.98159259682634,0
10.0050679843342,0
10.0285985828531,0
10.052184522232,0
10.0758259326253,0
10.0995229444935,0
10.1232756886039,0
10.1470842960314,0
10.1709488981592,0
10.1948696266793,0
10.2188466135937,0
10.2428799912146,0
10.2669698921656,0
10.291116449382,0
10.315319796112,0
10.3395800659169,0
10.3638973926723,0
10.3882719105686,0
10.4127037541118,0
10.4371930581243,0
10.4617399577455,0
10.4863445884327,0
10.5110070859617,0
10.5357275864277,0
10.5605062262459,0
10.5853431421524,0
10.6102384712049,0
10.6351923507834,0
10.660204918591,0
10.6852763126546,0
10.7104066713258,0
10.7355961332817,0
10.7608448375252,0
10.7861529233865,0
10.8115205305233,0
10.8369477989218,0
10.8624348688973,0
10.8879818810953,0
10.913588976492,0
10.9392562963951,0
10.9649839824447,0
10.990772176614,0
11.01662102121,0
11.0425306588748,0
11.0685012325853,0
11.0945328856553,0
11.1206257617353,0
11.1467800048137,0
11.1729957592176,0
11.1992731696135,0
11.2256123810082,0
11.2520135387494,0
11.2784767885268,0
11.3050022763727,0
11.3315901486627,0
11.3582405521169,0
11.3849536338002,0
11.4117295411236,0
11.4385684218448,0
11.4654704240687,0
11.4924356962489,0
11.519464387188,0
11.5465566460384,0
11.5737126223035,0
11.6009324658382,0
11.6282163268501,0
11.6555643558996,0
11.6829767039015,0
11.7104535221256,0
11.7379949621972,0
11.7656011760985,0
11.7932723161689,0
11.8210085351061,0
11.8488099859672,0
11.8766768221689,0
11.904609197489,0
11.9326072660667,0
11.960671182404,0
11.9888011013661,0
12.0169971781825,0
12.0452595684476,0
12.073588428122,0
12.1019839135329,0
12.1304461813753,0
12.1589753887126,0
12.1875716929777,0
12.2162352519736,0
12.2449662238747,0
12.2737647672272,0
12.3026310409502,0
12.3315652043366,0
12.3605674170539,0
12.3896378391452,0
12.4187766310298,0
12.4479839535046,0
12.4772599677444,0
12.5066048353032,0
12.5360187181148,0
12.5655017784942,0
12.5950541791376,0
12.6246760831244,0
12.6543676539171,0
12.6841290553629,0
12.7139604516944,0
12.7438620075301,0
12.773833887876,0
12.8038762581261,0
12.8339892840633,0
12.8641731318604,0
12.8944279680811,0
12.9247539596809,0
12.9551512740076,0
12.9856200788031,0
13.0161605422034,0
13.0467728327401,0
13.0774571193412,0
13.1082135713318,0
13.1390423584355,0
13.1699436507749,0
13.2009176188726,0
13.2319644336526,0
13.2630842664405,0
13.2942772889652,0
13.3255436733591,0
13.3568835921597,0
13.3882972183103,0
13.4197847251607,0
13.4513462864686,0
13.4829820764004,0
13.5146922695319,0
13.5464770408497,0
13.5783365657517,0
13.6102710200486,0
13.6422805799644,0
13.6743654221375,0
13.706525723622,0
13.7387616618882,0
13.7710734148236,0
13.8034611607346,0
13.8359250783464,0
13.868465346805,0
13.9010821456773,0
13.9337756549528,0
13.9665460550443,0
13.9993935267887,0
14.0323182514485,0
14.0653204107123,0
14.0984001866961,0
14.1315577619441,0
14.1647933194299,0
14.1981070425574,0
14.231499115162,0
14.2649697215112,0
14.2985190463061,0
14.3321472746819,0
14.3658545922096,0
14.3996411848964,0
14.4335072391869,0
14.4674529419644,0
14.5014784805516,0
14.5355840427117,0
14.5697698166497,0
14.604035991013,0
14.6383827548929,0
14.6728102978252,0
14.7073188097916,0
14.7419084812205,0
14.7765795029884,0
14.8113320664204,0
14.8461663632918,0
14.8810825858289,0
14.9160809267099,0
14.9511615790664,0
14.9863247364841,0
15.021570593004,0
15.0568993431236,0
15.0923111817974,0
15.127806304439,0
15.1633849069211,0
15.1990471855774,0
15.2347933372031,0
15.2706235590564,0
15.3065380488593,0
15.342537004799,0
15.3786206255287,0
15.4147891101687,0
15.4510426583077,0
15.487381470004,0
15.5238057457861,0
15.5603156866541,0
15.5969114940813,0
15.6335933700142,0
15.6703615168747,0
15.7072161375606,0
15.7441574354469,0
15.781185614387,0
15.8183008787136,0
15.8555034332401,0
15.8927934832614,0
15.9301712345554,0
15.9676368933839,0
16.0051906664939,0
16.0428327611185,0
16.0805633849782,0
16.1183827462821,0
16.1562910537289,0
16.1942885165082,0
16.2323753443017,0
16.2705517472839,0
16.308817936124,0
16.3471741219864,0
16.3856205165321,0
16.4241573319202,0
16.4627847808084,0
16.5015030763549,0
16.540312432219,0
16.5792130625624,0
16.6182051820507,0
16.6572890058544,0
16.6964647496498,0
16.7357326296206,0
16.775092862459,0
16.8145456653666,0
16.8540912560562,0
16.8937298527522,0
16.9334616741925,0
16.9732869396294,0
17.0132058688308,0
17.0532186820816,0
17.0933256001846,0
17.1335268444621,0
17.1738226367566,0
17.2142131994327,0
17.2546987553779,0
17.2952795280036,0
17.335955741247,0
17.3767276195718,0
17.4175953879696,0
17.4585592719613,0
17.4996194975979,0
17.5407762914624,0
17.5820298806704,0
17.6233804928718,0
17.6648283562519,0
17.7063736995326,0
17.7480167519738,0
17.7897577433745,0
17.8315969040741,0
17.873534464954,0
17.9155706574383,0
17.9577057134957,0
17.99993986564,0
18.0422733469322,0
18.0847063909814,0
18.1272392319461,0
18.1698721045353,0
18.2126052440103,0
18.2554388861855,0
18.2983732674301,0
18.3414086246689,0
18.3845451953843,0
18.4277832176168,0
18.4711229299672,0
18.5145645715971,0
18.5581083822307,0
18.6017546021561,0
18.6455034722263,0
18.6893552338609,0
18.7333101290474,0
18.7773684003421,0
18.8215302908722,0
18.8657960443362,0
18.9101659050062,0
18.9546401177285,0
18.9992189279254,0
19.0439025815962,0
19.0886913253191,0
19.1335854062519,0
19.1785850721339,0
19.2236905712869,0
19.2689021526167,0
19.3142200656147,0
19.3596445603589,0
19.4051758875154,0
19.4508142983401,0
19.4965600446794,0
19.5424133789725,0
19.588374554252,0
19.6344438241455,0
19.6806214428774,0
19.7269076652699,0
19.7733027467444,0
19.819806943323,0
19.8664205116301,0
19.9131437088936,0
19.9599767929463,0
20.0069200222273,0
20.0539736557838,0
20.101137953272,0
20.1484131749588,0
20.1957995817234,0
20.2432974350583,0
20.2909069970711,0
20.338628530486,0
20.3864622986447,0
20.4344085655088,0
20.4824675956602,0
20.5306396543033,0
20.5789250072662,0
20.6273239210022,0
20.6758366625912,0
20.7244634997412,0
20.7732047007901,0
20.8220605347065,0
20.8710312710918,0
20.9201171801815,0
20.9693185328466,0
21.018635600595,0
21.0680686555734,0
21.1176179705685,0
21.1672838190084,0
21.2170664749644,0
21.2669662131523,0
21.3169833089342,0
21.3671180383195,0
21.417370677967,0
21.467741505186,0
21.5182307979381,0
21.5688388348386,0
21.619565895158,0
21.6704122588237,0
21.7213782064215,0
21.7724640191968,0
21.8236699790568,0
21.8749963685716,0
21.9264434709758,0
21.9780115701702,0
22.0297009507232,0
22.0815118978726,0
22.133444697527,0
22.1854996362674,0
22.2376770013487,0
22.2899770807015,0
22.3424001629337,0
22.3949465373317,0
22.4476164938625,0
22.5004103231748,0
22.5533283166011,0
22.606370766159,0
22.6595379645529,0
22.7128302051756,0
22.7662477821099,0
22.8197909901301,0
22.8734601247042,0
22.9272554819946,0
22.9811773588606,0
23.0352260528594,0
23.0894018622482,0
23.1437050859857,0
23.1981360237335,0
23.2526949758582,0
23.3073822434325,0
23.3621981282376,0
23.4171429327642,0
23.4722169602144,0
23.5274205145035,0
23.5827539002615,0
23.6382174228348,0
23.6938113882881,0
23.7495361034058,0
23.8053918756938,0
23.8613790133813,0
23.9174978254223,0
23.9737486214977,0
24.0301317120162,0
24.0866474081171,0
24.1432960216712,0
24.2000778652827,0
24.256993252291,0
24.3140424967728,0
24.3712259135431,0
24.4285438181573,0
24.4859965269131,0
24.5435843568521,0
24.6013076257613,0
24.6591666521756,0
24.7171617553784,0
24.7752932554044,0
24.8335614730411,0
24.8919667298301,0
24.9505093480694,0
25.009189650815,0
25.0680079618827,0
25.1269646058499,0
25.1860599080571,0
25.2452941946105,0
25.3046677923826,0
25.3641810290151,0
25.4238342329202,0
25.4836277332825,0
25.5435618600606,0
25.6036369439893,0
25.6638533165812,0
25.7242113101287,0
25.7847112577054,0
25.8453534931686,0
25.9061383511604,0
25.9670661671103,0
26.0281372772366,0
26.0893520185481,0
26.1507107288465,0
26.2122137467278,0
26.2738614115843,0
26.3356540636068,0
26.3975920437858,0
26.4596756939139,0
26.5219053565877,0
26.5842813752094,0
26.6468040939888,0
26.7094738579453,0
26.7722910129097,0
26.8352559055264,0
26.8983688832546,0
26.961630294371,0
27.0250404879714,0
27.0885998139725,0
27.1523086231139,0
27.2161672669604,0
27.2801760979034,0
27.3443354691629,0
27.4086457347902,0
27.4731072496686,0
27.5377203695165,0
27.6024854508888,0
27.6674028511788,0
27.7324729286207,0
27.7976960422908,0
27.8630725521101,0
27.9286028188462,0
27.9942872041151,0
28.0601260703831,0
28.126119780969,0
28.1922687000465,0
28.2585731926453,0
28.3250336246537,0
28.3916503628208,0
28.4584237747578,0
28.5253542289409,0
28.5924420947127,0
28.6596877422843,0
28.7270915427379,0
28.7946538680281,0
28.8623750909842,0
28.9302555853128,0
28.998295725599,0
29.066495887309,0
29.1348564467921,0
29.2033777812826,0
29.2720602689021,0
29.3409042886616,0
29.4099102204633,0
29.4790784451028,0
29.5484093442715,0
29.6179033005586,0
29.6875606974526,0
29.7573819193444,0
29.8273673515288,0
29.8975173802065,0
29.9678323924869,0
30.0383127763897,0
30.108958920847,0
30.1797712157057,0
30.2507500517296,0
30.3218958206017,0
30.3932089149258,0
30.4646897282294,0
30.5363386549653,0
30.6081560905141,0
30.6801424311864,0
30.7522980742246,0
30.8246234178056,0
30.8971188610426,0
30.9697848039874,0
31.0426216476331,0
31.1156297939154,0
31.1888096457155,0
31.262161606862,0
31.3356860821334,0
31.4093834772603,0
31.4832541989272,0
31.5572986547753,0
31.6315172534044,0
31.7059104043753,0
31.7804785182122,0
31.8552220064045,0
31.9301412814096,0
32.0052367566548,0
32.0805088465398,0
32.1559579664391,0
32.2315845327036,0
32.3073889626639,0
32.3833716746319,0
32.4595330879033,0
32.5358736227601,0
32.6123937004724,0
32.6890937433015,0
32.7659741745014,0
32.8430354183217,0
32.9202779000101,0
32.9977020458138,0
33.075308282983,0
33.1530970397724,0
33.2310687454442,0
33.3092238302699,0
33.3875627255331,0
33.4660858635316,0
33.5447936775801,0
33.6236866020122,0
33.7027650721831,0
33.7820295244718,0
33.8614803962839,0
33.9411181260532,0
34.0209431532451,0
34.1009559183584,0
34.1811568629278,0
34.2615464295267,0
34.342125061769,0
34.4228932043123,0
34.5038513028598,0
34.5849998041627,0
34.6663391560234,0
34.747869807297,0
34.8295922078946,0
34.9115068087853,0
34.9936140619987,0
35.0759144206277,0
35.1584083388306,0
35.2410962718341,0
35.3239786759354,0
35.4070560085047,0
35.4903287279882,0
35.5737972939098,0
35.6574621668748,0
35.7413238085713,0
35.8253826817734,0
35.9096392503435,0
35.994093979235,0
36.0787473344948,0
36.1635997832659,0
36.24865179379,0
36.33390383541,0
36.4193563785724,0
36.5050098948306,0
36.5908648568467,0
36.6769217383945,0
36.763181014362,0
36.8496431607543,0
36.9363086546958,0
37.0231779744329,0
37.1102515993372,0
37.1975300099074,0
37.2850136877722,0
37.3727031156933,0
37.4605987775677,0
37.5487011584303,0
37.6370107444569,0
37.7255280229667,0
37.814253482425,0
37.9031876124459,0
37.9923309037949,0
38.081683848392,0
38.1712469393138,0
38.2610206707967,0
38.3510055382397,0
38.4412020382064,0
38.5316106684287,0
38.6222319278089,0
38.7130663164227,0
38.804114335522,0
38.8953764875373,0
38.9868532760811,0
39.0785452059501,0
39.1704527831283,0
39.2625765147897,0
39.3549169093011,0
39.4474744762249,0
39.5402497263219,0
39.6332431715542,0
39.726455325088,0
39.8198867012962,0
39.9135378157617,0
40.0074091852798,0
40.1015013278613,0
40.1958147627353,0
40.2903500103521,0
40.3851075923859,0
40.4800880317378,0
40.575291852539,0
40.6707195801531,0
40.7663717411792,0
40.8622488634551,0
40.9583514760601,0
41.0546801093175,0
41.1512352947982,0
41.2480175653229,0
41.3450274549658,0
41.4422654990569,0
41.5397322341853,0
41.6374281982023,0
41.7353539302238,0
41.8335099706339,0
41.9318968610874,0
42.0305151445132,0
42.1293653651171,0
42.2284480683845,0
42.3277638010841,0
42.4273131112702,0
42.5270965482862,0
42.6271146627677,0
42.7273680066449,0
42.8278571331464,0
42.9285825968016,0
43.0295449534444,0
43.1307447602159,0
43.2321825755673,0
43.3338589592635,0
43.4357744723855,0
43.5379296773343,0
43.6403251378335,0
43.7429614189322,0
43.8458390870089,0
43.9489587097736,0
44.0523208562719,0
44.1559260968878,0
44.2597750033462,0
44.3638681487173,0
44.4682061074184,0
44.5727894552185,0
44.6776187692402,0
44.7826946279634,0
44.888017611229,0
44.9935883002411,0
45.0994072775708,0
45.2054751271597,0
45.3117924343222,0
45.4183597857498,0
45.5251777695135,0
45.6322469750673,0
45.7395679932519,0
45.8471414162973,0
45.9549678378264,0
46.0630478528581,0
46.1713820578109,0
46.279971050506,0
46.3888154301704,0
46.4979157974407,0
46.6072727543657,0
46.7168869044104,0
46.8267588524593,0
46.9368892048191,0
47.0472785692226,0
47.1579275548319,0
47.2688367722417,0
47.3800068334832,0
47.4914383520262,0
47.603131942784,0
47.7150882221158,0
47.8273078078303,0
47.9397913191895,0
48.0525393769116,0
48.1655526031748,0
48.2788316216202,0
48.3923770573561,0
48.506189536961,0
48.6202696884864,0
48.7346181414616,0
48.849235526896,0
48.9641224772833,0
49.0792796266048,0
49.1947076103324,0
49.3104070654331,0
49.4263786303716,0
49.5426229451144,0
49.659140651133,0
49.7759323914074,0
49.8929988104303,0
50.0103405542095,0
50.1279582702726,0
50.2458526076701,0
50.3640242169786,0
50.4824737503052,0
50.6012018612905,0
50.7202092051122,0
50.8394964384891,0
50.9590642196845,0
51.0789132085099,0
51.1990440663284,0
51.3194574560587,0
51.4401540421785,0
51.5611344907283,0
51.6823994693152,0
51.803949647116,0
51.9257856948817,0
52.0479082849409,0
52.1703180912029,0
52.2930157891625,0
52.4160020559028,0
52.5392775700996,0
52.6628430120247,0
52.7866990635497,0
52.9108464081502,0
53.0352857309088,0
53.1600177185197,0
53.2850430592921,0
53.4103624431536,0
53.535976561655,0
53.661886107973,0
53.788091776915,0
53.9145942649223,0
54.0413942700739,0
54.1684924920912,0
54.2958896323406,0
54.4235863938383,0
54.5515834812541,0
54.6798816009147,0
54.8084814608084,0
54.9373837705881,0
55.0665892415762,0
55.1960985867678,0
55.3259125208348,0
55.4560317601301,0
55.5864570226911,0
55.7171890282443,0
55.8482284982088,0
55.9795761556999,0
56.1112327255343,0
56.243198934233,0
56.3754755100255,180
56.5080631828544,0
56.6409626843787,0
56.7741747479786,0
56.9077001087585,0
57.0415395035521,0
57.175693670926,0
57.3101633511836,0
57.4449492863698,0
57.580052220274,0
57.7154728984356,0
57.8512120681472,0
57.9872704784586,0
58.1236488801819,0
58.2603480258942,0
58.3973686699432,0
58.5347115684506,0
58.6723774793162,0
58.8103671622226,0
58.9486813786387,0
59.0873208918244,0
59.226286466835,0
59.3655788705245,0
59.5051988715512,0
59.6451472403804,0
59.7854247492899,0
59.9260321723739,0
60.0669702855467,0
60.208239866548,0
60.349841694946,0
60.4917765521429,0
60.6340452213786,0
60.7766484877346,0
60.9195871381394,0
61.0628619613718,0
61.206473748066,0
61.3504232907156,0
61.4947113836779,0
61.6393388231786,0
61.7843064073158,0
61.9296149360649,0
62.0752652112827,0
62.2212580367114,0
62.3675942179841,0
62.5142745626286,0
62.6612998800713,0
62.8086709816428,0
62.9563886805817,0
63.1044537920395,0
63.2528671330841,0
63.4016295227057,0
63.5507417818207,0
63.7002047332756,0
63.8500192018527,0
64.0001860142735,0
64.1507059992045,0
64.3015799872609,0
64.4528088110109,0
64.6043933049816,0
64.756334305662,0
64.908632651509,0
65.0612891829514,0
65.214304742394,0
65.3676801742237,0
65.5214163248125,0
65.6755140425233,0
65.8299741777145,0
65.9847975827438,0
66.1399851119741,0
66.2955376217773,0
66.4514559705396,0
66.6077410186659,0
66.7643936285846,0
66.9214146647527,0
67.0788049936597,0
67.2365654838337,0
67.394697005845,0
67.5532004323114,0
67.7120766379033,0
67.8713264993476,0
68.0309508954337,0
68.1909507070178,0
68.3513268170273,0
68.5120801104666,0
68.673211474421,0
68.8347217980627,0
68.9966119726549,0
69.1588828915566,0
69.3215354502282,0
69.4845705462363,0
69.6479890792578,0
69.8117919510861,0
69.9759800656353,0
70.1405543289456,0
70.3055156491875,0
70.4708649366681,0
70.636603103835,0
70.8027310652818,0
70.9692497377534,0
71.1361600401501,0
71.3034628935341,0
71.4711592211335,0
71.6392499483474,0
71.807736002752,0
71.9766183141042,0
72.1458978143482,0
72.3155754376201,0
72.4856521202522,0
72.6561288007799,0
72.8270064199449,0
72.9982859207022,0
73.1699682482244,0
73.3420543499064,0
73.5145451753722,0
73.6874416764783,0
73.8607448073204,0
74.034455524238,0
74.2085747858195,0
74.3831035529082,0
74.5580427886068,0
74.7333934582833,0
74.9091565295763,0
75.0853329723997,0
75.2619237589488,0
75.4389298637053,0
75.6163522634427,0
75.7941919372321,0
75.9724498664467,0
76.1511270347682,0
76.3302244281913,0
76.5097430350302,0
76.6896838459233,0
76.8700478538384,0
77.0508360540794,0
77.2320494442903,0
77.4136890244622,0
77.5957557969372,0
77.7782507664152,0
77.9611749399593,0
78.1445293270005,0
78.3283149393441,0
78.5125327911754,0
78.6971838990641,0
78.8822692819717,0
79.0677899612553,0
79.2537469606747,0
79.4401413063973,0
79.6269740270036,0
79.8142461534937,0
80.0019587192919,0
80.1901127602535,0
80.3787093146699,0
80.5677494232739,0
80.7572341292468,0
80.9471644782226,0
81.1375415182948,0
81.3283663000221,0
81.5196398764335,0
81.711363303035,0
81.9035376378146,0
82.0961639412489,0
82.2892432763088,0
82.4827767084643,0
82.6767653056922,0
82.8712101384803,0
83.0661122798347,0
83.2614728052847,0
83.4572927928889,0
83.653573323242,0
83.8503154794794,0
84.0475203472842,0
84.2451890148933,0
84.443322573102,0
84.6419221152721,0
84.840988737336,0
85.040523537804,0
85.2405276177702,0
85.4410020809174,0
85.6419480335252,0
85.8433665844743,0
86.0452588452538,0
86.2476259299664,0
86.4504689553353,0
86.6537890407105,0
86.8575873080735,0
87.0618648820455,0
87.2666228898926,0
87.4718624615312,0
87.6775847295364,0
87.8837908291457,0
88.0904818982675,0
88.2976590774861,0
88.5053235100679,0
88.7134763419689,0
88.9221187218394,0
89.1312518010316,0
89.3408767336059,0
89.550994676336,0
89.7616067887171,0
89.9727142329706,0
90.1843181740518,0
90.3964197796558,0
90.6090202202235,0
90.8221206689492,0
91.0357223017858,0
91.2498262974521,0
91.4644338374396,0
91.6795461060174,0
91.895164290241,0
92.1112895799568,0
92.3279231678101,0
92.5450662492511,0
92.7627200225412,0
92.9808856887605,0
93.1995644518132,0
93.4187575184355,0
93.6384660982015,0
93.8586914035298,0
94.0794346496911,0
94.3006970548133,0
94.52247983989,0
94.7447842287863,0
94.9676114482452,0
95.1909627278951,0
95.4148393002565,0
95.6392424007487,0
95.8641732676959,0
96.0896331423353,0
96.3156232688233,0
96.5421448942419,0
96.7691992686065,0
96.9967876448724,0
97.2249112789413,0
97.4535714296692,0
97.682769358872,0
97.9125063313339,0
98.1427836148136,0
98.3736024800508,0
98.6049642007748,0
98.8368700537096,0
99.0693213185823,0
99.3023192781302,0
99.5358652181064,0
99.769960427289,0
100.004606197486,0
100.239803823545,0
100.475554603358,0
100.711859837868,0
100.948720831082,0
101.186138890068,0
101.424115324974,0
101.662651449024,0
101.901748578535,0
102.141408032917,0
102.381631134682,0
102.622419209457,0
102.863773585983,0
103.105695596126,0
103.348186574886,0
103.591247860402,0
103.834880793961,0
104.079086720002,0
104.323866986129,0
104.569222943113,0
104.815155944904,0
105.061667348634,0
105.308758514628,0
105.556430806412,0
105.804685590715,0
106.053524237484,0
106.302948119886,0
106.552958614317,0
106.803557100412,0
107.05474496105,0
107.306523582361,0
107.558894353737,0
107.811858667836,0
108.065417920593,0
108.319573511225,0
108.574326842238,0
108.829679319441,0
109.085632351946,0
109.342187352179,0
109.599345735889,0
109.857108922155,0
110.115478333391,0
110.37445539536,0
110.634041537174,0
110.894238191311,0
111.155046793614,0
111.416468783304,0
111.678505602987,0
111.941158698663,0
112.204429519732,0
112.468319519,0
112.732830152695,0
112.997962880466,0
113.263719165396,0
113.53010047401,0
113.797108276281,0
114.064744045638,0
114.333009258978,0
114.601905396669,0
114.871433942564,0
115.141596384001,0
115.412394211819,0
115.683828920365,0
115.955902007495,0
116.228614974594,0
116.501969326574,0
116.775966571888,0
117.050608222536,0
117.325895794073,0
117.601830805621,0
117.878414779874,0
118.155649243105,0
118.433535725179,0
118.712075759558,0
118.991270883311,0
119.271122637121,0
119.551632565296,0
119.832802215775,0
120.114633140137,0
120.397126893612,0
120.680285035086,0
120.964109127111,0
121.248600735916,0
121.533761431412,0
121.819592787202,0
122.10609638059,0
122.393273792592,0
122.681126607939,0
122.96965641509,0
123.258864806241,0
123.548753377333,0
123.839323728057,0
124.130577461871,0
124.422516186,0
124.715141511452,0
125.008455053022,0
125.302458429303,0
125.597153262696,0
125.892541179417,0
