0.001,1.00000141414659
0.00100235186792891,1.0000014431892
0.00100470926714057,1.00000148062534
0.00100707221064383,1.00000136937391
0.00100944071147814,1.00000147232125
0.0010118147827136,1.00000141918035
0.00101419443745106,1.00000140393905
0.00101657968882217,1.00000149381138
0.00101897054998949,1.00000144091259
0.00102136703414651,1.00000142336205
0.00102376915451776,1.00000147191625
0.00102617692435888,1.00000145530879
0.00102859035695666,1.00000154604302
0.00103100946562917,1.00000151245534
0.00103343426372579,1.00000147433041
0.00103586476462727,1.00000158096518
0.00103830098174589,1.0000015562265
0.00104074292852541,1.00000153784661
0.00104319061844124,1.00000143440904
0.00104564406500049,1.00000151087588
0.00104810328174202,1.00000157494023
0.00105056828223653,1.00000160217392
0.00105303908008665,1.00000155134903
0.00105551568892699,1.00000160662432
0.00105799812242423,1.0000016431739
0.00106048639427721,1.00000156982042
0.00106298051821695,1.00000153351936
0.0010654805080068,1.00000167385399
0.00106798637744245,1.00000161559157
0.00107049814035207,1.00000161470059
0.00107301581059632,1.00000165525611
0.00107553940206847,1.00000163883792
0.00107806892869447,1.00000161759202
0.00108060440443302,1.0000016674356
0.00108314584327564,1.00000164511304
0.00108569325924677,1.00000166433252
0.00108824666640382,1.00000169824437
0.00109080607883728,1.00000165503301
0.00109337151067075,1.00000172226309
0.00109594297606108,1.00000173475001
0.00109852048919839,1.00000169182599
0.00110110406430618,1.00000164500989
0.00110369371564141,1.00000169113823
0.00110628945749456,1.00000179091309
0.00110889130418973,1.00000180274332
0.0011114992700847,1.00000176639736
0.00111411336957102,1.00000174005669
0.00111673361707408,1.00000180375324
0.00111936002705321,1.00000168908219
0.00112199261400173,1.00000176209012
0.00112463139244707,1.00000179578275
0.00112727637695081,1.00000185812219
0.00112992758210878,1.00000191173355
0.00113258502255113,1.00000186707732
0.00113524871294242,1.00000172677246
0.00113791866798173,1.00000178663745
0.00114059490240266,1.00000189527296
0.00114327743097349,1.00000181042984
0.00114596626849724,1.00000178260484
0.00114866142981173,1.000001856328
0.00115136292978968,1.00000194827936
0.00115407078333878,1.00000187773679
0.0011567850054018,1.00000197776999
0.00115950561095665,1.00000196803145
0.00116223261501645,1.00000200232642
0.00116496603262963,1.00000200332293
0.00116770587888004,1.00000189538493
0.00117045216888697,1.00000191568824
0.0011732049178053,1.00000196848748
0.00117596414082552,1.00000189271442
0.00117872985317387,1.00000190991774
0.0011815020701124,1.00000196863932
0.00118428080693903,1.00000201907755
0.00118706607898769,1.00000191161387
0.00118985790162836,1.00000198151443
0.00119265629026715,1.00000206684765
0.00119546126034644,1.0000020667044
0.0011982728273449,1.00000195192173
0.00120109100677761,1.00000206062254
0.00120391581419615,1.00000203433243
0.00120674726518866,1.00000207147462
0.00120958537537996,1.00000199318796
0.00121243016043159,1.00000200609499
0.00121528163604195,1.00000208733492
0.00121813981794634,1.00000205861725
0.0012210047219171,1.00000207846858
0.00122387636376362,1.00000207279287
0.0012267547593325,1.00000208889647
0.00122963992450761,1.00000221116366
0.00123253187521016,1.00000211945287
0.00123543062739882,1.00000224657695
0.00123833619706979,1.00000221213631
0.00124124860025689,1.00000211005404
0.00124416785303163,1.00000217341117
0.00124709397150335,1.00000226230068
0.00125002697181926,1.00000225855615
0.00125296687016455,1.0000022423544
0.00125591368276248,1.00000228780377
0.00125886742587444,1.00000220693381
0.0012618281158001,1.00000221189446
0.00126479576887744,1.00000225742212
0.00126777040148288,1.00000230323019
0.00127075203003135,1.00000233113728
0.00127374067097637,1.00000232236074
0.00127673634081019,1.00000238156297
0.00127973905606381,1.00000233007238
0.00128274883330713,1.00000223923951
0.00128576568914903,1.00000227660879
0.00128878964023743,1.00000231900094
0.00129182070325941,1.00000235101331
0.00129485889494131,1.00000236147889
0.00129790423204878,1.00000233812063
0.00130095673138693,1.00000233803083
0.00130401640980037,1.00000248891598
0.00130708328417335,1.00000241702654
0.00131015737142981,1.00000248365227
0.00131323868853349,1.00000241293837
0.00131632725248805,1.0000025709096
0.00131942308033713,1.00000242568283
0.00132252618916443,1.00000252179663
0.00132563659609387,1.00000248618975
0.00132875431828961,1.00000259021901
0.00133187937295619,1.00000246212888
0.00133501177733862,1.00000251797117
0.00133815154872245,1.00000251056915
0.00134129870443391,1.0000025500131
0.00134445326183995,1.00000257834952
0.00134761523834839,1.00000248108111
0.00135078465140797,1.00000262133375
0.00135396151850847,1.00000251836194
0.00135714585718083,1.00000261221003
0.00136033768499718,1.00000265251116
0.00136353701957101,1.000002691639
0.00136674387855721,1.0000025802391
0.00136995827965222,1.00000266485705
0.00137318024059408,1.00000266462282
0.00137640977916254,1.00000272257043
0.00137964691317918,1.00000279240589
0.00138289166050751,1.00000273221257
0.00138614403905301,1.00000275475064
0.0013894040667633,1.00000282014994
0.00139267176162821,1.00000272172021
0.00139594714167988,1.00000281843109
0.00139923022499285,1.00000271587727
0.00140252102968417,1.00000283395615
0.0014058195739135,1.00000291497122
0.00140912587588321,1.00000279257792
0.0014124399538385,1.00000289328227
0.00141576182606744,1.00000292852535
0.00141909151090114,1.00000279084984
0.00142242902671381,1.00000289274621
0.00142577439192288,1.00000291662771
0.0014291276249891,1.00000294501613
0.00143248874441663,1.00000297848711
0.00143585776875314,1.00000295600854
0.00143923471658994,1.00000301054063
0.00144261960656206,1.00000299439418
0.00144601245734835,1.00000309378383
0.00144941328767158,1.00000294882123
0.00145282211629859,1.00000308305589
0.00145623896204032,1.00000302902614
0.00145966384375197,1.00000314138846
0.00146309678033307,1.00000305474797
0.00146653779072762,1.00000298035285
0.00146998689392417,1.00000311026813
0.0014734441089559,1.00000312021207
0.00147690945490079,1.00000310012138
0.00148038295088167,1.00000305811267
0.00148386461606635,1.00000318077234
0.00148735446966772,1.00000311571181
0.00149085253094384,1.00000325677104
0.0014943588191981,1.00000316676009
0.00149787335377925,1.00000329944435
0.00150139615408157,1.00000322773826
0.00150492723954494,1.00000324798363
0.00150846662965496,1.00000313523197
0.00151201434394308,1.00000320156673
0.00151557040198664,1.00000334676294
0.00151913482340907,1.00000336750064
0.00152270762787994,1.00000326064489
0.00152628883511505,1.000003418855
0.00152987846487661,1.00000335335386
0.00153347653697327,1.00000335740475
0.00153708307126031,1.0000034159431
0.00154069808763968,1.00000338952524
0.00154432160606012,1.00000350618342
0.00154795364651733,1.00000338832047
0.00155159422905401,1.00000344922859
0.00155524337376,1.00000341042883
0.00155890110077239,1.00000350416114
0.00156256743027564,1.00000354407268
0.00156624238250166,1.00000354639253
0.00156992597772996,1.00000354474298
0.00157361823628774,1.00000358389103
0.00157731917855001,1.00000361376572
0.00158102882493969,1.00000363849715
0.00158474719592774,1.00000348822609
0.00158847431203327,1.00000355546416
0.00159221019382363,1.00000365544212
0.00159595486191456,1.00000377777126
0.00159970833697028,1.00000367871431
0.00160347063970361,1.00000369419253
0.00160724179087607,1.00000369542822
0.00161102181129803,1.00000374839271
0.00161481072182879,1.00000376714751
0.00161860854337672,1.00000380908189
0.00162241529689934,1.00000382776054
0.00162623100340349,1.00000374887223
0.00163005568394538,1.00000373861807
0.00163388935963079,1.00000384536289
0.00163773205161509,1.00000390030449
0.00164158378110342,1.00000392543897
0.00164544456935081,1.00000382418205
0.00164931443766226,1.00000389895891
0.00165319340739289,1.00000394110404
0.00165708149994801,1.00000395139142
0.00166097873678333,1.00000405301133
0.00166488513940496,1.00000392279722
0.00166880072936964,1.00000404940485
0.00167272552828478,1.00000394602499
0.00167665955780862,1.00000401038594
0.00168060283965033,1.00000408787349
0.00168455539557013,1.00000403586473
0.00168851724737944,1.00000404908434
0.00169248841694096,1.0000041627571
0.00169646892616881,1.00000410111553
0.00170045879702865,1.00000411551543
0.00170445805153781,1.00000419330663
0.00170846671176539,1.00000426386127
0.00171248479983239,1.0000041221477
0.00171651233791186,1.00000421860931
0.00172054934822897,1.0000042097936
0.00172459585306117,1.00000427624757
0.00172865187473831,1.00000418718629
0.00173271743564275,1.0000043916916
0.0017367925582095,1.00000432589456
0.00174087726492631,1.00000437315031
0.00174497157833386,1.00000433758045
0.0017490755210258,1.00000442305499
0.00175318911564893,1.00000439044983
0.00175731238490333,1.0000044674812
0.00176144535154246,1.00000446883998
0.00176558803837328,1.00000449758411
0.00176974046825639,1.00000442581692
0.00177390266410617,1.0000044686605
0.00177807464889088,1.00000448833287
0.00178225644563281,1.00000454206592
0.00178644807740838,1.00000463131888
0.0017906495673483,1.00000455155183
0.00179486093863765,1.00000465158542
0.00179908221451608,1.00000466431651
0.00180331341827787,1.0000047200427
0.00180755457327209,1.00000464753705
0.00181180570290271,1.00000472541765
0.00181606683062878,1.00000474334186
0.00182033797996449,1.00000475305749
0.00182461917447934,1.00000478307098
0.00182891043779826,1.00000477782835
0.00183321179360177,1.00000478293072
0.00183752326562603,1.00000486152719
0.00184184487766308,1.00000483369731
0.00184617665356087,1.00000489524869
0.00185051861722348,1.00000492319723
0.00185487079261118,1.00000491359828
0.00185923320374058,1.00000494725313
0.00186360587468482,1.00000498084865
0.00186798882957361,1.00000495412432
0.00187238209259344,1.00000497742278
0.00187678568798767,1.00000490756271
0.00188119964005668,1.0000051350952
0.001885623973158,1.00000508725029
0.00189005871170645,1.00000506447364
0.00189450388017426,1.00000515165539
0.00189895950309124,1.00000520712111
0.00190342560504485,1.00000519204664
0.00190790221068042,1.00000520435902
0.0019123893447012,1.00000531624732
0.00191688703186859,1.00000528833069
0.00192139529700218,1.0000053030007
0.00192591416497995,1.00000540864853
0.0019304436607384,1.00000527180067
0.00193498380927265,1.00000538942592
0.00193953463563663,1.00000537219586
0.00194409616494319,1.0000054420527
0.00194866842236423,1.00000541175191
0.00195325143313086,1.00000547385401
0.00195784522253353,1.00000552851088
0.00196244981592217,1.00000556560183
0.00196706523870633,1.00000565353682
0.00197169151635531,1.0000056016459
0.00197632867439833,1.00000555225536
0.00198097673842462,1.00000570129474
0.00198563573408363,1.00000553667313
0.00199030568708512,1.00000558168145
0.00199498662319929,1.00000583877846
0.00199967856825699,1.00000570057456
0.0020043815481498,1.00000581123229
0.00200909558883019,1.00000586435255
0.00201382071631166,1.00000587255253
0.00201855695666893,1.0000058049232
0.00202330433603799,1.00000592063434
0.00202806288061633,1.00000580230004
0.00203283261666306,1.0000059109124
0.00203761357049903,1.00000598653633
0.00204240576850699,1.00000596160711
0.00204720923713176,1.00000594244639
0.00205202400288033,1.00000601683702
0.00205685009232205,1.00000612844557
0.00206168753208875,1.00000603227452
0.0020665363488749,1.00000608330464
0.00207139656943774,1.00000615969148
0.00207626822059745,1.00000622345364
0.00208115132923728,1.00000626233617
0.00208604592230371,1.00000627666096
0.00209095202680661,1.00000625527972
0.00209586966981933,1.00000631885121
0.00210079887847895,1.00000633813208
0.00210573967998633,1.00000638510777
0.00211069210160632,1.00000637623112
0.00211565617066788,1.00000645799527
0.00212063191456427,1.00000656025802
0.00212561936075315,1.00000648552415
0.00213061853675677,1.00000650896847
0.0021356294701621,1.00000655410151
0.002140652188621,1.0000066247096
0.00214568671985037,1.00000659962503
0.00215073309163226,1.00000659368071
0.00215579133181411,1.00000675737856
0.00216086146830882,1.00000664651536
0.00216594352909495,1.00000684246664
0.00217103754221685,1.00000673715356
0.00217614353578484,1.00000688298722
0.00218126153797535,1.00000682967995
0.00218639157703108,1.00000682038493
0.00219153368126113,1.00000687036568
0.0021966878790412,1.0000070089489
0.00220185419881374,1.000006977803
0.00220703266908806,1.00000701859217
0.00221222331844054,1.00000708947987
0.00221742617551476,1.00000712118006
0.00222264126902167,1.00000715275889
0.00222786862773975,1.00000716497445
0.00223310828051514,1.0000072385643
0.00223836025626186,1.00000715212019
0.00224362458396191,1.00000733495395
0.00224890129266543,1.00000733656606
0.00225419041149093,1.00000725801046
0.00225949196962537,1.00000733176883
0.00226480599632435,1.00000742367097
0.0022701325209123,1.00000746174524
0.0022754715727826,1.0000074787315
0.00228082318139777,1.00000747266322
0.00228618737628961,1.00000754860031
0.00229156418705938,1.00000755693458
0.00229695364337795,1.00000749735249
0.002302355774986,1.00000758170932
0.00230777061169412,1.00000762043277
0.00231319818338304,1.00000765946998
0.00231863852000374,1.00000771616204
0.00232409165157767,1.00000775573594
0.00232955760819685,1.00000782334166
0.00233503642002411,1.00000793269595
0.0023405281172932,1.00000794770284
0.00234603273030896,1.00000783154832
0.00235155028944754,1.00000799616055
0.00235708082515651,1.00000791454263
0.00236262436795503,1.00000804742428
0.00236818094843408,1.0000080081139
0.00237375059725655,1.00000816241211
0.00237933334515746,1.00000814345733
0.00238492922294412,1.00000815445504
0.00239053826149627,1.00000830812146
0.00239616049176631,1.00000828363136
0.00240179594477941,1.00000835653138
0.00240744465163371,1.00000836011107
0.00241310664350051,1.00000832684369
0.00241878195162439,1.00000841796437
0.00242447060732344,1.0000085150604
0.00243017264198938,1.00000854549727
0.00243588808708778,1.00000853924055
0.00244161697415821,1.00000859799095
0.00244735933481441,1.00000859069514
0.00245311520074446,1.00000874890593
0.00245888460371101,1.00000865429038
0.00246466757555136,1.00000881334887
0.00247046414817772,1.00000883734187
0.00247627435357733,1.00000887049871
0.00248209822381268,1.00000888651527
0.00248793579102167,1.00000890150617
0.00249378708741775,1.00000904481685
0.00249965214529017,1.00000892181837
0.0025055309970041,1.00000902121646
0.00251142367500084,1.00000913778231
0.00251733021179797,1.00000911345989
0.00252325063998957,1.00000914779335
0.00252918499224635,1.00000917763068
0.00253513330131589,1.00000922265102
0.00254109560002276,1.00000919460486
0.00254707192126874,1.00000935565891
0.00255306229803299,1.00000938966336
0.00255906676337223,1.00000938374964
0.00256508535042094,1.00000945663896
0.0025711180923915,1.00000947093952
0.00257716502257443,1.00000964642845
0.00258322617433852,1.00000953975589
0.00258930158113106,1.00000969124352
0.002595391276478,1.00000970170516
0.00260149529398411,1.0000098131589
0.00260761366733323,1.00000979263397
0.00261374643028841,1.00000978974585
0.0026198936166921,1.00000991390451
0.00262605526046635,1.00000990670038
0.00263223139561298,1.00001003223453
0.00263842205621378,1.00000993326554
0.00264462727643071,1.00001006851348
0.00265084709050606,1.00001015606307
0.00265708153276266,1.00001022421071
0.00266333063760405,1.00001027212841
0.00266959443951471,1.00001021736721
0.00267587297306019,1.00001021980304
0.00268216627288736,1.00001034980974
0.00268847437372456,1.00001045732058
0.00269479731038181,1.00001035047616
0.002701135117751,1.00001055346957
0.00270748783080608,1.00001052149161
0.00271385548460326,1.000010695498
0.00272023811428119,1.00001076401899
0.00272663575506116,1.00001074264484
0.0027330484422473,1.00001083176682
0.00273947621122677,1.00001079901667
0.00274591909746996,1.00001088236528
0.00275237713653067,1.00001094350549
0.00275885036404633,1.00001093280758
0.00276533881573819,1.00001110063856
0.00277184252741148,1.00001105361821
0.00277836153495568,1.00001111680324
0.00278489587434465,1.00001125893567
0.00279144558163687,1.00001121210221
0.00279801069297561,1.00001129040396
0.00280459124458916,1.00001128495754
0.002811187272791,1.00001126810671
0.00281779881398003,1.00001143860912
0.00282442590464074,1.00001140035881
0.00283106858134344,1.00001150861453
0.00283772688074443,1.00001163838576
0.00284440083958625,1.00001153595044
0.00285109049469783,1.00001173263785
0.00285779588299473,1.00001180760275
0.0028645170414793,1.00001175649278
0.00287125400724096,1.00001191858835
0.00287800681745634,1.00001194603452
0.00288477550938949,1.00001203194424
0.00289156012039212,1.00001202317921
0.00289836068790378,1.000012161397
0.00290517724945206,1.0000121290922
0.00291200984265284,1.00001224221706
0.00291885850521043,1.0000123514146
0.00292572327491786,1.00001231202301
0.00293260418965699,1.00001237109483
0.00293950128739883,1.00001247248639
0.00294641460620364,1.00001238102063
0.00295334418422123,1.00001261427038
0.00296029005969113,1.00001256230507
0.00296725227094278,1.00001264891463
0.00297423085639578,1.00001270500907
0.0029812258545601,1.00001280142115
0.00298823730403627,1.0000128847499
0.0029952652435156,1.00001291148047
0.00300230971178039,1.00001296007779
0.00300937074770417,1.00001306603549
0.00301644839025189,1.00001312970364
0.00302354267848013,1.00001320444343
0.00303065365153732,1.00001313264207
0.003037781348664,1.00001334538189
0.00304492580919295,1.00001342037017
0.0030520870725495,1.00001339573557
0.00305926517825166,1.00001347675451
0.00306646016591041,1.00001359042448
0.00307367207522988,1.00001364050124
0.00308090094600759,1.00001372605526
0.00308814681813465,1.00001379572229
0.00309540973159597,1.00001383869515
0.00310268972647054,1.00001395917071
0.00310998684293158,1.00001393038303
0.00311730112124679,1.00001394252365
0.0031246326017786,1.00001408774725
0.00313198132498434,1.00001410680058
0.0031393473314165,1.00001417153344
0.00314673066172296,1.0000142672995
0.00315413135664717,1.00001436078298
0.00316154945702843,1.00001444341635
0.00316898500380207,1.00001455744173
0.0031764380379997,1.00001452080099
0.00318390860074943,1.00001453992466
0.0031913967332761,1.0000146215733
0.00319890247690152,1.00001468207442
0.00320642587304464,1.00001490238487
0.00321396696322187,1.00001488997413
0.00322152578904724,1.00001505158254
0.00322910239223265,1.00001507722855
0.0032366968145881,1.00001511432772
0.00324430909802192,1.00001515259692
0.00325193928454102,1.00001519762379
0.00325958741625108,1.00001543163477
0.00326725353535683,1.00001551367323
0.00327493768416225,1.00001544698575
0.0032826399050708,1.00001549885732
0.00329036024058568,1.00001557142764
0.00329809873331007,1.00001581336756
0.0033058554259473,1.00001570391833
0.00331363036130119,1.00001579803398
0.00332142358227619,1.00001594216904
0.00332923513187766,1.00001594074739
0.00333706505321212,1.00001601678352
0.00334491338948744,1.00001612145917
0.00335278018401315,1.00001619301895
0.0033606654802006,1.00001629540293
0.00336856932156327,1.00001643214899
0.00337649175171695,1.00001641349731
0.00338443281438004,1.00001655414057
0.00339239255337372,1.00001664234263
0.00340037101262226,1.00001672275664
0.00340836823615323,1.00001681020831
0.00341638426809774,1.00001682981393
0.00342441915269071,1.00001697291618
0.00343247293427105,1.00001687780806
0.00344054565728201,1.00001704332127
0.00344863736627131,1.00001710709114
0.00345674810589147,1.00001719576201
0.00346487792090003,1.00001729353842
0.00347302685615977,1.00001740630033
0.003481194956639,1.00001743042769
0.0034893822674118,1.00001768264977
0.00349758883365822,1.00001770416967
0.0035058147006646,1.00001766805043
0.00351405991382378,1.00001772648648
0.00352232451863537,1.00001791717077
0.00353060856070595,1.00001801258976
0.00353891208574939,1.00001809025221
0.00354723513958709,1.00001817740762
0.00355557776814818,1.00001823784029
0.00356394001746982,1.00001839469706
0.00357232193369746,1.00001849092555
0.00358072356308505,1.00001853856798
0.00358914495199535,1.00001861927587
0.00359758614690015,1.00001864533084
0.00360604719438052,1.00001873261885
0.00361452814112711,1.00001879784023
0.00362302903394036,1.00001889526816
0.00363154991973078,1.00001898818277
0.00364009084551922,1.00001908807538
0.0036486518584371,1.00001907682994
0.00365723300572671,1.00001933611825
0.00366583433474142,1.00001944950474
0.00367445589294598,1.00001949566889
0.00368309772791678,1.00001954191705
0.0036917598873421,1.00001974999548
0.00370044241902236,1.00001985535716
0.00370914537087043,1.00001986837364
0.00371786879091183,1.00001991083406
0.00372661272728506,1.00002017295812
0.00373537722824182,1.00002008468923
0.00374416234214729,1.00002027076917
0.00375296811748041,1.00002027824528
0.00376179460283412,1.00002046545951
0.00377064184691566,1.00002051647449
0.00377950989854682,1.00002063492549
0.00378839880666419,1.00002074641814
0.0037973086203195,1.00002085923049
0.00380623938867979,1.00002088899838
0.00381519116102777,1.00002087451369
0.00382416398676204,1.00002109890541
0.00383315791539738,1.00002124137987
0.00384217299656504,1.00002128769861
0.00385120928001298,1.00002142995497
0.00386026681560615,1.00002147501935
0.00386934565332679,1.00002166470542
0.00387844584327471,1.00002165297548
0.00388756743566751,1.00002180483787
0.00389671048084092,1.00002199212817
0.00390587502924904,1.00002201524794
0.00391506113146465,1.00002206189902
0.00392426883817946,1.00002227376964
0.00393349820020438,1.0000223860811
0.00394274926846985,1.00002246404678
0.00395202209402609,1.00002254211614
0.00396131672804336,1.00002272479919
0.00397063322181229,1.00002285932735
0.00397997162674412,1.00002295765159
0.00398933199437102,1.0000229685192
0.00399871437634634,1.00002309923982
0.00400811882444493,1.00002320719021
0.00401754539056339,1.00002335492194
0.00402699412672038,1.00002335769747
0.00403646508505691,1.00002355200627
0.00404595831783661,1.0000235231933
0.00405547387744603,1.00002368515863
0.00406501181639491,1.00002370984171
0.00407457218731652,1.00002396145628
0.00408415504296788,1.00002402882822
0.00409376043623012,1.00002411101944
0.00410338842010872,1.00002439348231
0.00411303904773382,1.00002440616528
0.00412271237236053,1.00002460224937
0.00413240844736919,1.00002474302455
0.0041421273262657,1.00002481254658
0.0041518690626818,1.0000249481357
0.00416163371037534,1.00002505430862
0.00417142132323063,1.00002515416633
0.00418123195525869,1.0000251494417
0.00419106566059759,1.00002536458613
0.00420092249351269,1.00002537438266
0.004210802508397,1.00002554183596
0.00422070575977146,1.00002574353798
0.00423063230228522,1.00002580962487
0.00424058219071597,1.00002598760429
0.0042505554799702,1.00002617608083
0.00426055222508359,1.00002618656373
0.00427057248122119,1.00002631563126
0.00428061630367785,1.0000264508028
0.00429068374787842,1.00002658434307
0.00430077486937814,1.00002667054165
0.00431088972386288,1.00002681767303
0.00432102836714949,1.00002704581538
0.00433119085518608,1.00002717584504
0.00434137724405237,1.00002717268687
0.00435158758995995,1.00002743408845
0.0043618219492526,1.00002742328935
0.00437208037840665,1.00002757782701
0.00438236293403123,1.00002776112429
0.00439266967286861,1.00002791878166
0.00440300065179451,1.000028055534
0.00441335592781842,1.00002810282709
0.00442373555808391,1.00002836270629
0.00443413959986893,1.0000284421103
0.00444456811058616,1.00002843352972
0.00445502114778329,1.000028691812
0.00446549876914336,1.00002882442252
0.00447600103248508,1.00002901810054
0.00448652799576314,1.0000290365046
0.00449707971706852,1.0000291261421
0.00450765625462883,1.00002929100733
0.00451825766680863,1.00002954465348
0.00452888401210973,1.00002960793947
0.00453953534917155,1.00002967515313
0.00455021173677141,1.00002994541092
0.00456091323382486,1.00003005001128
0.00457163989938602,1.00003021388608
0.0045823917926479,1.00003028397294
0.00459316897294271,1.00003050623064
0.00460397149974222,1.00003071765849
0.00461479943265807,1.00003073953647
0.00462565283144207,1.0000309221347
0.0046365317559866,1.00003107587194
0.00464743626632486,1.00003114272743
0.00465836642263127,1.00003133501547
0.00466932228522176,1.00003153411997
0.0046803039145541,1.00003157719875
0.00469131137122828,1.00003183789897
0.00470234471598679,1.0000318860421
0.00471340400971498,1.0000321070908
0.00472448931344141,1.00003232780472
0.00473560068833815,1.00003243053117
0.00474673819572117,1.00003257700719
0.0047579018970506,1.00003271961698
0.00476909185393116,1.0000328370922
0.00478030812811243,1.00003304650194
0.00479155078148923,1.000033162684
0.00480281987610194,1.00003325893493
0.00481411547413686,1.00003342303854
0.00482543763792654,1.00003367845184
0.00483678642995012,1.00003373535225
0.0048481619128337,1.00003396322392
0.00485956414935063,1.00003421061123
0.00487099320242196,1.00003433376101
0.00488244913511666,1.00003451291844
0.00489393201065206,1.00003457748153
0.00490544189239417,1.00003478187594
0.004916978843858,1.00003497447071
0.00492854292870798,1.00003512869415
0.00494013421075826,1.00003516433506
0.00495175275397303,1.00003549975329
0.00496339862246698,1.00003556186715
0.00497507188050554,1.00003579421288
0.0049867725925053,1.00003593922701
0.00499850082303437,1.0000361256054
0.00501025663681268,1.00003636999798
0.00502204009871239,1.00003645140129
0.00503385127375824,1.00003648145733
0.00504569022712788,1.00003679538975
0.00505755702415226,1.0000369657536
0.00506945173031598,1.00003715821738
0.00508137441125765,1.00003737858239
0.00509332513277026,1.00003749925485
0.00510530396080152,1.00003778994343
0.00511731096145425,1.00003788633167
0.00512934620098674,1.00003797875482
0.00514140974581309,1.00003825151151
0.00515350166250364,1.00003845012149
0.00516562201778525,1.00003852386381
0.00517777087854174,1.00003872413101
0.00518994831181421,1.00003895768483
0.00520215438480145,1.00003917938408
0.00521438916486029,1.00003931872672
0.00522665271950596,1.00003946242694
0.0052389451164125,1.00003967606278
0.00525126642341309,1.00003984713699
0.00526361670850047,1.00004005484425
0.00527599603982725,1.0000401993463
0.00528840448570636,1.00004041446715
0.00530084211461137,1.00004060964965
0.00531330899517693,1.00004089935361
0.00532580519619906,1.00004099534894
0.0053383307866356,1.0000412205759
0.00535088583560659,1.00004138346281
0.00536347041239459,1.0000416948654
0.00537608458644515,1.00004167891355
0.0053887284273671,1.00004198192377
0.00540140200493301,1.00004216324722
0.00541410538907955,1.000042368294
0.00542683864990785,1.00004249946091
0.00543960185768392,1.00004269506945
0.00545239508283903,1.00004302080203
0.00546521839597008,1.00004309702821
0.00547807186784004,1.00004341233164
0.00549095556937826,1.00004361333818
0.00550386957168093,1.00004372632075
0.00551681394601145,1.00004394550114
0.00552978876380083,1.00004410954109
0.00554279409664804,1.00004444171353
0.00555583001632048,1.00004458606915
0.00556889659475432,1.00004481260347
0.00558199390405493,1.00004504325098
0.00559512201649723,1.00004531581264
0.00560828100452614,1.00004545959889
0.00562147094075699,1.0000456123106
0.00563469189797584,1.0000457912638
0.00564794394913996,1.00004615621295
0.00566122716737821,1.0000463141034
0.00567454162599142,1.00004655139371
0.00568788739845283,1.00004671745081
0.00570126455840849,1.00004692921365
0.00571467317967762,1.00004724802507
0.00572811333625309,1.00004742665905
0.00574158510230177,1.00004760721196
0.00575508855216496,1.00004791253925
0.00576862376035882,1.00004803584446
0.00578219080157473,1.00004828095862
0.00579578975067978,1.00004862042787
0.00580942068271709,1.00004883851565
0.0058230836729063,1.00004913353038
0.00583677879664395,1.00004919767404
0.0058505061295039,1.00004949315151
0.00586426574723776,1.000049545589
0.00587805772577528,1.00005001546848
0.00589188214122479,1.00005027096364
0.00590573906987363,1.00005042395722
0.00591962858818856,1.00005063854172
0.00593355077281616,1.00005093366317
0.00594750570058329,1.00005110176695
0.00596149344849748,1.00005128491564
0.00597551409374739,1.00005167748295
0.00598956771370321,1.00005196007806
0.00600365438591708,1.00005215703369
0.00601777418812356,1.00005237836339
0.00603192719824002,1.0000525571603
0.00604611349436706,1.00005292631208
0.00606033315478899,1.00005301311158
0.00607458625797423,1.00005341708645
0.00608887288257574,1.00005356609311
0.00610319310743146,1.00005375355179
0.00611754701156475,1.00005405052227
0.00613193467418483,1.00005446156599
0.0061463561746872,1.00005466278247
0.00616081159265408,1.0000549678552
0.00617530100785488,1.00005515497969
0.0061898245002466,1.00005540626302
0.0062043821499743,1.00005567350232
0.00621897403737151,1.00005591999234
0.0062336002429607,1.00005615734592
0.00624826084745375,1.00005645556495
0.00626295593175232,1.00005682097118
0.00627768557694837,1.00005699276353
0.00629244986432456,1.0000572692202
0.00630724887535471,1.00005743446836
0.00632208269170429,1.00005776356937
0.00633695139523081,1.00005798006802
0.00635185506798429,1.00005833968892
0.00636679379220775,1.0000587351839
0.00638176765033761,1.00005899029762
0.00639677672500418,1.00005905466435
0.00641182109903209,1.00005946635459
0.00642690085544079,1.00005975866845
0.00644201607744497,1.0000599471543
0.00645716684845501,1.00006034049398
0.00647235325207749,1.00006058250608
0.00648757537211561,1.00006089453899
0.00650283329256966,1.00006115021652
0.00651812709763748,1.00006153260849
0.00653345687171496,1.00006169987567
0.00654882269939643,1.00006192490825
0.00656422466547524,1.00006231715789
0.00657966285494412,1.00006259615106
0.00659513735299567,1.00006291081469
0.00661064824502292,1.00006323197468
0.00662619561661968,1.00006352735209
0.00664177955358107,1.00006380026409
0.00665740014190401,1.00006399885226
0.00667305746778765,1.00006441789378
0.00668875161763389,1.0000646835322
0.00670448267804783,1.00006502373777
0.00672025073583824,1.00006515184176
0.00673605587801808,1.00006547153786
0.00675189819180491,1.00006593024142
0.00676777776462146,1.00006616167973
0.00678369468409605,1.0000665175914
0.00679964903806306,1.00006679214098
0.00681564091456351,1.00006708120902
0.00683167040184542,1.00006746116066
0.00684773758836437,1.00006783560957
0.00686384256278403,1.00006807667985
0.0068799854139765,1.00006858514949
0.00689616623102298,1.00006878142703
0.00691238510321414,1.00006922680688
0.00692864212005063,1.00006945433286
0.00694493737124366,1.00006981248306
0.00696127094671535,1.00007012274228
0.00697764293659937,1.00007032960061
0.00699405343124131,1.00007074799734
0.00701050252119931,1.00007116331833
0.00702699029724444,1.00007146264129
0.00704351685036127,1.00007168846086
0.00706008227174835,1.00007209899027
0.00707668665281872,1.0000724550755
0.00709333008520041,1.00007280761382
0.00711001266073694,1.00007312734479
0.00712673447148785,1.00007343302972
0.00714349560972918,1.00007384362357
0.00716029616795399,1.000074138527
0.00717713623887288,1.00007448813665
0.00719401591541448,1.00007483617664
0.00721093529072598,1.00007513991489
0.00722789445817367,1.00007552655644
0.00724489351134336,1.00007597388729
0.00726193254404105,1.00007635378059
0.00727901165029326,1.00007667579671
0.00729613092434772,1.00007694915052
0.0073132904606738,1.0000774030546
0.00733049035396304,1.00007769540013
0.00734773069912969,1.00007811714904
0.00736501159131122,1.00007847554447
0.00738233312586885,1.0000787997421
0.00739969539838809,1.00007931159145
0.00741709850467923,1.00007958810034
0.00743454254077793,1.00008002879163
0.00745202760294569,1.00008030918649
0.00746955378767038,1.0000807694749
0.00748712119166685,1.0000809995748
0.00750472991187737,1.00008141183299
0.00752238004547222,1.00008189396872
0.00754007168985022,1.00008220290319
0.00755780494263923,1.00008259619335
0.00757557990169676,1.00008303190252
0.00759339666511044,1.00008342214409
0.00761125533119857,1.00008396632657
0.00762915599851075,1.00008422292449
0.00764709876582827,1.00008461198629
0.00766508373216481,1.00008492528748
0.00768311099676687,1.00008541113451
0.00770118065911439,1.0000857354637
0.00771929281892129,1.0000861627607
0.00773744757613595,1.00008667003009
0.00775564503094186,1.00008702817285
0.00777388528375812,1.00008742055202
0.00779216843523999,1.0000878157305
0.00781049458627947,1.00008831185384
0.00782886383800585,1.00008859350682
0.00784727629178623,1.0000890776463
0.00786573204922615,1.00008959795713
0.0078842312121701,1.00008991681254
0.0079027738827021,1.00009041046252
0.00792136016314622,1.0000908298905
0.00793999015606725,1.00009126074713
0.00795866396427114,1.00009160998971
0.00797738169080566,1.00009207485718
0.00799614343896092,1.00009249089086
0.00801494931226994,1.00009283548848
0.00803379941450929,1.00009334237131
0.00805269384969953,1.00009372624772
0.00807163272210596,1.00009415447223
0.00809061613623899,1.00009469714495
0.00810964419685491,1.0000952118793
0.00812871700895634,1.0000956528306
0.00814783467779286,1.00009600874467
0.0081669973088616,1.00009653999298
0.00818620500790778,1.00009701390782
0.00820545788092534,1.00009730859583
0.00822475603415748,1.00009787321024
0.0082440995740973,1.00009835741736
0.00826348860748833,1.00009877752515
0.00828292324132517,1.00009925822059
0.00830240358285404,1.00009977924458
0.0083219297395734,1.00010023291012
0.00834150181923452,1.00010069375725
0.0083611199298421,1.00010113033134
0.00838078417965484,1.0001015424044
0.00840049467718605,1.00010206148504
0.00842025153120428,1.00010250363521
0.00844005485073385,1.0001030665524
0.0084599047450555,1.00010351605478
0.00847980132370702,1.00010404633786
0.00849974469648374,1.00010461900449
0.0085197349734393,1.00010501861732
0.00853977226488612,1.00010573956627
0.00855985668139607,1.00010600554088
0.00857998833380108,1.00010648048969
0.00860016733319375,1.00010713563947
0.00862039379092792,1.00010764728339
0.00864066781861935,1.00010804942476
0.0086609895281463,1.00010848291371
0.00868135903165014,1.00010909546791
0.00870177644153601,1.0001092176219
0.00872224187047337,1.00011016743888
0.00874275543139671,1.00011061937966
0.00876331723750609,1.0001108355933
0.00878392740226782,1.00011144756843
0.00880458603941505,1.00011219122351
0.00882529326294846,1.00011265301627
0.00884604918713679,1.00011302321154
0.00886685392651755,1.00011384001865
0.00888770759589763,1.00011421489615
0.00890861031035392,1.00011480683875
0.00892956218523397,1.00011544422735
0.00895056333615659,1.00011597442213
0.00897161387901256,1.00011648666684
0.00899271392996514,1.00011703555615
0.00901386360545086,1.00011763276559
0.00903506302218006,1.00011805144174
0.00905631229713758,1.00011871861393
0.00907761154758338,1.00011926624587
0.00909896089105322,1.00011935071515
0.00912036044535927,1.00012043942543
0.00914181032859078,1.00012100978326
0.00916331065911474,1.00012151276528
0.00918486155557652,1.00012189209538
0.00920646313690054,1.00012259610552
0.00922811552229087,1.00012285830425
0.009249818831232,1.00012374333173
0.00927157318348937,1.00012423251221
0.00929337869911014,1.00012503768226
0.00931523549842376,1.00012592181613
0.00933714370204271,1.00012550423185
0.00935910343086314,1.00012676421551
0.00938111480606552,1.00012743112777
0.00940317794911529,1.00012761209491
0.00942529298176363,1.00012863147728
0.00944746002604798,1.00012934492329
0.00946967920429288,1.00012965106774
0.00949195063911049,1.00013037440263
0.00951427445340138,1.00013072627515
0.00953665077035515,1.00013062831769
0.00955907971345114,1.00013318007856
0.00958156140645907,1.00013256278697
0.00960409597343977,1.00013247575103
0.00962668353874585,1.00013417040368
0.00964932422702236,1.00013441792058
0.00967201816320752,1.00013423810848
0.00969476547253337,1.00013585123148
0.00971756628052649,1.00013477751273
0.0097404207130087,1.00012836596581
0.00976332889609768,1.00013800873447
0.00978629095620778,1.0001385071057
0.00980930702005064,1.000139701622
0.0098323772146359,1.00014041391025
0.00985550166727192,1.00014045959575
0.00987868050556646,1.00014144696
0.00990191385742742,1.00014173834924
0.0099252018510635,1.00014259121121
0.00994854461498494,1.00014328047282
0.00997194227800423,1.00014408420822
0.00999539496923678,1.00014466089556
0.0100189028181017,1.00026426396835
0.0100424659543224,1.00014605256744
0.0100660845079275,1.0001466536591
0.0100897586092514,1.00014724117107
0.0101134883889349,1.00014794145798
0.0101372739779262,1.00014872085763
0.0101611155074814,1.00014965986746
0.0101850131091654,1.00015010484801
0.0102089669148523,1.00015098105287
0.0102329770567267,1.00015146032874
0.0102570436672836,1.00015218062741
0.0102811668793301,1.00015292391914
0.0103053468259853,1.00015354847478
0.0103295836406816,1.00015440157636
0.0103538774571651,1.00015510171072
0.0103782284094964,1.00015567977609
0.0104026366320516,1.00015675447416
0.0104271022595226,1.00015741963523
0.0104516254269182,1.00015784164528
0.0104762062695647,1.00015902398704
0.0105008449231067,1.00015966160816
0.0105255415235078,1.00016023166216
0.0105502962070513,1.00016100091511
0.0105751091103412,1.00016190819042
0.0105999803703025,1.00016294099339
0.0106249101241824,1.00016350077942
0.010649898509551,1.00016429914236
0.0106749456643017,1.00016495258495
0.0107000517266524,1.00016569600122
0.010725216835146,1.00016636490372
0.0107504411286511,1.00016722229889
0.0107757247463632,1.00016815449701
0.0108010678278049,1.00016882902056
0.0108264705128271,1.0001696961787
0.0108519329416094,1.00017054244267
0.0108774552546615,1.00017124041389
0.010903037592823,1.00017211076903
0.0109286800972652,1.00017301444383
0.0109543829094913,1.00017386344342
0.0109801461713371,1.00017451122008
0.0110059700249722,1.00017528990607
0.0110318546129004,1.0001761154834
0.0110578000779608,1.00017697425979
0.0110838065633285,1.00017778162516
0.011109874212515,1.00017867535803
0.0111360031693696,1.00017952988458
0.0111621935780798,1.00018035153529
0.0111884455831724,1.00018109050485
0.0112147593295137,1.00018203128239
0.0112411349623112,1.0001829045983
0.0112675726271136,1.00018376253094
0.0112940724698119,1.00018466619403
0.0113206346366404,1.00018541099811
0.0113472592741772,1.00018630361388
0.0113739465293452,1.00018725470135
0.0114006965494126,1.00018800499423
0.0114275094819944,1.00018910817875
0.0114543854750524,1.00018999815743
0.0114813246768965,1.00019086739226
0.0115083272361854,1.00019173023435
0.0115353933019276,1.0001927088276
0.0115625230234817,1.0001936641424
0.0115897165505579,1.00019453249637
0.0116169740332183,1.00019539707657
0.011644295621878,1.00019635263427
0.0116716814673058,1.00019706719715
0.0116991317206251,1.00019821416453
0.0117266465333149,1.00019912692674
0.0117542260572103,1.00019995685345
0.0117818704445033,1.0002008897914
0.0118095798477443,1.00020195104141
0.0118373544198421,1.00020290312345
0.0118651943140652,1.00020373990486
0.0118930996840427,1.00020478865397
0.0119210706837649,1.00020573071066
0.0119491074675843,1.0002067521569
0.0119772101902163,1.00020773514034
0.0120053790067405,1.00020857204503
0.0120336140726008,1.00020962481851
0.012061915543607,1.0002107289752
0.0120902835759352,1.00021157821595
0.0121187183261288,1.0002126257748
0.0121472199510995,1.00021362537746
0.0121757886081279,1.00021464957686
0.0122044244548645,1.00021565118235
0.0122331276493307,1.00021670598052
0.0122618983499193,1.00021764613968
0.012290736715396,1.00021869621811
0.0123196429048996,1.00021967226508
0.0123486170779432,1.00022075133382
0.0123776593944152,1.00022183974998
0.0124067700145799,1.00022275848774
0.0124359490990785,1.00022388852405
0.0124651968089301,1.00022494862955
0.0124945133055325,1.00022600771536
0.0125238987506631,1.00022701065289
0.0125533533064797,1.00022811214728
0.0125828771355214,1.0002291397647
0.0126124704007098,1.0002304273231
0.0126421332653496,1.00023131894328
0.0126718658931293,1.00023245234283
0.0127016684481228,1.00023354702208
0.0127315410947895,1.00023467480754
0.0127614839979759,1.00023571836822
0.012791497322916,1.00023683695982
0.0128215812352325,1.00023802479069
0.0128517359009375,1.00023913629395
0.0128819614864337,1.00024023858017
0.012912258158515,1.00024144418352
0.0129426260843678,1.00024253498624
0.0129730654315715,1.00024368415103
0.0130035763680996,1.00024478298453
0.0130341590623208,1.00024587934598
0.0130648136829998,1.00024713131422
0.013095540399298,1.00024830689023
0.0131263393807748,1.00024947142688
0.0131572107973884,1.00025060432207
0.0131881548194966,1.00025186903227
0.013219171617858,1.00025286803842
0.0132502613636328,1.00025420391374
0.0132814242283836,1.00025544828653
0.0133126603840765,1.00025656125822
0.0133439700030822,1.00025776091613
0.0133753532581768,1.00025891464492
0.0134068103225425,1.00026018469101
0.013438341369769,1.00026150757756
0.0134699465738543,1.00026273041353
0.0135016261092054,1.0002639632633
0.0135333801506398,1.00026506557955
0.0135652088733858,1.0002664233113
0.013597112453084,1.00026774059535
0.0136290910657881,1.00026889454684
0.0136611448879659,1.0002702281572
0.0136932740965001,1.00027150235937
0.0137254788686894,1.00027271302615
0.0137577593822495,1.00027406355699
0.0137901158153143,1.00027521984672
0.0138225483464362,1.00027662328495
0.013855057154588,1.00027792972514
0.013887642419163,1.00027921560917
0.0139203043199768,1.00028056109269
0.0139530430372675,1.00028188704984
0.0139858587516975,1.00028317589473
0.0140187516443539,1.00028454845658
0.0140517218967496,1.00028574560674
0.0140847696908244,1.00028720698695
0.0141178952089463,1.00028856367839
0.0141510986339119,1.00029000928787
0.0141843801489478,1.00029120425335
0.0142177399377116,1.00029264565755
0.0142511781842926,1.00029402101582
0.0142846950732134,1.00029540918526
0.0143182907894303,1.00029681949864
0.0143519655183347,1.00029822165729
0.014385719445754,1.00029958806592
0.0144195527579528,1.00030086606481
0.0144534656416334,1.00030235794321
0.0144874582839375,1.00030386889361
0.0145215308724469,1.00030522552023
0.0145556835951844,1.00030674418956
0.0145899166406152,1.00030810138985
0.0146242301976477,1.00030967297181
0.0146586244556345,1.00031102689611
0.0146930996043736,1.00031264273744
0.0147276558341094,1.00031414847777
0.0147622933355336,1.00031551485967
0.0147970122997866,1.00031691470788
0.0148318129184581,1.00031854775567
0.0148666953835885,1.00032004353309
0.01490165988767,1.00032147582973
0.0149367066236473,1.0003229985614
0.014971835784919,1.00032449386677
0.0150070475653384,1.00032600329655
0.0150423421592149,1.00032754643313
0.0150777197613148,1.00032911048733
0.0151131805668625,1.00033065830829
0.0151487247715414,1.00033230682319
0.0151843525714955,1.0003336783003
0.0152200641633296,1.0003354227753
0.0152558597441112,1.00033691979088
0.0152917395113713,1.00033865658351
0.0153277036631053,1.00034023306078
0.0153637523977743,1.00034177504251
0.0153998859143063,1.00034341556584
0.015436104412097,1.00034499364782
0.0154724080910111,1.00034652753862
0.0155087971513833,1.00034826207062
0.0155452717940195,1.00034992511121
0.015581832220198,1.00035148667525
0.0156184786316703,1.00035319736666
0.0156552112306625,1.00035491591166
0.0156920302198761,1.00035653516459
0.0157289358024897,1.00035821344887
0.0157659281821594,1.00035987492907
0.0158030075630205,1.00036158676478
0.0158401741496882,1.00036327905624
0.0158774281472592,1.00036505307648
0.0159147697613122,1.00036678533634
0.0159521991979098,1.00036841022982
0.0159897166635989,1.00037017938207
0.0160273223654123,1.0003719001035
0.0160650165108698,1.0003735819499
0.0161027993079791,1.00037540353232
0.0161406709652371,1.0003771813544
0.0161786316916313,1.0003789826644
0.0162166816966405,1.00038076254877
0.0162548211902361,1.00038266495191
0.0162930503828835,1.00038436372014
0.0163313694855431,1.00038623083109
0.0163697787096713,1.0003879655966
0.0164082782672218,1.00038982794371
0.0164468683706471,1.00039165304262
0.016485549232899,1.00039351428606
0.0165243210674303,1.00039529082191
0.0165631840881957,1.00039724109669
0.0166021385096533,1.00039918924357
0.0166411845467654,1.00040097348184
0.016680322415,1.00040282361371
0.0167195523303317,1.00040480143007
0.016758874509243,1.00040661436465
0.0167982891687259,1.0004085500191
0.0168377965262823,1.00041051141907
0.016877396799926,1.00041249192864
0.0169170902081831,1.00041439475855
0.0169568769700942,1.00041635310635
0.0169967573052146,1.0004183265807
0.0170367314336161,1.00042031534788
0.0170767995758883,1.00042226264342
0.0171169619531392,1.00042429075512
0.0171572187869971,1.00042631264734
0.0171975702996114,1.00042831237477
0.0172380167136542,1.00043027010282
0.017278558252321,1.00043224386683
0.0173191951393324,1.00043428484092
0.0173599275989351,1.00043640320561
0.0174007558559032,1.00043853522141
0.0174416801355394,1.00044055208504
0.0174827006636764,1.0004424763781
0.017523817666678,1.00044471176078
0.0175650313714403,1.00044680209762
0.017606342005393,1.00044879394773
0.0176477497965009,1.00045098501644
0.0176892549732646,1.00045306061236
0.0177308577647225,1.00045524952999
0.0177725584004514,1.00045734730737
0.017814357110568,1.00045957372198
0.0178562541257305,1.00046172261528
0.0178982496771392,1.00046392011063
0.0179403439965384,1.00046599751851
0.0179825373162174,1.00046827403704
0.0180248298690118,1.00047055909572
0.0180672218883047,1.00047266498548
0.0181097136080283,1.00047495702921
0.0181523052626647,1.00047705531678
0.0181949970872477,1.00047947358019
0.0182377893173637,1.00048162454806
0.0182806821891534,1.00048388395399
0.0183236759393126,1.00048618262058
0.018366770805094,1.00048846741569
0.0184099670243081,1.0004907924061
0.0184532648353248,1.00049306684179
0.0184966644770746,1.00049535997448
0.01854016618905,1.00049779043113
0.0185837702113066,1.00050014735235
0.0186274767844647,1.00050244619265
0.0186712861497106,1.00050486369521
0.0187151985487975,1.00050719598153
0.0187592142240476,1.00050954116141
0.0188033334183526,1.00051205941096
0.0188475563751758,1.00051448186595
0.0188918833385528,1.0005166751776
0.0189363145530934,1.0005192995027
0.0189808502639825,1.00052180395851
0.0190254907169818,1.00052418510796
0.0190702361584308,1.00052667865773
0.0191150868352484,1.00052909964991
0.0191600429949345,1.00053160149485
0.0192051048855708,1.0005341870729
0.0192502727558225,1.0005366323985
0.0192955468549396,1.00053914327056
0.0193409274327585,1.00054169597465
0.0193864147397029,1.00054428963293
0.0194320090267857,1.00054679980003
0.01947771054561,1.00054946079246
0.0195235195483707,1.00055201103609
0.0195694362878559,1.0005545608601
0.0196154610174481,1.0005572467502
0.0196615939911258,1.00055980912646
0.0197078354634647,1.00056249215182
0.0197541856896394,1.00056510075898
0.0198006449254245,1.00056783410304
0.0198472134271963,1.00057044405142
0.0198938914519339,1.00057314089634
0.0199406792572209,1.00057582249949
0.0199875771012466,1.00057858420474
0.0200345852428075,1.00058128265248
0.020081703941309,1.00058397949138
0.0201289334567664,1.00058673552703
0.0201762740498065,1.00058961023753
0.0202237259816691,1.00059229415951
0.0202712895142083,1.00059496421209
0.0203189649098944,1.00059794040737
0.0203667524318146,1.00060077447452
0.0204146523436749,1.00060355016229
0.0204626649098018,1.00060636188272
0.0205107903951431,1.00060933418441
0.02055902906527,1.00061218472688
0.0206073811863781,1.0006150218901
0.0206558470252891,1.00061788098364
0.0207044268494523,1.00062087524808
0.0207531209269459,1.00062369854344
0.0208019295264787,1.00062662608843
0.0208508529173914,1.00062967646006
0.0208998913696582,1.00063264745647
0.0209490451538881,1.00063562566444
0.0209983145413268,1.00063858368164
0.0210476998038576,1.00064148967335
0.0210972012140036,1.00064456405677
0.0211468190449285,1.00064766846229
0.0211965535704387,1.00065075582539
0.0212464050649843,1.00065385156922
0.0212963738036612,1.00065697117418
0.0213464600622121,1.00065998819572
0.0213966641170281,1.0006630547011
0.0214469862451505,1.00066618872181
0.0214974267242722,1.00066930446204
0.021547985832739,1.00067249772345
0.0215986638495516,1.00067567563808
0.0216494610543666,1.00067887987218
0.0217003777274985,1.00068200405205
0.0217514141499209,1.00068526002242
0.0218025706032685,1.00068838725382
0.0218538473698381,1.00069165192299
0.0219052447325904,1.00069496308092
0.0219567629751518,1.00069833443571
0.0220084023818157,1.00070159461766
0.022060163237544,1.00070481852072
0.0221120458279688,1.00070821294252
0.0221640504393942,1.00071147894277
0.0222161773587972,1.00071473204436
0.0222684268738303,1.00071826555257
0.0223207992728221,1.00072165085445
0.0223732948447794,1.00072495331104
0.0224259138793888,1.00072849302383
0.0224786566670182,1.00073186145248
0.0225315234987182,1.00073535219669
0.0225845146662243,1.00073877643818
0.0226376304619577,1.00074229619654
0.0226908711790276,1.00074569570085
0.0227442371112325,1.00074930814534
0.0227977285530619,1.0007528090645
0.0228513457996978,1.00075637607268
0.0229050891470164,1.00075993907913
0.0229589588915901,1.00076351145407
0.0230129553306883,1.00076711378757
0.0230670787622799,1.00077074262612
0.0231213294850345,1.00077437881001
0.023175707798324,1.00077800959952
0.0232302140022246,1.00078168278665
0.0232848483975181,1.00078535773249
0.0233396112856937,1.00078896095039
0.0233945029689497,1.00079274214061
0.023449523750195,1.0007965315617
0.0235046739330513,1.00080029359583
0.0235599538218538,1.00080410052633
0.023615363721654,1.00080775636118
0.0236709039382204,1.0008117180481
0.0237265747780409,1.00081547546079
0.0237823765483242,1.00081930530833
0.0238383095570014,1.00082307575604
0.0238943741127279,1.00082705464042
0.0239505705248849,1.00083101992559
0.0240068991035814,1.00083485039825
0.0240633601596556,1.00083878321439
0.0241199540046769,1.00084281893524
0.0241766809509472,1.00084671646931
0.0242335413115031,1.00085074168507
0.0242905354001175,1.00085464073926
0.024347663531301,1.00085865120732
0.0244049260203041,1.00086281280528
0.0244623231831186,1.00086684051781
0.0245198553364795,1.00087097675533
0.0245775227978668,1.00087508309813
0.0246353258855071,1.00087912565162
0.0246932649183754,1.00088331241472
0.0247513402161969,1.00088751943379
0.0248095520994489,1.00089162650744
0.0248679008893621,1.00089588571256
0.024926386907923,1.00090008777161
0.0249850104778753,1.00090437342645
0.0250437719227216,1.00090867414245
0.0251026715667255,1.00091281700844
0.0251617097349132,1.0009171334756
0.0252208867530752,1.00092150678408
0.0252802029477683,1.00092578032652
0.0253396586463175,1.00093014576739
0.0253992541768172,1.00093456868893
0.0254589898681338,1.00093906855786
0.025518866049907,1.0009433860459
0.0255788830525518,1.00094777814149
0.0256390412072604,1.00095232310297
0.0256993408460037,1.00095685451127
0.0257597823015335,1.00096131438363
0.0258203659073841,1.00096585254126
0.0258810919978743,1.00097037069972
0.0259419609081092,1.00097493987367
0.0260029729739819,1.00097948821482
0.0260641285321756,1.00098416324091
0.0261254279201654,1.00098884350061
0.0261868714762198,1.0009935257098
0.0262484595394031,1.00099821399057
0.026310192449577,1.00100286899194
0.0263720705474026,1.00100766984184
0.0264340941743419,1.00101224197648
0.0264962636726602,1.00101706203047
0.0265585793854278,1.00102200768878
0.0266210416565217,1.00102673303728
0.0266836508306278,1.00103166088081
0.0267464072532425,1.00103645104054
0.0268093112706749,1.00104135095992
0.0268723632300485,1.00104627205577
0.0269355634793032,1.00105111140492
0.0269989123671972,1.00105615204683
0.0270624102433089,1.00106105769985
0.0271260574580391,1.00106607976909
0.0271898543626123,1.00107110238577
0.0272538013090794,1.00107618502161
0.0273178986503191,1.00108127147337
0.0273821467400399,1.0010863465114
0.0274465459327824,1.00109139025023
0.027511096583921,1.00109663747384
0.0275757990496658,1.00110178388873
0.0276406536870646,1.00110689041409
0.0277056608540053,1.00111219967307
0.027770820909217,1.00111735696226
0.0278361342122728,1.00112274300055
0.0279016011235914,1.0011280864516
0.0279672220044391,1.00113330482711
0.028032997216932,1.00113861829864
0.0280989271240376,1.00114395708064
0.0281650120895773,1.00114945591124
0.0282312524782281,1.00115479865117
0.0282976486555245,1.00116029215216
0.0283642009878609,1.0011657840051
0.0284309098424933,1.00117120228655
0.0284977755875415,1.00117663111552
0.028564798591991,1.00118228696562
0.0286319792256952,1.00118796769933
0.0286993178593773,1.00119343984739
0.0287668148646322,1.0011991416888
0.0288344706139292,1.00120478045483
0.0289022854806131,1.00121047869711
0.0289702598389071,1.00121617300311
0.0290383940639143,1.00122191526719
0.0291066885316201,1.00122768659194
0.0291751436188944,1.0012334441342
0.0292437597034929,1.00123920682429
0.0293125371640602,1.00124505550507
0.0293814763801312,1.00125093291699
0.0294505777321336,1.00125693830279
0.0295198416013896,1.00126288320247
0.0295892683701183,1.00126861298313
0.0296588584214378,1.00127464872569
0.0297286121393672,1.00128070839377
0.0297985299088287,1.0012867053523
0.0298686121156498,1.00129277791019
0.0299388591465656,1.00129889951099
0.0300092713892204,1.00130513843756
0.0300798492321706,1.00131121801451
0.0301505930648861,1.00131736324523
0.0302215032777529,1.00132351549573
0.0302925802620753,1.00132993273426
0.0303638244100775,1.00133616082056
0.0304352361149065,1.00134250259248
0.0305068157706338,1.00134869699753
0.0305785637722579,1.00135496716989
0.0306504805157059,1.00136151274102
0.0307225663978363,1.00136783901887
0.0307948218164411,1.0013743554304
0.0308672471702476,1.00138083704825
0.030939842858921,1.00138740396894
0.0310126092830663,1.00139383451075
0.0310855468442309,1.00140050043331
0.0311586559449063,1.00140706839789
0.031231936988531,1.00141373141836
0.031305390379492,1.00142029791175
0.0313790165231274,1.00142695464035
0.0314528158257288,1.00143375868385
0.0315267886945431,1.00144045273188
0.0316009355377753,1.00144731352358
0.03167525676459,1.00145422590189
0.0317497527851145,1.00146112622654
0.0318244240104406,1.00146789791448
0.0318992708526267,1.00147486082508
0.0319742937247005,1.00148178207363
0.032049493040661,1.00148880703152
0.0321248692154811,1.00149590000145
0.0322004226651093,1.00150286995436
0.0322761538064726,1.00150990296934
0.0323520630574785,1.00151708963899
0.0324281508370174,1.0015242066235
0.0325044175649647,1.00153144731563
0.0325808636621836,1.00153863309159
0.0326574895505268,1.00154584574973
0.0327342956528393,1.00155311329401
0.0328112823929605,1.0015605130201
0.0328884501957268,1.00156789636234
0.0329657994869736,1.00157532434423
0.0330433306935378,1.00158268439489
0.0331210442432602,1.00159026224362
0.0331989405649878,1.00159764346656
0.0332770200885763,1.00160520817814
0.0333552832448922,1.00161280497397
0.0334337304658155,1.00162036094488
0.0335123621842418,1.00162794555687
0.0335911788340848,1.00163568533645
0.0336701808502789,1.00164339203075
0.0337493686687811,1.00165112597878
0.0338287427265741,1.00165897595484
0.033908303461668,1.00166677010357
0.0339880513131031,1.00167450601998
0.0340679867209524,1.00168252936011
0.0341481101263238,1.00169048501991
0.0342284219713627,1.00169844884111
0.0343089226992543,1.0017063954005
0.034389612754226,1.00171448909195
0.0344704925815502,1.00172259513339
0.0345515626275464,1.00173070635515
0.0346328233395837,1.0017388645041
0.0347142751660836,1.00174704829778
0.0347959185565219,1.001755251725
0.0348777539614319,1.00176360030279
0.0349597818324061,1.00177187035587
0.0350420026220993,1.00178022816994
0.0351244167842309,1.00178867741631
0.0352070247735873,1.00179709861972
0.0352898270460245,1.00180561151057
0.0353728240584707,1.00181406493199
0.0354560162689287,1.00182259119761
0.0355394041364784,1.00183129321483
0.0356229881212795,1.00183989327778
0.0357067686845737,1.00184855554517
0.0357907462886879,1.00185723520443
0.0358749213970359,1.00186605165645
0.0359592944741216,1.00187474845343
0.0360438659855414,1.00188364007465
0.0361286363979866,1.00189258766166
0.0362136061792462,1.00190158496139
0.0362987757982092,1.00191058963534
0.0363841457248676,1.00191951056038
0.0364697164303186,1.00192857837158
0.0365554883867674,1.00193762657983
0.0366414620675298,1.00194679049839
0.0367276379470347,1.00195599898214
0.0368140165008268,1.00196509906552
0.0369005982055693,1.00197437882527
0.0369873835390465,1.00198366372101
0.0370743729801662,1.00199313717957
0.0371615670089626,1.00200256124886
0.0372489661065988,1.00201197854048
0.0373365707553699,1.00202140368648
0.0374243814387048,1.00203100663774
0.0375123986411697,1.00204059424941
0.0376006228484702,1.00205019122221
0.0376890545474545,1.00205989699892
0.0377776942261155,1.00206958084557
0.0378665423735939,1.00207933985942
0.0379555994801809,1.00208922908701
0.0380448660373208,1.00209890161697
0.0381343425376136,1.00210897757546
0.0382240294748177,1.00211879216673
0.0383139273438532,1.00212883774289
0.0384040366408036,1.00213889573737
0.0384943578629197,1.00214887872038
0.0385848915086214,1.00215908542
0.0386756380775009,1.00216930538148
0.0387665980703253,1.00217950751965
0.0388577719890398,1.00218984311967
0.0389491603367695,1.00220014409323
0.0390407636178234,1.00221059386603
0.0391325823376962,1.00222112236532
0.0392246170030716,1.0022315248552
0.0393168681218248,1.00224198508229
0.0394093362030256,1.00225257448384
0.0395020217569409,1.00226322949446
0.0395949252950381,1.0022739611391
0.039688047329987,1.00228474792057
0.0397813883756633,1.00229545206825
0.0398749489471514,1.00230631603723
0.039968729560747,1.00231713381866
0.0400627307339601,1.00232804770224
0.0401569529855177,1.00233905471567
0.040251396835367,1.00235008766263
0.0403460628046778,1.00236120935089
0.0404409514158457,1.002372363677
0.0405360631924952,1.00238359040447
0.0406313986594818,1.00239471296425
0.0407269583428956,1.00240618197968
0.0408227427700642,1.00241750969038
0.0409187524695551,1.00242887360341
0.0410149879711791,1.00244030724049
0.0411114498059931,1.00245187832737
0.0412081385063026,1.00246337430259
0.0413050546056656,1.00247503269222
0.0414021986388944,1.00248669695927
0.0414995711420594,1.00249847150287
0.0415971726524919,1.00251012182742
0.0416950037087864,1.00252209375205
0.0417930648508048,1.00253400124079
0.0418913566196781,1.00254596863341
0.0419898795578104,1.00255789774681
0.042088634208881,1.0025700687544
0.0421876211178484,1.00258215364683
0.0422868408309523,1.00259429174936
0.0423862938957174,1.00260650901827
0.042485980860956,1.00261879195701
0.042585902276771,1.00263129078215
0.0426860586945593,1.00264367345906
0.0427864506670145,1.00265620652832
0.04288707874813,1.00266870383213
0.0429879434932023,1.00268122182432
0.0430890454588336,1.00269395335163
0.0431903852029354,1.00270669656966
0.0432919632847313,1.00271945465111
0.0433937802647601,1.0027323253597
0.0434958367048788,1.00274508750837
0.043598133168266,1.0027580476647
0.0437006702194247,1.00277116505739
0.0438034484241855,1.00278423117474
0.0439064683497099,1.00279747204291
0.0440097305644931,1.0028105908696
0.0441132356383675,1.00282387852253
0.0442169841425057,1.00283718829354
0.0443209766494235,1.00285050370134
0.0444252137329831,1.00286409083231
0.0445296959683965,1.00287756793452
0.0446344239322286,1.00289109334323
0.0447393982024,1.00290469945523
0.0448446193581909,1.00291855669343
0.0449500879802434,1.00293223888114
0.0450558046505657,1.00294610721567
0.0451617699525344,1.00296008116301
0.0452679844708985,1.00297399844464
0.0453744487917819,1.0029880571658
0.0454811635026871,1.00300225462997
0.0455881291924984,1.00301635189916
0.0456953464514851,1.00303059943468
0.0458028158713047,1.00304491675644
0.045910538045006,1.00305934834616
0.0460185135670329,1.00307379263134
0.0461267430332272,1.00308831626291
0.046235227040832,1.00310266456641
0.046343966188495,1.00311746061959
0.0464529610762721,1.00313217221137
0.0465622123056302,1.00314702940974
0.0466717204794507,1.00316183533518
0.0467814862020332,1.00317680635039
0.0468915100790984,1.0031918020119
0.0470017927177914,1.00320689118248
0.0471123347266856,1.00322201478336
0.0472231367157851,1.00323703628678
0.0473341992965294,1.00325239316408
0.0474455230817954,1.00326786689
0.0475571086859017,1.00328324973648
0.0476689567246116,1.00329882425485
0.0477810678151366,1.00331434574986
0.04789344257614,1.0033299739342
0.0480060816277398,1.00334573859453
0.0481189855915126,1.00336148704044
0.0482321550904968,1.00337739906375
0.0483455907491961,1.00339349978126
0.0484592931935832,1.00340954132104
0.0485732630511027,1.00342558531266
0.048687500950675,1.00344172325324
0.0488020075226995,1.00345805480192
0.0489167833990584,1.00347435342935
0.0490318292131199,1.0034907732936
0.0491471455997419,1.00350724712986
0.0492627331952753,1.00352381466583
0.0493785926375676,1.00354051701634
0.0494947245659664,1.00355707029601
0.0496111296213232,1.0035740510445
0.0497278084459964,1.0035908212409
0.0498447616838554,1.00360784469593
0.0499619899802837,1.00362494016263
0.0500794939821826,1.00364192461536
0.0501972743379752,1.00365919462368
0.0503153316976093,1.00367646118733
0.0504336667125612,1.00369384858787
0.0505522800358396,1.00371130413834
0.050671172321989,1.00372882755939
0.0507903442270932,1.0037464544146
0.0509097964087791,1.00376424032559
0.0510295295262201,1.00378194833357
0.05114954424014,1.00379979489558
0.0512698412128166,1.00381779126678
0.0513904211080851,1.00383569816815
0.0515112845913423,1.00385391618737
0.0516324323295495,1.00387220703808
0.0517538649912368,1.00389043440665
0.0518755832465066,1.00390884667523
0.0519975877670374,1.00392737506376
0.0521198792260873,1.00394595273128
0.0522424582984976,1.00396453545715
0.0523653256606971,1.00398325184061
0.0524884819907052,1.00400212039535
0.0526119279681362,1.00402088351683
0.0527356642742024,1.00403991811961
0.0528596915917185,1.00405897704286
0.052984010605105,1.00407826319547
0.053108622000392,1.00409755297156
0.0532335264652232,1.00411687292417
0.0533587246888593,1.00413631533582
0.0534842173621824,1.00415595559396
0.0536100051776993,1.00417550263083
0.0537360888295452,1.00419530745365
0.0538624690134883,1.00421506880532
0.0539891464269329,1.00423502615147
0.0541161217689234,1.00425509884181
0.0542433957401486,1.00427524460502
0.0543709690429448,1.00429548666619
0.0544988423813005,1.00431571309993
0.0546270164608597,1.00433605452381
0.0547554919889258,1.00435662262243
0.0548842696744661,1.00437724018995
0.0550133502281149,1.00439781420546
0.0551427343621782,1.00441874142991
0.0552724227906368,1.00443962008961
0.0554024162291511,1.00446030956351
0.0555327153950644,1.00448161907903
0.0556633210074072,1.00450287402042
0.0557942337869009,1.00452412361138
0.0559254544559623,1.00454552672293
0.0560569837387068,1.00456708225837
0.0561888223609531,1.00458867398311
0.0563209710502269,1.0046103433623
0.0564534305357648,1.00463210942127
0.0565862015485187,1.00465405567076
0.0567192848211593,1.00467601315071
0.0568526810880807,1.0046981478052
0.0569863910854041,1.00472032428618
0.057120415550982,1.00474263850245
0.0572547552244023,1.00476509214417
0.057389410846992,1.00478745647471
0.0575243831618219,1.00481023276609
0.0576596729137103,1.00483302785767
0.0577952808492273,1.0048558186449
0.0579312077166987,1.00487885252239
0.0580674542662105,1.00490193458326
0.0582040212496125,1.00492507444333
0.0583409094205228,1.00494844223256
0.0584781195343322,1.00497174233203
0.0586156523482078,1.00499520651419
0.0587535086210976,1.00501891940584
0.0588916891137343,1.00504261059843
0.05903019458864,1.00506653041826
0.0591690258101302,1.00509054810347
0.0593081835443177,1.00511459309018
0.0594476685591173,1.00513879640262
0.0595874816242498,1.00516308385123
0.0597276235112461,1.00518753496531
0.0598680949934521,1.00521200420104
0.0600088968460319,1.00523673815489
0.0601500298459732,1.00526147310203
0.0602914947720908,1.00528640617036
0.060433292405031,1.005311394977
0.0605754235272767,1.00533642224359
0.0607178889231505,1.00536176172315
0.0608606893788197,1.00538711531588
0.061003825682301,1.00541262252632
0.0611472986234638,1.00543818962751
0.0612911089940356,1.00546393214514
0.0614352575876058,1.00548987218361
0.0615797451996303,1.00551585840804
0.0617245726274355,1.00554188736904
0.0618697406702235,1.00556808318429
0.0620152501290755,1.00559446232652
0.0621611018069573,1.005620908644
0.0623072965087226,1.00564762616919
0.0624538350411183,1.00567424086931
0.0626007182127888,1.00570111723987
0.0627479468342799,1.00572811410653
0.0628955217180443,1.00575525490841
0.0630434436784448,1.00578246673866
0.06319171353176,1.00580966428677
0.063340332096188,1.00583738442566
0.0634893001918513,1.00586507601188
0.0636386186408013,1.0058927482982
0.0637882882670226,1.00592070300436
0.0639383098964377,1.00594867234505
0.0640886843569116,1.00597699160641
0.0642394124782564,1.00600508591725
0.0643904950922358,1.00603358344315
0.0645419330325697,1.00606213302527
0.0646937271349387,1.00609079062433
0.0648458782369888,1.00611963847387
0.0649983871783362,1.00614868861446
0.0651512548005716,1.00617775884863
0.0653044819472651,1.00620706470833
0.0654580694639708,1.00623641406647
0.0656120181982312,1.00626595485837
0.0657663289995825,1.00629557541255
0.0659210027195585,1.00632534169285
0.0660760402116961,1.00635532282894
0.0662314423315391,1.00638551159049
0.0663872099366439,1.00641566425012
0.0665433438865835,1.00644610096809
0.0666998450429526,1.00647651341486
0.0668567142693722,1.00650729915721
0.0670139524314944,1.00653807680347
0.0671715603970073,1.00656908883631
0.0673295390356397,1.00660017962953
0.0674878892191657,1.00663156007982
0.0676466118214099,1.00666288268039
0.0678057077182519,1.00669443539313
0.0679651777876312,1.00672598257972
0.0681250229095524,1.00675802713172
0.0682852439660895,1.00679007392158
0.0684458418413909,1.00682210237028
0.0686068174216847,1.00685450113981
0.0687681715952831,1.00688701591832
0.0689299052525876,1.00691958121801
0.0690920192860938,1.00695236369751
0.0692545145903962,1.00698531066978
0.0694173920621934,1.00701845018049
0.0695806526002928,1.00705173928594
0.0697442971056158,1.0070851439047
0.0699083264812027,1.00711862918859
0.0700727416322174,1.00715236044693
0.0702375434659528,1.00718625702676
0.0704027328918355,1.00722040394019
0.0705683108214312,1.0072545127712
0.0707342781684493,1.00728891011236
0.0709006358487481,1.0073234752168
0.0710673847803399,1.0073581432264
0.071234525883396,1.00739312062925
0.071402060080252,1.00742812898623
0.0715699882954127,1.00746333476317
0.0717383114555569,1.00749875542758
0.0719070304895432,1.00753434253587
0.0720761463284144,1.00756993398766
0.0722456599054034,1.00760597702177
0.0724155721559377,1.00764198983226
0.0725858840176447,1.00767824085803
0.0727565964303572,1.00771465761561
0.0729277103361181,1.00775116403355
0.0730992266791862,1.00778790490996
0.0732711464060409,1.00782486767992
0.0734434704653875,1.00786202516222
0.0736161998081627,1.0078992890083
0.0737893353875395,1.00793661370382
0.0739628781589328,1.00797442061394
0.0741368290800045,1.00801218814245
0.0743111891106686,1.00805004725595
0.0744859592130969,1.00808828133035
0.074661140351724,1.00812669595582
0.0748367334932529,1.00816516735083
0.0750127396066598,1.00820401285039
0.0751891596632002,1.00824284692234
0.0753659946364135,1.00828197046253
0.075543245502129,1.00832128156963
0.075720913238471,1.00836072029569
0.0758989988258642,1.00840040762127
0.0760775032470389,1.00844027497335
0.0762564274870369,1.00848025656789
0.0764357725332166,1.00852062053686
0.0766155393752587,1.00856096012174
0.0767957290051713,1.00860162826478
0.0769763424172956,1.00864246274629
0.0771573806083114,1.00868340820267
0.0773388445772425,1.0087246117856
0.0775207353254625,1.00876608971512
0.0777030538566997,1.00880767514909
0.0778858011770434,1.00884948166268
0.078068978294949,1.00889142447868
0.0782525862212433,1.00893367888273
0.0784366259691311,1.00897604455356
0.0786210985541996,1.0090186247731
0.0788060049944247,1.00906147403621
0.0789913463101763,1.00910425226121
0.0791771235242244,1.00914764862577
0.0793633376617441,1.00919106354213
0.0795499897503218,1.00923477228424
0.0797370808199604,1.00927860440987
0.0799246119030856,1.009322678953
0.0801125840345507,1.00936692847499
0.0803009982516435,1.00941131864483
0.0804898555940907,1.00945608310129
0.0806791571040648,1.00950103209682
0.0808689038261892,1.00954608571098
0.0810590968075438,1.00959140233182
0.0812497370976716,1.00963689481662
0.0814408257485837,1.00968271629924
0.0816323638147655,1.00972870208954
0.0818243523531823,1.00977486322966
0.0820167924232853,1.00982135454933
0.0822096850870175,1.00986806825309
0.0824030314088192,1.00991481376195
0.0825968324556343,1.00996194699496
0.082791089296916,1.01000935205647
0.0829858030046327,1.01005686269512
0.0831809746532739,1.01010471083893
0.0833766053198561,1.01015273937499
0.083572696083929,1.01020099848891
0.0837692480275811,1.01024939789133
0.0839662622354458,1.01029806950897
0.0841637397947075,1.01034676656814
0.0843616817951076,1.01039623618849
0.0845600893289502,1.01044548205798
0.0847589634911085,1.01049531060113
0.0849583053790305,1.01054523946085
0.0851581160927458,1.01059538138255
0.0853583967348704,1.01064559106888
0.0855591484106141,1.01069618477682
0.0857603722277856,1.01074704413132
0.0859620692967992,1.01079810421203
0.0861642407306808,1.01084920866508
0.0863668876450739,1.01090085952527
0.0865700111582459,1.01095267515272
0.0867736123910941,1.01100512662315
0.0869776924671521,1.0110573165241
0.0871822525125959,1.01110997123422
0.0873872936562502,1.01116278086274
0.0875928170295943,1.01121582980948
0.0877988237667688,1.01126920146986
0.0880053150045816,1.01132272089445
0.0882122918825142,1.01137670894482
0.0884197555427281,1.01143071612138
0.0886277071300708,1.01148513038258
0.0888361477920826,1.01153972237892
0.0890450786790024,1.01159482868543
0.0892545009437745,1.01164984693097
0.0894644157420548,1.01170515469793
0.089674824232217,1.01176091236689
0.0898857275753591,1.01181683996165
0.09009712693531,1.01187307264729
0.0903090234786358,1.01192954022012
0.0905214183746461,1.01198632415163
0.0907343127954006,1.01204333599422
0.0909477079157156,1.01210076282971
0.09116160491317,1.01215828177707
0.091376004968113,1.01221622880649
0.0915909092636692,1.01227435136835
0.0918063189857459,1.01233279932798
0.0920222353230395,1.01239153305097
0.092238659467042,1.01245057054911
0.0924555926120479,1.01250979038437
0.0926730359551603,1.01256926524843
0.0928909906962977,1.01262914893656
0.0931094580382007,1.01268956320571
0.0933284391864386,1.01274962820989
0.0935479353494161,1.01281055397411
0.0937679477383799,1.01287150281355
0.0939884775674252,1.01293277094973
0.0942095260535029,1.01299438312478
0.0944310944164255,1.01305624312652
0.0946531838788751,1.01311846583069
0.0948757956664088,1.01318116965478
0.0950989310074662,1.0132438922039
0.0953225911333759,1.01330683036982
0.0955467772783628,1.01337028825051
0.0957714906795542,1.01343408461816
0.0959967325769871,1.01349800670191
0.0962225042136148,1.01356232480544
0.0964488068353139,1.01362691317036
0.0966756416908911,1.01369187175147
0.0969030100320905,1.01375731233084
0.0971309131135995,1.01382284499851
0.0973593521930568,1.01388856764043
0.0975883285310588,1.01395485401769
0.0978178433911666,1.01402126257009
0.0980478980399132,1.0140880163519
0.0982784937468099,1.01415520192011
0.0985096317843544,1.01422272592815
0.0987413134280365,1.01429056232087
0.0989735399563459,1.01435877521072
0.0992063126507797,1.01442724870053
0.0994396327958482,1.01449604624489
0.099673501679083,1.01456542698729
0.0999079205910439,1.01463465778983
0.100142890825326,1.01470442389055
0.100378413678566,1.0147744893759
0.100614490450451,1.01484517241859
0.100851122443725,1.01491588520603
0.101088310964194,1.01498701535825
0.101326057320738,1.0150585933472
0.101564362825314,1.01513046301211
0.101803228792962,1.01520280328847
0.10204265654182,1.01527521078447
0.102282647393121,1.01534824997448
0.102523202671208,1.01542151791676
0.10276432370354,1.01549500178162
0.103006011820694,1.01556917740634
0.10324826835638,1.01564344569726
0.103491094647442,1.01571824787944
0.103734492033871,1.01579323733135
0.103978461858807,1.01586854219935
0.10422300546855,1.01594422473116
0.104468124212565,1.01602036670576
0.104713819443494,1.01609684315654
0.104960092517156,1.01617377397238
0.105206944792563,1.01625104308222
0.105454377631919,1.01632870312062
0.105702392400634,1.01640682255782
0.10595099046733,1.01648520599086
0.106200173203846,1.01656385736546
0.106449941985248,1.01664287586498
0.106700298189837,1.0167224884754
0.106951243199155,1.016802299908
0.107202778397992,1.01688265239225
0.107454905174396,1.01696337071925
0.107707624919679,1.01704444614568
0.107960939028426,1.01712612436948
0.108214848898502,1.01720783276019
0.108469355931058,1.0172902125434
0.108724461530541,1.01737273103416
0.108980167104703,1.01745597803207
0.109236474064603,1.01753933397594
0.109493383824623,1.01762324493659
0.109750897802467,1.01770740997917
0.110009017419177,1.01779201493342
0.110267744099136,1.0178771595551
0.110527079270076,1.01796269062027
0.110787024363087,1.0180487829565
0.111047580812626,1.01813508262442
0.111308750056521,1.01822178625865
0.111570533535986,1.01830902260096
0.11183293269562,1.01839673068449
0.112095948983423,1.01848476704413
0.112359583850797,1.01857315978393
0.112623838752561,1.01866230617933
0.112888715146954,1.01875147414852
0.113154214495644,1.0188411325275
0.113420338263736,1.01893131689867
0.113687087919785,1.01902201436399
0.113954464935794,1.01911318733239
0.114222470787232,1.0192045541552
0.114491106953037,1.01929689981677
0.114760374915625,1.0193889736612
0.115030276160899,1.01948211045875
0.115300812178255,1.01957506185528
0.115571984460594,1.01966877602141
0.115843794504327,1.01976365812352
0.116116243809384,1.01985803016835
0.116389333879225,1.01995325695845
0.116663066220842,1.02004878663744
0.116937442344775,1.0201448016797
0.117212463765114,1.02024145189147
0.117488131999511,1.02033843029868
0.117764448569188,1.02043578924616
0.118041414998943,1.02053404795322
0.118319032817162,1.02063237420907
0.118597303555824,1.02073131504233
0.118876228750512,1.02083050054357
0.11915580994042,1.02093030076965
0.119436048668361,1.02103088411865
0.11971694648078,1.02113202947271
0.119998504927755,1.02123335303303
0.120280725563011,1.02133509097574
0.120563609943928,1.02143748149321
0.120847159631549,1.02154031221411
0.121131376190586,1.0216436520172
0.121416261189433,1.02174744320335
0.121701816200172,1.02185199803844
0.121988042798583,1.02195670965082
0.122274942564151,1.02206197271516
0.122562517080076,1.02216839754057
0.122850767933283,1.0222746685841
0.123139696714427,1.02238141304605
0.123429305017905,1.02248893161619
0.123719594441864,1.02259699139686
0.124010566588209,1.02270561442108
0.124302223062614,1.02281446748009
0.124594565474526,1.0229241571788
0.124887595437182,1.02303434242394
0.125181314567609,1.0231452112632
0.125475724486639,1.0232561054501
0.125770826818916,1.02336798192597
0.126066623192903,1.02348043057902
0.126363115240896,1.02359322903066
0.126660304599028,1.0237065204121
0.12695819290728,1.02382047880587
0.12725678180949,1.02393532707932
0.127556072953364,1.0240501681616
0.12785606799048,1.02416618406993
0.128156768576303,1.02428206750125
0.12845817637019,1.02439900653241
0.128760293035401,1.02451636052948
0.129063120239108,1.02463436343261
0.129366659652403,1.02475281443004
0.129670912950309,1.02487199473056
0.129975881811789,1.02499170090641
0.130281567919754,1.02511194594469
0.130587972961072,1.02523284248912
0.13089509862658,1.02535414065441
0.131202946611091,1.02547618317521
0.131511518613404,1.02559892251042
0.131820816336312,1.02572236113107
0.132130841486616,1.02584612586233
0.132441595775128,1.02597021725628
0.132753080916685,1.0260958488557
0.133065298630156,1.02622142344126
0.133378250638455,1.02634789151045
0.133691938668545,1.02647491303438
0.134006364451453,1.02660203626643
0.134321529722276,1.02673071660919
0.134637436220191,1.02685955672798
0.134954085688468,1.02698907848126
0.135271479874474,1.0271190705506
0.135589620529686,1.02725004686793
0.135908509409702,1.02738135130606
0.136228148274249,1.02751336266596
0.136548538887189,1.02764599310244
0.136869683016537,1.02777972588385
0.137191582434464,1.0279131670446
0.137514238917307,1.02804797589902
0.137837654245585,1.02818329413613
0.138161830204001,1.02831920375836
0.138486768581457,1.02845604956392
0.138812471171061,1.02859308474047
0.139138939770141,1.02873155823449
0.139466176180248,1.02887010559037
0.139794182207174,1.02900958885972
0.140122959660955,1.0291498484971
0.140452510355885,1.0292902580958
0.140782836110525,1.02943260447902
0.141113938747714,1.02957445586809
0.141445820094577,1.0297172663944
0.141778481982535,1.0298609429401
0.142111926247319,1.03000494573104
0.142446154728975,1.03015047070103
0.142781169271878,1.03029596183591
0.143116971724741,1.03044286526851
0.143453563940622,1.03058995155451
0.143790947776942,1.03073792633877
0.144129125095485,1.03088642446803
0.144468097762419,1.03103609121679
0.144807867648297,1.0311856302211
0.145148436628072,1.03133701265904
0.145489806581109,1.03148891586248
0.145831979391189,1.03164082440994
0.146174956946529,1.03179443614291
0.146518741139781,1.03194779517515
0.146863333868051,1.03210258789129
0.147208737032908,1.03225773807539
0.14755495254039,1.0324142837541
0.147901982301021,1.03257157960155
0.148249828229817,1.03272937806911
0.148598492246296,1.03288796414895
0.148947976274494,1.03304736366269
0.14929828224297,1.03320733075953
0.149649412084818,1.03336848128539
0.15000136773768,1.03352988083675
0.150354151143755,1.03369286646576
0.150707764249808,1.03385596182777
0.151062209007184,1.03402056717413
0.151417487371818,1.03418571287866
0.151773601304243,1.03435116560836
0.152130552769606,1.03451820917346
0.152488343737671,1.03468453898107
0.15284697618284,1.03485424778956
0.153206452084155,1.03502315808853
0.153566773425313,1.03519326665321
0.153927942194678,1.03536400794885
0.154289960385288,1.03553549716038
0.154652829994871,1.03570800504331
0.15501655302585,1.03588171335571
0.155381131485362,1.03605587778739
0.155746567385259,1.03623085778316
0.15611286274213,1.03640694646292
0.156480019577303,1.03658449760713
0.156848039916861,1.03676158304082
0.157216925791654,1.03694078676191
0.157586679237305,1.0371202335977
0.157957302294226,1.03730068080534
0.158328797007628,1.03748206772927
0.158701165427533,1.03766484266162
0.159074409608782,1.03784766290572
0.159448531611051,1.03803255886406
0.159823533498858,1.03821694867137
0.160199417341579,1.03840327177549
0.160576185213454,1.0385903506896
0.160953839193604,1.0387784446582
0.161332381366038,1.03896671933584
0.161711813819666,1.03915603475205
0.162092138648314,1.03934777435251
0.162473357950729,1.03953949845985
0.162855473830595,1.0397323249006
0.163238488396544,1.03992603691505
0.163622403762167,1.0401200049878
0.164007222046026,1.04031642800415
0.164392945371665,1.04051280800448
0.164779575867624,1.04071004616434
0.165167115667446,1.0409090456519
0.165555566909694,1.04110803018109
0.165944931737961,1.04130875449185
0.16633521230088,1.04151066647737
0.166726410752138,1.04171317644392
0.167118529250488,1.04191674266597
0.167511569959758,1.04212173392419
0.167905535048868,1.04232711515539
0.168300426691835,1.04253412780366
0.168696247067793,1.042741785421
0.169092998360999,1.04295078154241
0.169490682760847,1.04316068688194
0.16988930246188,1.04337158114409
0.170288859663805,1.04358364324018
0.170689356571498,1.0437966345318
0.171090795395025,1.04401133278617
0.171493178349645,1.04422665419644
0.171896507655832,1.04444291385706
0.172300785539279,1.0446602791083
0.172706014230914,1.04487897920469
0.173112195966913,1.04510002667509
0.17351933298871,1.04532000945047
0.173927427543012,1.04554158505922
0.174336481881807,1.04576495733294
0.174746498262384,1.0459889419194
0.175157478947336,1.04621375148879
0.17556942620458,1.04644081697752
0.175982342307367,1.04666829448797
0.176396229534294,1.04689725209641
0.176811090169316,1.04712704383066
0.17722692650176,1.04735801606285
0.177643740826339,1.04759078188621
0.178061535443159,1.04782351149669
0.17848031265774,1.04805859322123
0.178900074781021,1.04829532868805
0.179320824129377,1.04853243361286
0.179742563024632,1.04877079673076
0.180165293794069,1.04901018788013
0.180589018770446,1.04925098779654
0.181013740292005,1.04949248556873
0.181439460702489,1.04973622577554
0.181866182351153,1.04998029478438
0.182293907592778,1.05022597386952
0.18272263878768,1.05047290623526
0.18315237830173,1.0507215361168
0.183583128506361,1.05097096164497
0.184014891778584,1.05122218491603
0.184447670500999,1.051473910429
0.184881467061812,1.05172721854292
0.185316283854844,1.05198189498292
0.185752123279546,1.05223754519664
0.186188987741014,1.05249526088665
0.186626879649997,1.05275383611579
0.187065801422918,1.053014384692
0.18750575548188,1.05327548589903
0.187946744254683,1.05353768788218
0.188388770174839,1.05380246811204
0.188831835681579,1.05406743828476
0.189275943219875,1.05433424157602
0.189721095240448,1.05460238983574
0.190167294199781,1.054872069542
0.190614542560136,1.05514294417303
0.191062842789566,1.05541497692082
0.191512197361929,1.05568847711662
0.191962608756899,1.05596356193639
0.192414079459984,1.05624058549413
0.192866611962536,1.05651758744612
0.193320208761767,1.05679808127047
0.193774872360764,1.05707902749276
0.194230605268497,1.0573611185086
0.19468740999984,1.05764493457098
0.195145289075581,1.05793029558561
0.195604245022435,1.05821666571908
0.196064280373061,1.05850532421222
0.196525397666075,1.05879515571298
0.196987599446061,1.05908553290641
0.197450888263591,1.05937850101988
0.197915266675232,1.05967295781606
0.198380737243567,1.05996974964901
0.198847302537203,1.06026659723238
0.19931496513079,1.0605656852972
0.199783727605032,1.060865399409
0.200253592546704,1.06116813805963
0.200724562548663,1.06147190754931
0.201196640209865,1.06177709531126
0.201669828135378,1.06208410181486
0.202144128936398,1.06239255801931
0.20261954523026,1.06270163690811
0.203096079640457,1.06301311919594
0.20357373479665,1.06332630343936
0.204052513334686,1.06364085414641
0.204532417896611,1.06395791034221
0.205013451130684,1.06427566755369
0.205495615691393,1.06459548497291
0.205978914239468,1.06491788694222
0.206463349441899,1.06524064624183
0.206948923971946,1.06556479702297
0.207435640509157,1.06589241278885
0.207923501739383,1.0662208257208
0.20841251035479,1.06655087070822
0.208902669053877,1.0668820305064
0.209393980541488,1.06721549713947
0.209886447528829,1.06755183878523
0.210380072733484,1.06788758542014
0.210874858879427,1.06822752648658
0.211370808697039,1.0685682635632
0.211867924923121,1.06891079336413
0.212366210300911,1.06925468928442
0.212865667580101,1.06960146077393
0.213366299516848,1.06994901508046
0.213868108873791,1.07029834633893
0.214371098420068,1.07064940991387
0.214875270931326,1.07100376283166
0.215380629189745,1.07135798673634
0.215887175984044,1.07171592269179
0.216394914109503,1.0720742545364
0.216903846367976,1.07243525786819
0.217413975567905,1.072798443235
0.21792530452434,1.07316361130825
0.218437836058948,1.07353009628966
0.218951573000035,1.07389805596542
0.219466518182557,1.07426888232316
0.21998267444814,1.0746421729613
0.220500044645089,1.07501660618811
0.221018631628413,1.07539204681396
0.221538438259831,1.07577208120791
0.222059467407794,1.07615320164629
0.2225817219475,1.07653475737461
0.22310520476091,1.07691943216123
0.223629918736759,1.07730660948896
0.22415586677058,1.07769469775083
0.224683051764714,1.07808708289255
0.225211476628328,1.07848009594934
0.225741144277432,1.07887483800068
0.226272057634893,1.07927145525407
0.226804219630452,1.07967179835822
0.227337633200742,1.0800732820675
0.2278723012893,1.08047640760192
0.228408226846589,1.0808820937923
0.228945412830008,1.08128994072697
0.229483862203913,1.08170230166577
0.230023577939632,1.08211358131695
0.230564563015481,1.08252829625535
0.23110682041678,1.08294502673481
0.231650353135869,1.08336384980224
0.23219516417213,1.08378542416101
0.232741256531994,1.08420908628987
0.233288633228964,1.08463437044404
0.233837297283634,1.08506257910116
0.234387251723698,1.08549370298242
0.234938499583972,1.08592688632157
0.235491043906409,1.08636209080904
0.236044887740117,1.08680047124183
0.236600034141375,1.08724116160178
0.237156486173651,1.08768270088906
0.237714246907615,1.08812660148878
0.238273319421161,1.08857424890376
0.238833706799422,1.08902340623798
0.239395412134785,1.08947738567648
0.239958438526912,1.0899310949388
0.240522789082755,1.09038848177618
0.24108846691657,1.09084830395752
0.24165547514994,1.09131015209112
0.24222381691179,1.09177419096928
0.242793495338402,1.09224113944241
0.243364513573436,1.09270981625556
0.243936874767943,1.09318341253696
0.244510582080388,1.09365775014641
0.245085638676661,1.09413513770189
0.2456620477301,1.09461491135936
0.246239812421506,1.09509853699539
0.24681893593916,1.0955837789791
0.247399421478843,1.09607184218894
0.247981272243849,1.09656359468143
0.248564491445009,1.09705722261528
0.249149082300703,1.09755202318698
0.249735048036883,1.0980509737594
0.250322391887085,1.09855183522985
0.250911117092451,1.09905663574291
0.251501226901747,1.09956380611886
0.252092724571378,1.10007299386568
0.252685613365408,1.10058691064103
0.253279896555578,1.10110270636587
0.253875577421324,1.10162167617609
0.254472659249794,1.10214284801173
0.255071145335868,1.10266698935472
0.255671038982173,1.10319449281491
0.256272343499105,1.10372451411994
0.256875062204847,1.10425719931264
0.257479198425382,1.1047939899184
0.25808475549452,1.10533211161168
0.258691736753907,1.10587449634483
0.259300145553051,1.10641998312976
0.259909985249339,1.10696703206006
0.260521259208049,1.10751856276947
0.261133970802379,1.10807349475472
0.261748123413457,1.10863078946313
0.262363720430365,1.10919108121002
0.262980765250154,1.10975422840455
0.263599261277865,1.11032108447188
0.264219211926548,1.11089174437284
0.264840620617279,1.11146440953242
0.265463490779181,1.11204044125746
0.26608782584944,1.11261954177019
0.266713629273328,1.11320103311131
0.267340904504218,1.11379015951821
0.267969655003607,1.11437903498251
0.26859988424113,1.1149724572785
0.269231595694585,1.11556849936178
0.269864792849947,1.11616874047163
0.270499479201392,1.11677305084391
0.271135658251312,1.11737677630708
0.271773333510336,1.11798714016367
0.272412508497351,1.11860130193445
0.273053186739519,1.11921696614649
0.273695371772298,1.11983885995547
0.274339067139459,1.12046149341458
0.274984276393111,1.12109044648756
0.275631003093713,1.12172078691301
0.276279250810102,1.12235452554146
0.276929023119505,1.12299452872615
0.277580323607563,1.12363487407514
0.278233155868351,1.12428093765475
0.278887523504396,1.1249302327041
0.279543430126699,1.12558292622298
0.28020087935475,1.12623798730178
0.280859874816556,1.12690109917077
0.281520420148654,1.12756355350788
0.282182518996134,1.12823342614615
0.282846175012659,1.12890485933
0.283511391860486,1.12958288499899
0.284178173210482,1.13026097900997
0.284846522742151,1.13094338315054
0.285516444143649,1.13163188634552
0.286187941111806,1.13232298672615
0.286861017352147,1.13301904010911
0.287535676578911,1.13371810861593
0.288211922515073,1.13442253052522
0.288889758892365,1.13513182675386
0.289569189451294,1.1358441266311
0.290250217941164,1.13656021872306
0.290932848120098,1.13728083246354
0.291617083755057,1.13800546702292
0.292302928621862,1.13873453094306
0.292990386505213,1.13946661072446
0.293679461198713,1.14020320748605
0.294370156504885,1.14094552302794
0.295062476235196,1.14169265950719
0.295756424210077,1.14244292960059
0.296452004258945,1.14319677478884
0.297149220220222,1.14395536529337
0.297848075941358,1.14472058049874
0.298548575278851,1.14548848062002
0.29925072209827,1.14626148440316
0.299954520274275,1.1470377580871
0.300659973690639,1.14781914474957
0.301367086240268,1.14860593912496
0.302075861825225,1.14939953226673
0.302786304356748,1.15019365835632
0.303498417755277,1.15099351375884
0.30421220595047,1.15180056566927
0.304927672881227,1.1526094124171
0.305644822495712,1.15342585313188
0.306363658751376,1.15424469227177
0.307084185614976,1.15507240582317
0.307806407062599,1.15590203798114
0.308530327079681,1.15673562691887
0.309255949661035,1.157574806829
0.309983278810866,1.15842153700942
0.310712318542799,1.15927104322179
0.311443072879896,1.16012519976266
0.312175545854683,1.16098696803992
0.312909741509167,1.16185023340559
0.313645663894865,1.16272406940219
0.31438331707282,1.1635992524764
0.315122705113627,1.16447855408984
0.315863832097455,1.16536447390097
0.316606702114066,1.16625705903704
0.317351319262845,1.16715397221322
0.318097687652816,1.1680566637267
0.318845811402666,1.16896515262544
0.31959569464077,1.16988250975377
0.320347341505212,1.17080195335207
0.321100756143809,1.1717250478489
0.321855942714132,1.17265700348131
0.322612905383529,1.17359183736107
0.323371648329152,1.17453430139777
0.324132175737975,1.17548352198272
0.32489449180682,1.1764360977017
0.325658600742379,1.17739727147482
0.326424506761238,1.17836102464267
0.327192214089899,1.17933483068189
0.327961726964805,1.1803106729207
0.328733049632362,1.18129459520801
0.329506186348964,1.18228400504252
0.330281141381015,1.18328080342697
0.331057919004952,1.18428211505139
0.33183652350727,1.18529079558101
0.332616959184547,1.18630464248223
0.333399230343464,1.18732763457903
0.334183341300831,1.18835630238412
0.334969296383611,1.18939007789785
0.335757099928944,1.19042753113206
0.33654675628417,1.19147548207505
0.337338269806852,1.19252714492921
0.338131644864804,1.19358935693408
0.33892688583611,1.19465583527926
0.339723997109152,1.19572747865508
0.340522983082633,1.19680735265219
0.341323848165601,1.19789690170745
0.342126596777473,1.1989897748283
0.34293123334806,1.20009168681443
0.343737762317592,1.20119842911456
0.34454618813674,1.20231328552633
0.345356515266646,1.2034353607817
0.346168748178941,1.20456665945056
0.346982891355773,1.20570257713016
0.347798949289832,1.20684472982696
0.348616926484374,1.20799458645723
0.349436827453247,1.20915440492924
0.350258656720913,1.21032257636124
0.351082418822477,1.21149408322203
0.351908118303709,1.21267170526178
0.352735759721069,1.21386261416274
0.353565347641736,1.21505770601018
0.354396886643628,1.21625951874363
0.355230381315429,1.2174734449837
0.356065836256618,1.21869650324802
0.35690325607749,1.21992028978356
0.357742645399181,1.22115720670322
0.358584008853697,1.2224026631593
0.359427351083939,1.22365354540682
0.360272676743725,1.22491648346912
0.361119990497821,1.22618474703611
0.361969297021959,1.22745925776854
0.362820601002874,1.22874650122713
0.36367390713832,1.23003697264721
0.364529220137098,1.23134235610636
0.365386544719088,1.23265398897142
0.366245885615267,1.23397223546991
0.36710724756774,1.23529841912417
0.367970635329764,1.23663853840106
0.368836053665775,1.23798369532402
0.369703507351417,1.23933336814721
0.370573001173561,1.24069777458491
0.37144453993034,1.24207237724361
0.37231812843117,1.24345519921452
0.373193771496777,1.24484455199947
0.374071473959228,1.24624717692206
0.374951240661952,1.24765778621716
0.375833076459769,1.24907678802039
0.376716986218917,1.25050575004972
0.37760297481708,1.25194189926304
0.378491047143412,1.25339514566909
0.379381208098567,1.25485356912936
0.380273462594724,1.25632255862218
0.381167815555615,1.25780017816239
0.382064271916552,1.25929030989556
0.382962836624453,1.2607879759562
0.383863514637873,1.26229905196349
0.384766310927028,1.2638179800247
0.385671230473821,1.26534643791617
0.386578278271874,1.26688779407862
0.387487459326554,1.26843716087364
0.388398778654998,1.26999855121868
0.389312241286143,1.27157359539204
0.390227852260755,1.27315369207767
0.391145616631453,1.27474788830421
0.392065539462741,1.27635523748965
0.392987625831033,1.2779728375254
0.393911880824682,1.27960141892436
0.39483830954401,1.2812378967458
0.39576691710133,1.28289310750263
0.396697708620983,1.28455405816925
0.397630689239359,1.2862303086472
0.398565864104931,1.2879165714069
0.399503238378276,1.28961131271465
0.400442817232112,1.29131735073523
0.401384605851322,1.29304555997554
0.40232860943298,1.29478153040991
0.403274833186387,1.29652693538437
0.404223282333094,1.29828707067253
0.40517396210693,1.30005991596478
0.406126877754038,1.30184348697789
0.407082034532894,1.30363653508026
0.408039437714347,1.30545090232884
0.408999092581636,1.30727416743601
0.409961004430431,1.30911219275467
0.410925178568853,1.3109584377372
0.41189162031751,1.31282228546421
0.41286033500952,1.31470088387643
0.413831327990547,1.31659202365599
0.414804604618825,1.31849133922687
0.415780170265191,1.32041124719292
0.416758030313113,1.32234461287023
0.417738190158721,1.32429446939539
0.418720655210834,1.32625230953831
0.419705430890996,1.32823246367516
0.420692522633496,1.33022245363985
0.421681935885409,1.3322226161249
0.422673676106618,1.33424571626943
0.423667748769846,1.33628259567164
0.42466415936069,1.33833096269745
0.425662913377646,1.34039626899649
0.426664016332144,1.34247434648895
0.427667473748574,1.34456538896141
0.42867329116432,1.34668600677183
0.429681474129788,1.34881120566152
0.43069202820844,1.35095863928904
0.431704958976819,1.35311837749288
0.432720272024587,1.35529709365326
0.433737972954549,1.35749055817877
0.43475806738269,1.35970153526841
0.435780560938201,1.36192504693008
0.436805459263513,1.36417117251369
0.437832768014326,1.36643306532845
0.438862492859643,1.36870845070664
0.4398946394818,1.37100724001309
0.440929213576496,1.37331808536069
0.441966220852824,1.37565530026562
0.443005667033309,1.37800347817726
0.444047557853928,1.38037359126746
0.445091899064154,1.38276046767967
0.446138696426979,1.38516756642132
0.44718795571895,1.38759514079538
0.448239682730199,1.39003778026477
0.449293883264476,1.39250590676475
0.450350563139179,1.39498792391502
0.451409728185391,1.39748519630375
0.452471384247907,1.40001121474019
0.453535537185268,1.40255355308752
0.454602192869793,1.40511428631551
0.455671357187615,1.40770476061396
0.456743036038706,1.41030479947573
0.457817235336917,1.41292294377294
0.458893961010007,1.41556637770619
0.459973218999675,1.41824153939575
0.461055015261596,1.42093390304129
0.462139355765452,1.42364376826493
0.463226246494963,1.42637651031514
0.464315693447922,1.42913737771174
0.46540770263623,1.4319146941293
0.466502280085927,1.43471113967688
0.467599431837223,1.43754242762656
0.468699163944536,1.44040545752854
0.469801482476523,1.44326456799702
0.470906393516112,1.44615389861996
0.47201390316054,1.44909153505851
0.473124017521381,1.45202987281005
0.474236742724585,1.4549894231789
0.475352084910508,1.45798657736793
0.476470050233948,1.46100486376842
0.477590644864178,1.46405092232033
0.47871387498498,1.46712567235626
0.47983974679468,1.47022524346138
0.480968266506182,1.47333819068082
0.482099440346999,1.47649472253572
0.483233274559295,1.47966779723724
0.484369775399912,1.48287906410354
0.485508949140407,1.48610990428881
0.486650802067088,1.48937422303359
0.487795340481046,1.49265634451314
0.488942570698194,1.49598472789179
0.490092499049296,1.49933179540214
0.491245131880008,1.50271633503432
0.492400475550908,1.50611435992899
0.493558536437535,1.50954525195726
0.494719320930421,1.51301234030076
0.495882835435128,1.51652155549254
0.497049086372282,1.52004264850155
0.498218080177614,1.52360572650382
0.499389823301985,1.52720013089151
0.500564322211432,1.53082201091156
0.501741583387196,1.53447789380661
0.502921613325763,1.53816235741248
0.504104418538898,1.54189640604252
0.50529000555368,1.54566090936713
0.506478380912539,1.54943767822699
0.507669551173292,1.55328066049397
0.508863522909179,1.55713886182118
0.5100603027089,1.561031791744
0.511259897176649,1.5649800201637
0.512462312932155,1.568948168657
0.513667556610714,1.57295545973418
0.514875634863227,1.57699827501356
0.516086554356237,1.58109051423812
0.517300321771967,1.58521054700061
0.518516943808356,1.58938227695481
0.519736427179094,1.59356896249605
0.520958778613661,1.59781985961084
0.522184004857365,1.60209748218234
0.523412112671377,1.60641734515338
0.524643108832771,1.61077776399834
0.525877000134556,1.61519157643771
0.527113793385722,1.61962822971831
0.528353495411271,1.6241305934375
0.529596113052254,1.62868048181293
0.530841653165816,1.63325390061133
0.532090122625224,1.63788883207796
0.533341528319915,1.6425612296794
0.534595877155525,1.64727440289046
0.535853176053932,1.65203821393455
0.537113431953297,1.65685396393662
0.538376651808093,1.66171231228546
0.539642842589153,1.66663059310088
0.540912011283702,1.67157770844611
0.542184164895401,1.67660086029943
0.543459310444379,1.68167053692882
0.54473745496728,1.68679457513967
0.546018605517292,1.69195525926123
0.547302769164194,1.69718248805808
0.548589952994393,1.70244031175352
0.549880164110961,1.70777746017004
0.551173409633676,1.7131682342954
0.552469696699059,1.71860887012525
0.553769032460419,1.72410722577618
0.555071424087885,1.72967234284316
0.556376878768449,1.73528844114739
0.55768540370601,1.74097936323504
0.558997006121406,1.74670696628388
0.560311693252458,1.75250736205148
0.56162947235401,1.75836775108349
0.562950350697968,1.76430001728119
0.564274335573342,1.77028018748626
0.565601434286282,1.77633336448638
0.566931654160124,1.78245792409436
0.568265002535425,1.78867593085226
0.569601486770008,1.79492931319244
0.570941114239,1.80126564036432
0.572283892334873,1.80765106603037
0.573629828467486,1.81412428797476
0.574978930064123,1.82066253148173
0.576331204569538,1.82730087303618
0.577686659445993,1.83399281340665
0.579045302173302,1.84078561858028
0.580407140248868,1.84761679421412
0.581772181187727,1.85455200237056
0.583140432522593,1.86157480978559
0.584511901803891,1.86865886593885
0.585886596599808,1.87583348697203
0.587264524496328,1.88308108200495
0.588645693097275,1.89043642424164
0.59003011002436,1.89791535608837
0.591417782917216,1.9054028811724
0.592808719433444,1.9130227760138
0.594202927248656,1.92075070598105
0.595600414056515,1.92851906505329
0.597001187568778,1.93641931870856
0.59840525551534,1.94442955780736
0.599812625644276,1.95253928124772
0.601223305721883,1.96072709077787
0.602637303532721,1.96900601901934
0.604054626879663,1.97742494899729
0.605475283583929,1.98591312494765
0.606899281485136,1.9945403033469
0.608326628441338,2.00326432855518
0.609757332329068,2.01208087297402
0.611191401043389,2.0210388311512
0.612628842497927,2.03010927030863
0.614069664624921,2.03929820967711
0.615513875375267,2.04859681434961
0.616961482718559,2.05803082763691
0.618412494643135,2.06757390748561
0.619866919156122,2.07726204034868
0.621324764283476,2.08709823911434
0.62278603807003,2.09701444891544
0.624250748579537,2.10711634905858
0.625718903894718,2.11732244624696
0.627190512117299,2.12765540921328
0.628665581368062,2.13814742713789
0.63014411978689,2.14878918285581
0.631626135532805,2.15960014461991
0.633111636784024,2.17056665558101
0.634600631737995,2.18166095581893
0.636093128611443,2.19291905387455
0.637589135640423,2.20433290921023
0.639088661080355,2.21592719498309
0.640591713206078,2.2276375015899
0.642098300311891,2.23959380900979
0.6436084307116,2.25165662654682
0.645122112738565,2.2639748814742
0.646639354745743,2.2764622569833
0.648160165105739,2.28912583061032
0.649684552210845,2.30199007123724
0.651212524473097,2.31496008363779
0.652744090324307,2.32820578715759
0.654279258216124,2.34165699942051
0.655818036620072,2.35532240053186
0.657360434027597,2.3691892941367
0.658906458950119,2.3832698082719
0.660456119919074,2.3975423215677
0.662009425485961,2.41211494553344
0.663566384222396,2.42688534241928
0.66512700472015,2.44189137371269
0.666691295591201,2.45708946021003
0.668259265467784,2.47259333793044
0.669830923002432,2.48839729712279
0.671406276868031,2.50438776171219
0.672985335757864,2.52069545940495
0.674568108385658,2.53727897842281
0.676154603485634,2.55418923171827
0.677744829812554,2.57132214786059
0.679338796141773,2.58867356465824
0.680936511269281,2.60655517063212
0.682537984011756,2.62452868473552
0.684143223206615,2.64296939642325
0.685752237712053,2.66163718121738
0.687365036407104,2.68065587113732
0.688981628191682,2.70016514250164
0.690602021986632,2.71983587356557
0.692226226733781,2.73998379073682
0.693854251395984,2.76049421533433
0.695486104957178,2.78145345054753
0.697121796422427,2.80266809484254
0.698761334817975,2.8244170181823
0.700404729191294,2.84650208461967
0.702051988611133,2.86904620978601
0.703703122167573,2.89205983656864
0.705358138972071,2.91554879790989
0.707017048157513,2.93941379944516
0.708679858878265,2.96382690404407
0.710346580310223,2.98874700221198
0.712017221650863,3.01417312360495
0.713691792119294,3.04013384670828
0.715370300956303,3.06664512455596
0.717052757424415,3.09375250693959
0.718739170807935,3.12133078014295
0.720429550413008,3.14957379719658
0.72212390556766,3.17852233690017
0.723822245621862,3.20804838329867
0.72552457994757,3.2382586827219
0.727230917938782,3.26908749684447
0.728941269011592,3.30061039096959
0.730655642604237,3.33300491028702
0.732374048177153,3.36603538113946
0.734096495213024,3.39990389602807
0.735822993216838,3.4345658869881
0.737553551715938,3.47000436571817
0.73928818026007,3.50643568345917
0.741026888421444,3.54375047764186
0.74276968579478,3.58201563383404
0.744516581997364,3.62112639812978
0.746267586669104,3.6612993996425
0.748022709472574,3.70261601175759
0.749781960093076,3.74487145269109
0.751545348238692,3.78824060039881
0.753312883640334,3.83289095345734
0.7550845760518,3.87905400603122
0.756860435249828,3.92603349499695
0.75864047103415,3.97451275340922
0.760424693227547,4.02473008777094
0.762213111675897,4.07588812371383
0.76400573624824,4.12869012741115
0.765802576836823,4.18299864501591
0.76760364335716,4.23915056991827
0.769408945748084,4.29688546567178
0.771218493971803,4.35657392062468
0.773032298013955,4.41822422573664
0.774850367883663,4.48134402868043
0.776672713613591,4.54738921834164
0.778499345259996,4.61463246122518
0.780330272902787,4.6844023154612
0.782165506645583,4.75714989583001
0.78400505661576,4.8321295374899
0.785848932964516,4.90988329056916
0.787697145866921,4.99009118916042
0.789549705521976,5.0734302967686
0.791406622152671,5.15991226773983
0.793267906006037,5.24983360114087
0.795133567353204,5.34288734090768
0.797003616489459,5.43960583079445
0.798878063734303,5.54095053465937
0.800756919431507,5.64580031858289
0.802640193949168,5.75537029472887
0.804527897679769,5.86982414955603
0.806420041040233,5.98898563561739
0.808316634471983,6.11329131264823
0.810217688441,6.24341938796402
0.812123213437877,6.37988183776075
0.814033219977883,6.52320237240974
0.815947718601014,6.67324974805801
0.817866719872056,6.83069034890973
0.819790234380643,6.99587410389571
0.821718272741314,7.17124929483001
0.823650845593572,7.3555091088311
0.825587963601941,7.54985347330594
0.827529637456027,7.75531667004881
0.82947587787058,7.97265926202733
0.831426695585546,8.20429059634399
0.833382101366131,8.44958880716317
0.835342106002859,8.71128815491806
0.837306720311632,8.9923059238118
0.839275955133791,9.29051628695157
0.841249821336173,9.61120736250811
0.843228329811172,9.95530725214559
0.845211491476801,10.327055554071
0.847199317276748,10.7290932602664
0.849191818180443,11.1631339244722
0.851189005183112,11.6384239262093
0.853190889305841,12.1522158795364
0.855197481595635,12.7226941276544
0.857208793125481,13.3467458110419
0.85922483499441,14.0383171446682
0.861245618327554,14.8056934757238
0.86327115427621,15.6695911672791
0.865301454017903,16.6382407742517
0.867336528756444,17.7383598391612
0.869376389721996,18.9993285212713
0.871421048171132,20.4610759985184
0.8734705153869,22.1696287311209
0.875524802678885,24.1911485617871
0.877583921383267,26.6253368170539
0.879647882862893,29.6269694793254
0.881716698507329,33.3973220677652
0.883790379732931,38.286285164879
0.885868937982901,44.839451400396
0.887952384727357,54.1637577460943
0.890040731463394,68.4973911866703
0.892133989715143,93.2880698741562
0.894232171033842,145.70282193619
0.896335286997894,334.043192748062
0.898443349212931,1094.81917772162
0.900556369311885,207.772185363552
0.902674358955042,114.471131994822
0.904797329830116,79.0245437979404
0.906925293652304,60.2272703244664
0.909058262164358,48.6859435285377
0.911196247136651,40.8338489269391
0.913339260367232,35.1360235716157
0.915487313681902,30.8310332812874
0.917640418934272,27.4476438406729
0.919798588005831,24.7336782681185
0.921961832806016,22.5012666541713
0.924130165272269,20.6358335403822
0.926303597370108,19.0530203639941
0.928482141093194,17.6927753000318
0.930665808463394,16.5088449254635
0.932854611530849,15.4707807826676
0.935048562374042,14.5550800159174
0.937247673099859,13.7381628526168
0.939451955843665,13.0089200554839
0.941661422769362,12.3497964147318
0.943876086069463,11.7529157080984
0.946095957965152,11.2088412256807
0.948321050706359,10.7146421870444
0.950551376571823,10.2593508587143
0.95278694786916,9.84292659694595
0.955027776934934,9.45355593349212
0.957273876134723,9.09471971509637
0.959525257863185,8.76068114219717
0.96178193454413,8.45238077943855
0.964043918630585,8.16429029726907
0.966311222604871,7.89146648130279
0.968583858978658,7.63794186909854
0.970861840293047,7.39937050754796
0.973145179118632,7.17349844339374
0.975433888055571,6.96285522390814
0.977727979733658,6.7623178097358
0.980027466812389,6.57283176473752
0.982332361981033,6.39378999683969
0.984642677958704,6.22335989503702
0.986958427494427,6.06174327221968
0.989279623367216,5.90822737392552
0.991606278386134,5.7610883273588
0.993938405390373,5.62210329100319
0.99627601724932,5.48911589427451
0.998619126862627,5.3614401259062
1.00096774716029,5.23899176768057
1.0033218911027,5.12298665248404
1.00568157168076,5.01103151810759
1.00804680191589,4.90359500883594
1.01041759486015,4.80042537562984
1.01279396359631,4.70253056705072
1.01517592123788,4.6068463670508
1.01756348092924,4.51587307866066
1.01995665584566,4.4274350640672
1.02235545919342,4.34290326814072
1.02475990420984,4.26144862418513
1.02717000416338,4.18228105258845
1.02958577235371,4.10630016830469
1.03200722211177,4.03299784347496
1.03443436679985,3.96174936000775
1.03686721981169,3.89320770293032
1.0393057945725,3.82662826823174
1.04175010453908,3.76254318662698
1.04420016319988,3.7004722906342
1.04665598407507,3.6400783925945
1.04911758071661,3.58165391737504
1.05158496670835,3.52506096679102
1.05405815566607,3.46995074858493
1.05653716123759,3.41632267400913
1.0590219971028,3.36470931451777
1.06151267697379,3.31426898318761
1.0640092145949,3.2653086403863
1.06651162374276,3.21778964891888
1.06901991822645,3.17149725758901
1.07153411188749,3.12676154267265
1.07405421859997,3.08288081552052
1.0765802522706,3.04035124260422
1.07911222683881,2.99886921169732
1.08165015627681,2.95878314066487
1.08419405458965,2.91921607467797
1.08674393581535,2.88094398694611
1.08929981402493,2.84362117968171
1.0918617033225,2.80715488761543
1.09442961784534,2.77152236256925
1.097003571764,2.73668925498879
1.09958357928233,2.70292259502459
1.10216965463759,2.66970453176057
1.10476181210055,2.63752282625551
1.10736006597551,2.60601631042984
1.10996443060043,2.57509909569235
1.11257492034699,2.54497580418507
1.11519154962066,2.51559540079701
1.1178143328608,2.48683268770417
1.12044328454073,2.45874248925032
1.1230784191678,2.43118537044509
1.12571975128349,2.40431964499017
1.12836729546347,2.3779666996099
1.13102106631769,2.35214246821852
1.13368107849049,2.32699827396879
1.1363473466606,2.30228843113391
1.1390198855413,2.27813880578824
1.1416987098805,2.25456199491565
1.14438383446074,2.23122961030751
1.14707527409937,2.20850250807515
1.14977304364856,2.18637150466559
1.15247715799544,2.16450820052149
1.15518763206213,2.14316953438905
1.15790448080585,2.12218406533166
1.16062771921899,2.10164295040918
1.16335736232922,2.08149925335556
1.16609342519954,2.06178879127008
1.16883592292838,2.0424644823531
1.17158487064967,2.02353592303184
1.17434028353294,2.00484187638665
1.17710217678341,1.98659139307763
1.17987056564203,1.96868757004983
1.18264546538562,1.95103909401079
1.18542689132693,1.93371033126417
1.18821485881471,1.91685894065255
1.1910093832338,1.90020409029647
1.19381048000526,1.88386183843617
1.19661816458638,1.86787425627576
1.19943245247082,1.85212329017951
1.20225335918867,1.83669609544916
1.20508090030657,1.82141792729268
1.20791509142774,1.80652493188939
1.21075594819211,1.79187661972864
1.2136034862764,1.77743825112994
1.21645772139418,1.76332243058139
1.219318669296,1.74937109646252
1.22218634576943,1.73576922815044
1.22506076663919,1.72240768476271
1.22794194776721,1.70924581209443
1.23082990505273,1.69622047815485
1.23372465443236,1.68347026487549
1.23662621188022,1.67097908240087
1.23953459340799,1.65871124871201
1.242449815065,1.64654933801754
1.24537189293832,1.63458556205174
1.24830084315289,1.62297042343986
1.25123668187153,1.61152432298654
1.25417942529509,1.6002637351327
1.25712908966254,1.58917188546476
1.26008569125101,1.57825958718633
1.26304924637594,1.56749076052487
1.26601977139112,1.55692601763899
1.26899728268882,1.54656034199143
1.27198179669984,1.53635052100612
1.27497332989366,1.52631679883912
1.27797189877844,1.5164880904349
1.28097751990122,1.50673653462112
1.28399020984793,1.49723905032548
1.2870099852435,1.48788522339814
1.29003686275198,1.47874678234588
1.29307085907659,1.46959509931832
1.29611199095986,1.46062747095525
1.29916027518367,1.45190541139489
1.30221572856938,1.44338026884185
1.30527836797793,1.43494902917908
1.30834821030987,1.42653637036989
1.31142527250554,1.41850961633448
1.3145095715451,1.41042624085266
1.31760112444866,1.40241510924697
1.32069994827634,1.39468698562101
1.3238060601284,1.38707003441987
1.32691947714531,1.37960871155007
1.33004021650785,1.37229869876349
1.33316829543721,1.36503991117724
1.33630373119509,1.35789514886798
1.33944654108376,1.35086264600784
1.34259674244622,1.34403488806122
1.34575435266624,1.33725443034934
1.34891938916846,1.33062497657033
1.35209186941853,1.32406458487647
1.35527181092315,1.31777271141921
1.35845923123021,1.31150034369251
1.36165414792887,1.30537548511364
1.36485657864964,1.2993658507646
1.36806654106453,1.29347857059841
1.37128405288707,1.28779616955488
1.37450913187247,1.28206292942316
1.37774179581772,1.27648414019009
1.38098206256161,1.27101861851007
1.38422994998495,1.26568089231303
1.38748547601055,1.260491606399
1.3907486586034,1.25540720627134
1.39401951577074,1.25027798527223
1.39729806556216,1.24555440699818
1.40058432606968,1.24071792546725
1.40387831542789,1.23606309663924
1.40718005181403,1.23146106160654
1.41048955344809,1.22700339019061
1.4138068385929,1.22263674487143
1.41713192555426,1.2185087120783
1.420464832681,1.21424097143612
1.42380557836512,1.21030475553671
1.42715418104188,1.20632442303656
1.43051065918987,1.20255301694746
1.43387503133118,1.19885740660661
1.43724731603143,1.19526511457903
1.44062753189991,1.19181467672
1.44401569758969,1.18838035907271
1.44741183179769,1.18520125620893
1.45081595326481,1.18212346537869
1.45422808077604,1.17900126031598
1.45764823316054,1.17612742433336
1.46107642929173,1.17335124987776
1.46451268808747,1.17056272873322
1.46795702851006,1.16804231609403
1.47140946956642,1.16554714188084
1.47487003030819,1.16319956410215
1.47833872983178,1.16098623760713
1.48181558727853,1.15896143781202
1.4853006218348,1.15691530236145
1.48879385273208,1.15508162636949
1.49229529924708,1.15339078707022
1.49580498070183,1.15172401158189
1.49932291646385,1.15035612859578
1.50284912594615,1.1490246748092
1.50638362860745,1.14782209886018
1.5099264439522,1.14673895613708
1.51347759153074,1.14579038081399
1.51703709093938,1.14504877207514
1.52060496182052,1.14450043534333
1.52418122386277,1.14402048905484
1.52776589680101,1.1437453923914
1.53135900041658,1.1435992533587
1.5349605545373,1.14361636294814
1.53857057903765,1.14388316162942
1.54218909383885,1.14427441241355
1.54581611890896,1.14486459919401
1.54945167426301,1.14563690269231
1.5530957799631,1.1466619856553
1.55674845611852,1.14769916409095
1.56040972288584,1.14907936267906
1.56407960046905,1.15086466585931
1.56775810911965,1.15262167288083
1.57144526913677,1.15464703002198
1.57514110086729,1.15706962755619
1.57884562470592,1.15960263336997
1.58255886109536,1.16258543545654
1.58628083052638,1.16580562279392
1.59001155353793,1.1693315223457
1.59375105071729,1.17331838240521
1.59749934270013,1.17746771876514
1.60125645017068,1.18203277599776
1.60502239386179,1.18711935241853
1.60879719455509,1.19257465177027
1.61258087308108,1.19849436105531
1.61637345031925,1.20477589652267
1.62017494719819,1.21181672939283
1.62398538469572,1.21936253852565
1.627804783839,1.22749129891277
1.63163316570464,1.23638052251755
1.6354705514188,1.24592564852656
1.63931696215735,1.25625729476321
1.64317241914596,1.26765946689389
1.64703694366022,1.28005068397248
1.65091055702574,1.29312821126989
1.6547932806183,1.30788519410496
1.65868513586395,1.3238405410008
1.66258614423915,1.34108178763826
1.66649632727083,1.36057048195938
1.67041570653658,1.38169928292802
1.67434430366472,1.40506586768955
1.67828214033446,1.43121454711124
1.68222923827597,1.46037929957315
1.68618561927054,1.49303612395356
1.69015130515069,1.52990246973015
1.69412631780027,1.57185164060501
1.69811067915462,1.61985440298747
1.70210441120066,1.67543333720166
1.70610753597702,1.7403652971257
1.71012007557415,1.8179492541212
1.71414205213447,1.91087659023977
1.71817348785247,2.02510678841385
1.72221440497485,2.16881231317709
1.72626482580062,2.35396380470368
1.73032477268122,2.60419295237795
1.73439426802068,2.95957874688888
1.73847333427572,3.5041803681543
1.74256199395586,4.44251857768344
1.74666026962358,6.45676828246273
1.7507681838944,13.8951765347523
1.75488575943705,36.6066734474862
1.75901301897357,6.72085370670428
1.76314998527942,3.32077118072861
1.76729668118365,2.00881482931603
1.77145312956899,1.31011181248725
1.77561935337198,0.877265638631763
1.77979537558313,0.579955765170757
1.78398121924698,0.36378210260625
1.7881769074623,0.199804848379819
1.79238246338217,0.0695630889228784
1.79659791021413,0.0363203374503381
1.80082327122031,0.12443233700584
1.80505856971752,0.199207810301603
1.80930382907744,0.263728637270427
1.81355907272669,0.320254227565133
1.81782432414702,0.37032593531572
1.82209960687536,0.415819128653672
1.82638494450405,0.456503756588903
1.83068036068087,0.493856610390101
1.83498587910923,0.5284949470739
1.83930152354831,0.560602836163933
1.84362731781313,0.591223121794389
1.84796328577475,0.620168595073294
1.85230945136036,0.647721004198936
1.85666583855343,0.674315305295002
1.86103247139382,0.69994639214212
1.86540937397794,0.725156413765674
1.86979657045888,0.749766553533033
1.87419408504653,0.774178675292107
1.87860194200769,0.798358823020344
1.88302016566628,0.822601055030659
1.8874487804034,0.846754962837849
1.89188781065748,0.871364715845451
1.89633728092446,0.896227269000539
1.90079721575786,0.921523911152477
1.90526763976895,0.947557094581697
1.90974857762691,0.974342022415152
1.9142400540589,1.00185048102256
1.91874209385028,1.03069673285688
1.92325472184465,1.06029912853274
1.92777796294407,1.0915811250986
1.93231184210917,1.12435405302985
1.93685638435928,1.15890288051393
1.94141161477255,1.19547406377897
1.94597755848614,1.23447187411372
1.95055424069632,1.27604122712027
1.9551416866586,1.32065057813748
1.95973992168792,1.36855007569113
1.96434897115874,1.42079912901134
1.96896886050519,1.47731339076586
1.97359961522123,1.53923149621589
1.97824126086077,1.60730819652047
1.98289382303783,1.68238407676397
1.98755732742666,1.76632684499993
1.9922317997619,1.86014842880603
1.99691726583871,1.96610301997046
2.00161375151291,2.08678666082875
2.00632128270115,2.22587498709934
2.01103988538103,2.38828209831561
2.0157695855912,2.57993386439063
2.02051040943162,2.80927698695288
2.02526238306359,3.09000156027891
2.03002553270994,3.44003221235302
2.03479988465518,3.89164839936498
2.03958546524564,4.49272569087236
2.04438230088962,5.33735249300079
2.04919041805751,6.60969834256291
2.05400984328196,8.74429185021479
2.05884060315804,13.0611788757006
2.06368272434333,26.4496083221504
2.06853623355815,502.470112947518
2.07340115758564,23.3710487108977
2.07827752327193,11.8074791278709
2.08316535752628,7.83096187271811
2.08806468732125,5.81628326077198
2.09297553969285,4.59930251196428
2.09789794174064,3.7839171483275
2.10283192062793,3.20057016220598
2.10777750358194,2.76128686839953
2.11273471789389,2.4192942369845
2.11770359091919,2.14557031764684
2.12268415007761,1.92061797763277
2.12767642285337,1.73347598805379
2.13268043679537,1.57459153377982
2.13769621951728,1.4386291493118
2.14272379869771,1.3202749625456
2.14776320208037,1.21679706748399
2.15281445747423,1.12535012473294
2.15787759275365,1.04398701699543
2.16295263585855,0.971064487506229
2.16803961479458,0.905414989909835
2.17313855763321,0.845989656203566
2.17824949251198,0.791873436833357
2.18337244763457,0.742397874803943
2.18850745127103,0.69700733797243
2.19365453175784,0.655160277942213
2.19881371749819,0.616524157159715
2.20398503696201,0.580628994535324
2.20916851868623,0.547279188055784
2.21436419127488,0.516163526513587
2.21957208339926,0.48708203031908
2.2247922237981,0.459812415706058
2.23002464127773,0.434186471049629
2.23526936471223,0.410073876771495
2.24052642304356,0.387312889425146
2.24579584528179,0.36579967249299
2.25107766050518,0.34542268743195
2.2563718978604,0.326082255313474
2.26167858656267,0.307717582185296
2.2669977558959,0.29022152646697
2.2723294352129,0.273541034439694
2.27767365393548,0.257605855397445
2.28303044155469,0.242358017186879
2.2883998276309,0.227756716979757
2.29378184179402,0.213748630113917
2.29917651374365,0.200295752907618
2.30458387324922,0.187346398597357
2.31000395015019,0.174876123862378
2.31543677435619,0.162844824648542
2.32088237584721,0.15122332914588
2.32634078467373,0.139981356607047
2.33181203095691,0.129093828148401
2.33729614488876,0.118537055977026
2.34279315673228,0.108284198633731
2.34830309682166,0.0983156256128578
2.35382599556243,0.0886090326685331
2.35936188343162,0.079147000268871
2.36491079097795,0.0699082014529202
2.37047274882198,0.0608771432715894
2.37604778765628,0.0520368486229704
2.38163593824562,0.0433717017428749
2.38723723142711,0.0348661592392829
2.3928516981104,0.026504787929067
2.39847936927782,0.0182737124558585
2.40412027598456,0.0101591130889636
2.40977444935889,0.00214756572255937
2.41544192060223,0.00577479923407148
2.42112272098943,0.0136205752124849
2.42681688186888,0.0214025250733071
2.43252443466267,0.0291337492482521
2.43824541086684,0.0368281299809195
2.44397984205146,0.044496698585723
2.44972775986087,0.0521528393641358
2.45548919601385,0.0598131754300689
2.46126418230373,0.067486388542257
2.46705275059866,0.0751915897632742
2.47285493284171,0.0829384647912262
2.4786707610511,0.0907478472820573
2.48450026732034,0.0986300025399229
2.49034348381841,0.106603999929256
2.49620044278997,0.114686932365526
2.50207117655548,0.12289465800832
2.50795571751147,0.131249935894095
2.5138540981306,0.139775591215509
2.51976635096195,0.148492856662055
2.52569250863111,0.157424408617734
2.53163260384044,0.166602442718318
2.53758666936919,0.176049049131261
2.5435547380737,0.185798738852096
2.5495368428876,0.195889552717009
2.55553301682195,0.206360040399803
2.56154329296548,0.217253457825619
2.56756770448471,0.228620938295417
2.57360628462418,0.240509718321993
2.57965906670662,0.252986220488551
2.58572608413313,0.266125861585224
2.59180737038333,0.279998489729388
2.59790295901564,0.294703954072886
2.60401288366737,0.310340569793228
2.61013717805492,0.327036969700074
2.61627587597404,0.344933504766933
2.62242901129991,0.364195088947635
2.62859661798742,0.38502263643474
2.6347787300713,0.407651859339529
2.64097538166632,0.432365104305313
2.6471866069675,0.459510946178896
2.65341244025026,0.489509199703978
2.65965291587064,0.522886110553767
2.66590806826551,0.560300124037054
2.67217793195267,0.60258784913065
2.67846254153117,0.650838226818333
2.68476193168137,0.706480041948467
2.69107613716524,0.771435193381733
2.69740519282649,0.848345023246734
2.70374913359076,0.940977396747736
2.71010799446587,1.05478495726115
2.71648181054192,1.19823658578688
2.72287061699159,1.38474590273994
2.72927444907026,1.63742211593694
2.73569334211621,1.99957179186844
2.74212733155086,2.56245853248189
2.74857645287891,3.55809541119841
2.75504074168859,5.80051339197763
2.7615202336518,15.5774644421947
2.76801496452435,22.9600343972609
2.77452497014615,6.62013953111143
2.78105028644139,3.87169334651759
2.78759094941875,2.73731243516298
2.7941469951716,2.11746922380572
2.80071845987819,1.72669364117846
2.80730537980188,1.45762172318842
2.81390779129128,1.2609963556572
2.82052573078052,1.1109709087988
2.8271592347894,0.992696048092278
2.83380833992361,0.897024468629618
2.84047308287495,0.818008159256258
2.84715350042149,0.751584888058752
2.8538496294278,0.694983517718475
2.86056150684518,0.646156405668314
2.86728916971179,0.603586938603282
2.87403265515294,0.566108452464441
2.88079200038122,0.53288543798258
2.88756724269677,0.503210752266805
2.89435841948743,0.476540718683236
2.90116556822899,0.452424928472574
2.90798872648536,0.430513281537203
2.9148279319088,0.410522512447274
2.92168322224013,0.392192195000388
2.92855463530895,0.375326410242115
2.93544220903378,0.359760958662211
2.94234598142237,0.345329364104903
2.94926599057183,0.331932052087241
2.95620227466886,0.319442406632366
2.96315487199002,0.307781557429381
2.97012382090184,0.296866490041383
2.9771091598611,0.286609267778156
2.98411092741503,0.276976988389872
2.99112916220152,0.26789524762654
2.99816390294932,0.259330102356509
3.00521518847827,0.251230079768544
3.01228305769952,0.243554612385394
3.01936754961571,0.236275675197085
3.02646870332123,0.229364756237561
3.03358655800242,0.222787964810153
3.04072115293775,0.216528069711998
3.04787252749809,0.210556556122682
3.05504072114691,0.204853699926234
3.06222577344048,0.199408371288517
3.06942772402811,0.194195947084274
3.07664661265235,0.189203720348205
3.08388247914923,0.184420879400675
3.09113536344845,0.17983101497991
3.09840530557365,0.175422725925397
3.10569234564259,0.171186468041442
3.11299652386736,0.167113629755797
3.12031788055464,0.163190359390018
3.12765645610591,0.159414688591518
3.13501229101767,0.155773816262025
3.14238542588164,0.152260503478577
3.14977590138504,0.148871031481019
3.15718375831075,0.145596304008253
3.16460903753759,0.14243302328156
3.1720517800405,0.139375045727722
3.17951202689081,0.136416799705314
3.18698981925642,0.133551879021233
3.19448519840209,0.130778417084007
3.20199820568958,0.128091182793979
3.20952888257795,0.125484231360559
3.21707727062379,0.122957775604298
3.22464341148138,0.120508396479815
3.23222734690301,0.118129065044948
3.23982911873913,0.115817057346921
3.24744876893863,0.113573714124673
3.25508633954907,0.111392793643474
3.26274187271687,0.109271656762049
3.27041541068762,0.107209385607677
3.27810699580622,0.105202421509391
3.28581667051718,0.103250804422489
3.29354447736484,0.101349951932104
3.30129045899358,0.0994991762788394
3.30905465814809,0.0976959120761953
3.31683711767359,0.0959396736723897
3.32463788051605,0.0942267024107541
3.33245698972247,0.0925573141538521
3.34029448844106,0.0909284490677156
3.34815041992153,0.0893397276768243
3.3560248275153,0.0877899805994926
3.36391775467574,0.0862780555801872
3.37182924495845,0.0848010384143942
3.37975934202141,0.0833587824564076
3.38770808962534,0.0819499104063401
3.39567553163383,0.0805744378633575
3.40366171201365,0.0792294542557667
3.41166667483499,0.0779159040445202
3.41969046427165,0.0766312540379676
3.42773312460136,0.0753753267102971
3.43579470020596,0.0741471938403782
3.44387523557168,0.0729460877438037
3.45197477528938,0.0717701896681536
3.46009336405478,0.0706202253915626
3.46823104666873,0.0694940522695295
3.47638786803742,0.0683926780119043
3.4845638731727,0.0673138240386468
3.49275910719225,0.0662578704527584
3.50097361531985,0.0652232692919318
3.50920744288567,0.0642099744137952
3.51746063532647,0.0632168826388144
3.52573323818589,0.0622446049436123
3.53402529711466,0.0612913061843917
3.54233685787089,0.0603571811390122
3.5506679663203,0.059441131223046
3.55901866843649,0.058543400409344
3.56738901030116,0.0576631557117171
3.57577903810443,0.0567997178968238
3.584188798145,0.0559529794589364
3.59261833683051,0.0551224440295807
3.6010677006777,0.0543081230747598
3.60953693631274,0.0535083466920253
3.61802609047147,0.0527243254543799
3.62653520999959,0.0519541264574676
3.63506434185305,0.0511984538924993
3.64361353309816,0.0504567826643615
3.65218283091198,0.0497287032712816
3.66077228258251,0.0490138960449216
3.66938193550895,0.0483115528971108
3.67801183720199,0.0476223769866255
3.68666203528404,0.0469452162446833
3.69533257748954,0.046279877534502
3.70402351166518,0.045626284548739
3.71273488577019,0.0449845126447849
3.72146674787656,0.0443537971628539
3.73021914616939,0.0437341725758735
3.73899212894705,0.0431252140886382
3.74778574462156,0.0425268549535614
3.75660004171875,0.0419385139498691
3.7654350688786,0.0413601944414776
3.77429087485548,0.0407917800315807
3.78316750851841,0.0402326934540266
3.79206501885139,0.0396832360278544
3.80098345495355,0.0391428524716384
3.80992286603957,0.0386114804020563
3.81888330143981,0.0380887693946278
3.8278648106007,0.0375747424706974
3.83686744308495,0.0370693466503684
3.84589124857181,0.036572080318868
3.85493627685739,0.0360827446949564
3.86400257785491,0.0356013193805929
3.87309020159498,0.035127609189419
3.88219919822588,0.0346616135225063
3.89132961801381,0.0342029698006648
3.90048151134322,0.0337518048860757
3.90965492871704,0.0333076207986083
3.91884992075698,0.0328704286491542
3.92806653820381,0.0324400702046505
3.93730483191762,0.0320165541646978
3.94656485287815,0.0315995105869627
3.95584665218498,0.0311889863579667
3.96515028105792,0.0307847235231523
3.97447579083724,0.0303868161867189
3.98382323298393,0.0299949218084884
3.99319265908002,0.0296091328196414
4.00258412082886,0.0292291516590209
4.01199767005538,0.028854770987042
4.02143335870644,0.0284862062185774
4.03089123885101,0.0281231168508995
4.04037136268059,0.0277655457471109
4.04987378250934,0.0274131867823535
4.05939855077455,0.0270662827884715
4.06894572003677,0.0267242632796129
4.07851534298018,0.0263875762792203
4.0881074724129,0.0260557350531397
4.09772216126719,0.0257287204966433
4.10735946259984,0.0254064040012719
4.11701942959242,0.0250889458546317
4.12670211555157,0.024776060495511
4.13640757390929,0.0244677647211625
4.14613585822325,0.0241638682589048
4.15588702217709,0.0238643788400717
4.16566111958072,0.0235691674787633
4.17545820437055,0.0232781924216862
4.1852783306099,0.0229913504827646
4.19512155248921,0.0227086266827582
4.20498792432637,0.0224299050721588
4.21487750056704,0.0221550656256852
4.2247903357849,0.0218842366522169
4.23472648468199,0.0216170755770162
4.244686002089,0.0213536865099511
4.25466894296559,0.021094059346675
4.26467536240067,0.0208379903691293
4.2747053156127,0.0205855086112164
4.28475885795002,0.0203365210588323
4.29483604489113,0.0200909721185321
4.30493693204502,0.0198488367231831
4.31506157515147,0.0196099411248638
4.32521003008133,0.0193743515795573
4.33538235283686,0.0191421113648803
4.34557859955204,0.0189129024598704
4.35579882649288,0.0186868541924386
4.36604309005768,0.018463888278035
4.3763114467774,0.0182439364723853
4.38660395331599,0.0180269270595427
4.39692066647061,0.0178128624059664
4.40726164317203,0.0176016973420648
4.41762694048491,0.0173933592200615
4.42801661560811,0.0171878067031507
4.43843072587503,0.0169849883863335
4.44886932875389,0.016784861631893
4.45933248184808,0.0165874273148745
4.46982024289647,0.016392563115235
4.48033266977372,0.0162003085848484
4.4908698204906,0.0160105476214236
4.5014317531943,0.0158233354264863
4.5120185261688,0.0156385553972903
4.52263019783514,0.0154561728862935
4.53326682675173,0.0152762403241838
4.54392847161475,0.0150986106395347
4.55461519125838,0.0149232590127365
4.56532704465521,0.0147502792750097
4.57606409091651,0.0145794997788715
4.58682638929256,0.0144108701221449
4.597613999173,0.014244468996223
4.60842698008715,0.014080197346794
4.61926539170432,0.0139180019945892
4.63012929383418,0.0137578978698864
4.64101874642704,0.0135998975132158
4.65193380957422,0.0134439243130051
4.66287454350836,0.0132898789288317
4.67384100860375,0.0131378393036023
4.6848332653767,0.0129877123544559
4.69585137448581,0.0128394719467389
4.70689539673238,0.0126931242557897
4.71796539306067,0.012548632538678
4.7290614245583,0.012405942815937
4.74018355245656,0.0122650460928709
4.75133183813071,0.012125910096574
4.76250634310041,0.0119885312826116
4.77370712902996,0.0118528635162356
4.78493425772871,0.0117188996774476
4.7961877911514,0.0115866009120657
4.80746779139842,0.0114559631411745
4.81877432071626,0.0113269223928632
4.83010744149779,0.0111994956478045
4.84146721628263,0.0110736464124542
4.85285370775746,0.0109493259796996
4.86426697875641,0.0108265602097288
4.87570709226139,0.010705292342666
4.88717411140242,0.0105855507532883
4.89866809945801,0.0104672424445535
4.91018911985549,0.0103503937231917
4.92173723617134,0.010234982992168
4.93331251213161,0.0101209653950806
4.94491501161216,0.0100083151008401
4.95654479863914,0.00989710434981952
4.96820193738925,0.00978719346759632
4.97988649219013,0.00967862334816649
4.99159852752071,0.00957137630508578
5.00333810801156,0.00946541800561735
5.01510529844527,0.00936074392514966
5.02690016375678,0.00925731597290136
5.03872276903373,0.00915516125915002
5.05057317951688,0.00905420550007125
5.06245146060038,0.00895447051096714
5.07435767783221,0.00885593561229852
5.08629189691451,0.00875857009133143
5.09825418370392,0.0086623869493095
5.11024460421199,0.00856732458701236
5.12226322460551,0.00847341435539052
5.13431011120687,0.00838063031940692
5.14638533049449,0.00828893028250274
5.15848894910307,0.00819829883310603
5.17062103382409,0.00810877154292955
5.18278165160607,0.00802028531622571
5.19497086955501,0.00793285122037677
5.20718875493472,0.00784645636872602
5.21943537516722,0.00776106826118892
5.23171079783308,0.00767667855367673
5.24401509067182,0.00759328732079716
5.25634832158227,0.0075108900200424
5.26871055862297,0.00742944193597364
5.28110187001248,0.00734894835323248
5.29352232412986,0.00726939291270119
5.30597198951493,0.00719076238579261
5.31845093486875,0.0071130559683165
5.33095922905393,0.00703625162915514
5.34349694109505,0.00696034257742323
5.35606414017903,0.00688530052949849
5.36866089565548,0.00681114062402231
5.38128727703715,0.00673783606061983
5.39394335400025,0.00666537912763542
5.40662919638486,0.00659376393605366
5.41934487419534,0.00652297561625494
5.43209045760064,0.0064529974645455
5.44486601693479,0.00638382967949747
5.45767162269722,0.00631545062060959
5.47050734555314,0.00624785054365999
5.483373256334,0.00618103437952169
5.4962694260378,0.00611499025287095
5.50919592582952,0.00604969269615394
5.52215282704155,0.00598514030856153
5.53514020117399,0.00592133046712584
5.54815811989514,0.00585823867554508
5.56120665504182,0.0057958712753226
5.57428587861983,0.00573421657963574
5.58739586280433,0.00567325870940554
5.60053667994016,0.00561299388988282
5.61370840254238,0.00555341572971256
5.62691110329655,0.00549450475857761
5.6401448550592,0.00543625880203956
5.65340973085821,0.00537867693041189
5.66670580389318,0.00532174908025619
5.68003314753591,0.00526545549307922
5.69339183533073,0.00520979409873755
5.70678194099494,0.00515476462636385
5.72020353841923,0.00510035347997421
5.73365670166806,0.00504655676998274
5.74714150498008,0.00499335420488994
5.76065802276853,0.0049407562277218
5.77420632962167,0.00488873853197913
5.78778650030321,0.00483731053044763
5.80139860975263,0.0047864511444504
5.81504273308572,0.00473616532653314
5.82871894559488,0.00468643472102813
5.84242732274963,0.00463726097331023
5.85616794019699,0.0045886297895579
5.86994087376182,0.00454054624322456
5.88374619944741,0.00449299110856239
5.89758399343571,0.00444597168344734
5.91145433208791,0.00439946477828562
5.92535729194475,0.00435347744758556
5.93929294972698,0.00430799865918999
5.95326138233583,0.00426301759789998
5.96726266685334,0.00421853774496415
5.98129688054288,0.00417454817390294
5.9953641008495,0.00413104382305973
6.0094644054004,0.00408802245709924
6.02359787200538,0.00404546887959112
6.03776457865718,0.0040033817248766
6.05196460353201,0.00396175995648826
6.06619802498994,0.00392059500093623
6.08046492157531,0.00387988151294192
6.09476537201721,0.00383961539708195
6.10909945522987,0.00379979020139037
6.12346725031312,0.00376039577559365
6.13786883655285,0.00372143053834649
6.15230429342137,0.00368289415520087
6.16677370057795,0.00364478164325678
6.18127713786917,0.00360708178849804
6.1958146853294,0.00356978845172175
6.21038642318129,0.00353290698444354
6.22499243183608,0.00349642389687988
6.23963279189421,0.00346033570609828
6.25430758414562,0.00342464159260757
6.26901688957028,0.0033893338976976
6.28376078933864,0.00335440843518694
6.29853936481201,0.00331986273372888
6.31335269754307,0.00328568947439074
6.3282008692763,0.00325188197501096
6.34308396194842,0.00321844645631083
6.3580020576889,0.00318536814929936
6.3729552388203,0.00315264808064086
6.38794358785885,0.00312027795953107
6.4029671875148,0.00308825873483399
6.41802612069295,0.00305658109948631
6.4331204704931,0.00302524651597851
6.44825032021045,0.00299424618258075
6.46341575333612,0.00296358324741755
6.47861685355758,0.00293324676282137
6.49385370475913,0.00290323487324551
6.50912639102238,0.00287354602505466
6.52443499662662,0.00284417342899537
6.53977960604943,0.00281511470282841
6.55516030396701,0.00278636717920401
6.57057717525475,0.00275792699534474
6.58603030498765,0.00272979121258445
6.60151977844075,0.00270195416598678
6.61704568108971,0.00267441533619788
6.63260809861118,0.00264716737440755
6.64820711688331,0.00262021216500633
6.66384282198624,0.00259354190466261
6.67951530020254,0.00256715572417202
6.69522463801774,0.00254104794201935
6.71097092212071,0.00251522009869323
6.72675423940427,0.00248966618159144
6.74257467696557,0.0024643817996942
6.75843232210658,0.0024393658897191
6.77432726233464,0.00241461380342325
6.79025958536284,0.00239012336237707
6.8062293791106,0.00236589453063392
6.82223673170413,0.00234191873843256
6.83828173147683,0.00231819748422223
6.85436446696993,0.0022947249826811
6.87048502693283,0.00227150153738106
6.8866435003237,0.00224852394798278
6.90283997630994,0.00222578603243215
6.91907454426859,0.00220328854602626
6.93534729378697,0.00218102657798112
6.95165831466306,0.00215900041171536
6.96800769690603,0.00213720377512283
6.98439553073676,0.00211563729042494
7.00082190658831,0.00209429719381432
7.0172869151064,0.00207317935322855
7.03379064714997,0.00205228384298197
7.05033319379165,0.00203160721427719
7.06691464631824,0.00201114728781295
7.08353509623123,0.00199090158843997
7.10019463524736,0.00197086666745455
7.11689335529899,0.00195104184242912
7.13363134853476,0.00193142353749451
7.15040870732003,0.00191200976973684
7.16722552423735,0.00189279926457883
7.18408189208705,0.00187378776182074
7.20097790388769,0.00185497692854627
7.21791365287661,0.00183635833580041
7.23488923251043,0.00181793518688902
7.25190473646556,0.00179970405533107
7.26896025863875,0.0017816625142726
7.28605589314754,0.00176380735604402
7.30319173433085,0.00174613837065673
7.32036787674949,0.00172865319980781
7.33758441518661,0.00171134902453402
7.35484144464834,0.00169422341676395
7.3721390603642,0.00167727649848121
7.38947735778771,0.00166050458655364
7.40685643259688,0.00164390620183285
7.42427638069472,0.00162747940764478
7.44173729820982,0.00161122255943283
7.45923928149683,0.00159513331205862
7.47678242713702,0.0015792108490919
7.49436683193882,0.00156345245471858
7.51199259293832,0.00154785703831935
7.52965980739985,0.0015324219403319
7.54736857281644,0.00151714604167553
7.56511898691048,0.00150202733701409
7.58291114763417,0.00148706507956302
7.60074515317004,0.00147225574046656
7.61862110193158,0.00145759996922498
7.6365390925637,0.00144309399361242
7.65449922394334,0.00142873712857445
7.67250159517999,0.00141452787056518
7.69054630561617,0.00140046442748864
7.70863345482813,0.0013865455338742
7.72676314262624,0.00137276952007896
7.74493546905563,0.00135913424847028
7.76315053439676,0.00134563898007359
7.78140843916589,0.00133228211270839
7.79970928411569,0.00131906115640828
7.81805317023579,0.00130597625464997
7.83644019875335,0.00129302495279544
7.85487047113361,0.00128020602965597
7.87334408908038,0.00126751838246041
7.89186115453675,0.00125495970201981
7.91042176968548,0.00124252964470835
7.92902603694973,0.00123022666960324
7.94767405899351,0.00121804878961123
7.96636593872225,0.00120599513501282
7.98510177928348,0.00119406437890991
8.00388168406723,0.00118225526528408
8.02270575670674,0.00117056597799895
8.04157410107901,0.00115899600557055
8.06048682130526,0.00114754382262096
8.07944402175167,0.00113620759341708
8.09844580702982,0.00112498701772679
8.11749228199736,0.00111388031275702
8.13658355175855,0.00110288646858018
8.1557197216648,0.00109200382789893
8.17490089731534,0.00108123219859895
8.19412718455772,0.00107056937529367
8.21339868948847,0.00106001486603595
8.2327155184536,0.00104956724563284
8.25207777804926,0.00103922557116186
8.27148557512231,0.00102898850223015
8.29093901677085,0.00101885522052834
8.31043821034491,0.00100882430466184
8.32998326344699,0.000998894727310573
8.34957428393262,0.000989065810556596
8.36921137991104,0.000979335906478293
8.38889465974569,0.000969704391106614
8.40862423205492,0.000960170168321718
8.42840020571252,0.000950732202657226
8.44822268984833,0.000941389408622653
8.46809179384885,0.000932140934337552
8.48800762735784,0.000922985495803351
8.50797030027693,0.000913922509068164
8.52797992276626,0.000904950821965356
8.54803660524497,0.000896069277262294
8.56814045839197,0.000887277377670814
8.58829159314643,0.000878573850577275
8.60849012070845,0.000869957816297632
8.62873615253966,0.000861428457113
8.64902980036382,0.000852984712481006
8.66937117616745,0.000844626033419242
8.68976039220047,0.000836351140398548
8.71019756097676,0.000828159363848984
8.73068279527488,0.000820049837311569
8.75121620813854,0.000812021655074954
8.7717979128774,0.000804073958343202
8.79242802306754,0.000796206017338506
8.81310665255221,0.000788416913536275
8.83383391544239,0.000780705809427938
8.8546099261174,0.000773071801843853
8.87543479922563,0.000765514419941222
8.89630864968503,0.000758032613601107
8.91723159268387,0.000750625623987198
8.93820374368135,0.000743292751921521
8.95922521840815,0.000736033154600825
8.98029613286719,0.000728846158652887
9.00141660333416,0.000721730930248388
9.02258674635826,0.000714686770793429
9.04380667876281,0.000707712951643461
9.06507651764582,0.000700808729776787
9.08639638038076,0.000693973409726664
9.10776638461711,0.000687206249966577
9.12918664828107,0.000680506557753843
9.15065728957617,0.000673873668845834
9.17217842698394,0.000667306859100722
9.19375017926458,0.000660805461269434
9.21537266545757,0.000654368817093342
9.23704600488238,0.000647996242977326
9.25877031713911,0.000641687079779294
9.2805457221091,0.000635440703241878
9.30237233995569,0.000629256454818561
9.32425029112478,0.00062313364762959
9.34617969634557,0.00061707173486483
9.36816067663121,0.000611070039205334
9.39019335327942,0.0006051279604969
9.41227784787325,0.000599244896193878
9.43441428228162,0.000593420218254366
9.45660277866013,0.000587653330059879
9.47884345945168,0.000581943690329721
9.50113644738709,0.000576290686936953
9.52348186548587,0.000570693692394245
9.54587983705683,0.000565152202384691
9.5683304856988,0.000559665618401298
9.5908339353013,0.000554233376367784
9.61339031004521,0.000548854955836436
9.63599973440347,0.000543529738361316
9.65866233314176,0.000538257260577953
9.68137823131921,0.000533036953772394
9.70414755428908,0.000527868278967178
9.72697042769939,0.000522750752017026
9.74984697749373,0.000517683749192888
9.77277732991184,0.00051266686758041
9.7957616114904,0.000507699582754887
9.8187999490637,0.000502781305115886
9.84189246976424,0.000497911633930785
9.86503930102364,0.000493090026465088
9.88824057057312,0.000488316004078967
9.91149640644436,0.000483589099181293
9.93480693697017,0.000478908810267663
9.9581722907851,0.000474274676518715
9.98159259682634,0.000469686307929682
10.0050679843342,0.000465143032547404
10.0285985828531,0.000460644609911028
10.052184522232,0.00045619044146537
10.0758259326253,0.000451780203302956
10.0995229444935,0.000447413316101301
10.1232756886039,0.000443089508102009
10.1470842960314,0.000438808199081889
10.1709488981592,0.000434568992643525
10.1948696266793,0.000430371510303261
10.2188466135937,0.000426215330834548
10.2428799912146,0.000422099950224726
10.2669698921656,0.000418024995294663
10.291116449382,0.000413990197800739
10.315319796112,0.00040999488164329
10.3395800659169,0.000406038959447984
10.3638973926723,0.000402121720078365
10.3882719105686,0.000398243079787127
10.4127037541118,0.00039440239206421
10.4371930581243,0.000390599467382612
10.4617399577455,0.000386833807198595
10.4863445884327,0.000383105021276307
10.5110070859617,0.000379412859693027
10.5357275864277,0.000375756851019507
10.5605062262459,0.000372136644485755
10.5853431421524,0.000368552057843466
10.6102384712049,0.000365002421384078
10.6351923507834,0.000361487610724875
10.660204918591,0.000358007263506423
10.6852763126546,0.000354560805730483
10.7104066713258,0.00035114820345566
10.7355961332817,0.000347768885314772
10.7608448375252,0.000344422706048166
10.7861529233865,0.000341109262951381
10.8115205305233,0.000337828122336867
10.8369477989218,0.000334579249813355
10.8624348688973,0.000331361957877132
10.8879818810953,0.000328176067991303
10.913588976492,0.000325021411156802
10.9392562963951,0.000321897525826646
10.9649839824447,0.000318804082562013
10.990772176614,0.000315740909967271
11.01662102121,0.000312707588889851
11.0425306588748,0.000309703828661975
11.0685012325853,0.000306729440815896
11.0945328856553,0.000303783983884232
11.1206257617353,0.000300867321788389
11.1467800048137,0.00029797903936688
11.1729957592176,0.000295118929921288
11.1992731696135,0.000292286752075804
11.2256123810082,0.000289482060757965
11.2520135387494,0.000286704773084362
11.2784767885268,0.000283954532750864
11.3050022763727,0.000281230972103902
11.3315901486627,0.000278534005035878
11.3582405521169,0.000275863210903724
11.3849536338002,0.000273218491384498
11.4117295411236,0.000270599440885649
11.4385684218448,0.000268005867479015
11.4654704240687,0.000265437537484132
11.4924356962489,0.000262894196321195
11.519464387188,0.000260375547332443
11.5465566460384,0.000257881410277742
11.5737126223035,0.000255411454588052
11.6009324658382,0.000252965540266153
11.6282163268501,0.000250543372188767
11.6555643558996,0.00024814467311312
11.6829767039015,0.000245769351890688
11.7104535221256,0.000243416981361612
11.7379949621972,0.000241087520711491
11.7656011760985,0.00023878064582183
11.7932723161689,0.0002364961339928
11.8210085351061,0.000234233822162003
11.8488099859672,0.000231993393237962
11.8766768221689,0.00022977473720767
11.904609197489,0.000227577542716749
11.9326072660667,0.000225401690315221
11.960671182404,0.00022324691307605
11.9888011013661,0.000221112958885806
12.0169971781825,0.000218999699592893
12.0452595684476,0.000216906972682355
12.073588428122,0.000214834422432337
12.1019839135329,0.000212781998799997
12.1304461813753,0.000210749408865443
12.1589753887126,0.000208736547471025
12.1875716929777,0.000206743127975655
12.2162352519736,0.000204768935752203
12.2449662238747,0.000202813906516432
12.2737647672272,0.000200877785842404
12.3026310409502,0.000198960408744927
12.3315652043366,0.00019706147372234
12.3605674170539,0.000195180942240134
12.3896378391452,0.000193318584066355
12.4187766310298,0.000191474271333292
12.4479839535046,0.000189647696417207
12.4772599677444,0.000187838847282053
12.5066048353032,0.000186047440328506
12.5360187181148,0.000184273317302623
12.5655017784942,0.000182516307827027
12.5950541791376,0.000180776311124285
12.6246760831244,0.000179053051246332
12.6543676539171,0.000177346450669719
12.6841290553629,0.000175656269150837
12.7139604516944,0.00017398245583789
12.7438620075301,0.000172324796770167
12.773833887876,0.000170683112476761
12.8038762581261,0.000169057213254764
12.8339892840633,0.000167446999839387
12.8641731318604,0.000165852346981409
12.8944279680811,0.000164273035850926
12.9247539596809,0.000162708926564265
12.9551512740076,0.000161159880953425
12.9856200788031,0.000159625767754179
13.0161605422034,0.000158106495343609
13.0467728327401,0.000156601757854935
13.0774571193412,0.000155111538544932
13.1082135713318,0.000153635727935689
13.1390423584355,0.00015217401811674
13.1699436507749,0.00015072646349672
13.2009176188726,0.000149292820558772
13.2319644336526,0.000147872929382519
13.2630842664405,0.000146466708214109
13.2942772889652,0.00014507402589564
13.3255436733591,0.000143694781633273
13.3568835921597,0.000142328728992056
13.3882972183103,0.000140975827934213
13.4197847251607,0.000139635951735404
13.4513462864686,0.000138308901411247
13.4829820764004,0.000136994645953872
13.5146922695319,0.000135693009694417
13.5464770408497,0.000134403870279334
13.5783365657517,0.000133127136236775
13.6102710200486,0.000131862629494865
13.6422805799644,0.00013061031364606
13.6743654221375,0.000129370008822192
13.706525723622,0.000128141591188346
13.7387616618882,0.000126924983193803
13.7710734148236,0.000125720050981879
13.8034611607346,0.000124526634210807
13.8359250783464,0.000123344704236384
13.868465346805,0.000122174147138856
13.9010821456773,0.000121014775657027
13.9337756549528,0.000119866539401815
13.9665460550443,0.000118729281133448
13.9993935267887,0.000117602974126412
14.0323182514485,0.000116487440461199
14.0653204107123,0.000115382578252637
14.0984001866961,0.000114288331413352
14.1315577619441,0.000113204604248227
14.1647933194299,0.000112131206401853
14.1981070425574,0.000111068100693986
14.231499115162,0.000110015210811001
14.2649697215112,0.000108972394699701
14.2985190463061,0.000107939535245031
14.3321472746819,0.000106916575346675
14.3658545922096,0.000105903417321313
14.3996411848964,0.000104899933506985
14.4335072391869,0.000103906071904071
14.4674529419644,0.00010292172490772
14.5014784805516,0.00010194679949987
14.5355840427117,0.000100981187003615
14.5697698166497,0.000100024862306171
14.604035991013,9.9077629992024e-05
14.6383827548929,9.81394776491159e-05
14.6728102978252,9.72102980044978e-05
14.7073188097916,9.62900208064987e-05
14.7419084812205,9.53785056777943e-05
14.7765795029884,9.44757244405257e-05
14.8113320664204,9.35815865275561e-05
14.8461663632918,9.26959734325312e-05
14.8810825858289,9.18188050804776e-05
14.9160809267099,9.09500173194421e-05
14.9511615790664,9.00895489661555e-05
14.9863247364841,8.92373270404019e-05
15.021570593004,8.83932022096876e-05
15.0568993431236,8.75571875999454e-05
15.0923111817974,8.67291203663886e-05
15.127806304439,8.59089489127353e-05
15.1633849069211,8.50966367872219e-05
15.1990471855774,8.42920762657067e-05
15.2347933372031,8.34951398457109e-05
15.2706235590564,8.27058800690516e-05
15.3065380488593,8.19241224319367e-05
15.342537004799,8.11498351483919e-05
15.3786206255287,8.03829109348674e-05
15.4147891101687,7.96233266449915e-05
15.4510426583077,7.88709658648606e-05
15.487381470004,7.8125817283272e-05
15.5238057457861,7.73877423267925e-05
15.5603156866541,7.66566837793306e-05
15.5969114940813,7.59326191648954e-05
15.6335933700142,7.52154785874765e-05
15.6703615168747,7.45051289017979e-05
15.7072161375606,7.38015648877395e-05
15.7441574354469,7.31047252497652e-05
15.781185614387,7.24144966585986e-05
15.8183008787136,7.17308808038591e-05
15.8555034332401,7.10537735070428e-05
15.8927934832614,7.03830745362259e-05
15.9301712345554,6.97188163201589e-05
15.9676368933839,6.90608327793231e-05
16.0051906664939,6.84091524118065e-05
16.0428327611185,6.77636552502313e-05
16.0805633849782,6.71243011570713e-05
16.1183827462821,6.64910422571234e-05
16.1562910537289,6.58638191978265e-05
16.1942885165082,6.52425363383647e-05
16.2323753443017,6.46271733847993e-05
16.2705517472839,6.40177347405174e-05
16.308817936124,6.34140313622953e-05
16.3471741219864,6.2816054167673e-05
16.3856205165321,6.22237864628789e-05
16.4241573319202,6.16371426754362e-05
16.4627847808084,6.10561008171956e-05
16.5015030763549,6.04805840947093e-05
16.540312432219,5.99105242643769e-05
16.5792130625624,5.93458770421118e-05
16.6182051820507,5.87866114866544e-05
16.6572890058544,5.82326630581133e-05
16.6964647496498,5.7683984985648e-05
16.7357326296206,5.71404897428655e-05
16.775092862459,5.66021985583488e-05
16.8145456653666,5.60689799462585e-05
16.8540912560562,5.55408562623447e-05
16.8937298527522,5.50177571426725e-05
16.9334616741925,5.44996204821125e-05
16.9732869396294,5.39863860228568e-05
17.0132058688308,5.34780383662252e-05
17.0532186820816,5.29745230687598e-05
17.0933256001846,5.24758018554035e-05
17.1335268444621,5.19817826305996e-05
17.1738226367566,5.14924709373024e-05
17.2142131994327,5.10077465836855e-05
17.2546987553779,5.05276918383364e-05
17.2952795280036,5.00521989504372e-05
17.335955741247,4.95812085413421e-05
17.3767276195718,4.91146924155731e-05
17.4175953879696,4.8652581087607e-05
17.4585592719613,4.8194831682249e-05
17.4996194975979,4.77414461003282e-05
17.5407762914624,4.72923954543691e-05
17.5820298806704,4.68475939452582e-05
17.6233804928718,4.64069626827161e-05
17.6648283562519,4.59705532721441e-05
17.7063736995326,4.55382489076799e-05
17.7480167519738,4.51100742959462e-05
17.7897577433745,4.46859305145012e-05
17.8315969040741,4.42658163153816e-05
17.873534464954,4.38496909462902e-05
17.9155706574383,4.3437533964103e-05
17.9577057134957,4.30292378656076e-05
17.99993986564,4.26248385885253e-05
18.0422733469322,4.22242550794747e-05
18.0847063909814,4.18274816233531e-05
18.1272392319461,4.14344501240922e-05
18.1698721045353,4.10451534144595e-05
18.2126052440103,4.06595557221638e-05
18.2554388861855,4.0277565580735e-05
18.2983732674301,3.98992290364556e-05
18.3414086246689,3.95244711670021e-05
18.3845451953843,3.91532586079186e-05
18.4277832176168,3.878556149703e-05
18.4711229299672,3.84213512761546e-05
18.5145645715971,3.80605687166691e-05
18.5581083822307,3.77032243903892e-05
18.6017546021561,3.73492503737747e-05
18.6455034722263,3.69986217660766e-05
18.6893552338609,3.66513146499481e-05
18.7333101290474,3.63072853741317e-05
18.7773684003421,3.59665209549406e-05
18.8215302908722,3.56289807472308e-05
18.8657960443362,3.52946443822698e-05
18.9101659050062,3.49634549621793e-05
18.9546401177285,3.46353855110417e-05
18.9992189279254,3.43104618918442e-05
19.0439025815962,3.39885675111661e-05
19.0886913253191,3.36697137104307e-05
19.1335854062519,3.33538938536595e-05
19.1785850721339,3.30410777873426e-05
19.2236905712869,3.27311953440511e-05
19.2689021526167,3.24242362298501e-05
19.3142200656147,3.21201927443615e-05
19.3596445603589,3.18190251496139e-05
19.4051758875154,3.1520704454723e-05
19.4508142983401,3.12251940841648e-05
19.4965600446794,3.09324714121145e-05
19.5424133789725,3.06425239695821e-05
19.588374554252,3.03553148388472e-05
19.6344438241455,3.00708210858492e-05
19.6806214428774,2.97890074534914e-05
19.7269076652699,2.95098504198644e-05
19.7733027467444,2.92333292232001e-05
19.819806943323,2.89594345052034e-05
19.8664205116301,2.86881189354418e-05
19.9131437088936,2.84193662940039e-05
19.9599767929463,2.81531548925809e-05
20.0069200222273,2.78894386821319e-05
20.0539736557838,2.76282202770601e-05
20.101137953272,2.73694735666467e-05
20.1484131749588,2.71131733669099e-05
20.1957995817234,2.68592741837088e-05
20.2432974350583,2.66077853442093e-05
20.2909069970711,2.63586632603422e-05
20.338628530486,2.61118805878347e-05
20.3864622986447,2.58674559466917e-05
20.4344085655088,2.56253138833561e-05
20.4824675956602,2.53854509076435e-05
20.5306396543033,2.51478720273997e-05
20.5789250072662,2.49125210809583e-05
20.6273239210022,2.46793886694461e-05
20.6758366625912,2.44484607223222e-05
20.7244634997412,2.42197172278342e-05
20.7732047007901,2.3993127006339e-05
20.8220605347065,2.37686559156998e-05
20.8710312710918,2.3546309960875e-05
20.9201171801815,2.33260557672386e-05
20.9693185328466,2.31078912823972e-05
21.018635600595,2.28917773529384e-05
21.0680686555734,2.26777082487541e-05
21.1176179705685,2.24656460370595e-05
21.1672838190084,2.22555772515197e-05
21.2170664749644,2.20475065525495e-05
21.2669662131523,2.18413656161466e-05
21.3169833089342,2.16371926386062e-05
21.3671180383195,2.14349366384236e-05
21.417370677967,2.12345785688774e-05
21.467741505186,2.10361206786338e-05
21.5182307979381,2.08395198155793e-05
21.5688388348386,2.06447771764953e-05
21.619565895158,2.04518647891047e-05
21.6704122588237,2.02607744037028e-05
21.7213782064215,2.00714744976827e-05
21.7724640191968,1.98839601253958e-05
21.8236699790568,1.96982248986826e-05
21.8749963685716,1.95142164935462e-05
21.9264434709758,1.93319495871972e-05
21.9780115701702,1.91514025538411e-05
22.0297009507232,1.89725460813389e-05
22.0815118978726,1.87953758456269e-05
22.133444697527,1.86198764389001e-05
22.1854996362674,1.84460314212073e-05
22.2376770013487,1.82738174565351e-05
22.2899770807015,1.81032278998297e-05
22.3424001629337,1.79342321902406e-05
22.3949465373317,1.77668372698117e-05
22.4476164938625,1.76010151938655e-05
22.5004103231748,1.74367480630465e-05
22.5533283166011,1.72740328644592e-05
22.606370766159,1.71128420655205e-05
22.6595379645529,1.69531689793715e-05
22.7128302051756,1.67949953759966e-05
22.7662477821099,1.66383077395075e-05
22.8197909901301,1.64830986729158e-05
22.8734601247042,1.63293408826965e-05
22.9272554819946,1.61770361545366e-05
22.9811773588606,1.60261538459384e-05
23.0352260528594,1.58767055174571e-05
23.0894018622482,1.57286460878313e-05
23.1437050859857,1.55819861520573e-05
23.1981360237335,1.54367050523554e-05
23.2526949758582,1.52927874810358e-05
23.3073822434325,1.51502168836437e-05
23.3621981282376,1.50089946534971e-05
23.4171429327642,1.48691001782541e-05
23.4722169602144,1.47305118670116e-05
23.5274205145035,1.45932234693571e-05
23.5827539002615,1.44572335958755e-05
23.6382174228348,1.43225181781806e-05
23.6938113882881,1.41890701129387e-05
23.7495361034058,1.40568784635781e-05
23.8053918756938,1.39259152605566e-05
23.8613790133813,1.37961938875557e-05
23.9174978254223,1.36676789203769e-05
23.9737486214977,1.35403814389789e-05
24.0301317120162,1.34142679536025e-05
24.0866474081171,1.32893527458323e-05
24.1432960216712,1.31656000845452e-05
24.2000778652827,1.30430072204481e-05
24.256993252291,1.29215743376542e-05
24.3140424967728,1.28012731818512e-05
24.3712259135431,1.26821048242914e-05
24.4285438181573,1.25640514203824e-05
24.4859965269131,1.24471073358453e-05
24.5435843568521,1.23312618217859e-05
24.6013076257613,1.22165042997785e-05
24.6591666521756,1.21028179936493e-05
24.7171617553784,1.19902050238948e-05
24.7752932554044,1.18786457057421e-05
24.8335614730411,1.17681283113011e-05
24.8919667298301,1.16586525148129e-05
24.9505093480694,1.15502026770426e-05
25.009189650815,1.14427672827685e-05
25.0680079618827,1.13363446749895e-05
25.1269646058499,1.12309182796906e-05
25.1860599080571,1.1126478529102e-05
25.2452941946105,1.10230224723686e-05
25.3046677923826,1.092052902387e-05
25.3641810290151,1.08189960914276e-05
25.4238342329202,1.07184185872736e-05
25.4836277332825,1.06187819291334e-05
25.5435618600606,1.05200840809964e-05
25.6036369439893,1.04223065857368e-05
25.6638533165812,1.03254420631078e-05
25.7242113101287,1.02294891150797e-05
25.7847112577054,1.01344385229739e-05
25.8453534931686,1.00402799932971e-05
25.9061383511604,9.94699263162743e-06
25.9670661671103,9.85459055038542e-06
26.0281372772366,9.76304439108967e-06
26.0893520185481,9.67236693270813e-06
26.1507107288465,9.5825285777252e-06
26.2122137467278,9.49353558425727e-06
26.2738614115843,9.4053768744074e-06
26.3356540636068,9.3180412051783e-06
26.3975920437858,9.23152775969645e-06
26.4596756939139,9.14582065399751e-06
26.5219053565877,9.060917624512e-06
26.5842813752094,8.97680732991436e-06
26.6468040939888,8.89348689251914e-06
26.7094738579453,8.81094206424024e-06
26.7722910129097,8.72918046824735e-06
26.8352559055264,8.64817386422952e-06
26.8983688832546,8.56792648330577e-06
26.961630294371,8.48843772001104e-06
27.0250404879714,8.40968236516474e-06
27.0885998139725,8.33166951116804e-06
27.1523086231139,8.25438869466712e-06
27.2161672669604,8.17782594935459e-06
27.2801760979034,8.10198436620259e-06
27.3443354691629,8.0268540205158e-06
27.4086457347902,7.95241958090766e-06
27.4731072496686,7.87868581524057e-06
27.5377203695165,7.80563672696906e-06
27.6024854508888,7.73327484224836e-06
27.6674028511788,7.6615886817115e-06
27.7324729286207,7.59057197581062e-06
27.7976960422908,7.52022172082931e-06
27.8630725521101,7.4505274751977e-06
27.9286028188462,7.38148767905841e-06
27.9942872041151,7.31308831827241e-06
28.0601260703831,7.24533219574681e-06
28.126119780969,7.1782065418139e-06
28.1922687000465,7.1117119642727e-06
28.2585731926453,7.04583313049455e-06
28.3250336246537,6.98057940285663e-06
28.3916503628208,6.91593245077986e-06
28.4584237747578,6.85188542370296e-06
28.5253542289409,6.78843994881172e-06
28.5924420947127,6.72558269322889e-06
28.6596877422843,6.66332025323459e-06
28.7270915427379,6.60162920089965e-06
28.7946538680281,6.54052653569819e-06
28.8623750909842,6.47998788041374e-06
28.9302555853128,6.420016628787e-06
28.998295725599,6.3606009426538e-06
29.066495887309,6.30175063982233e-06
29.1348564467921,6.24344246068854e-06
29.2033777812826,6.18567742456072e-06
29.2720602689021,6.12845479963221e-06
29.3409042886616,6.07176521867196e-06
29.4099102204633,6.01560648799449e-06
29.4790784451028,5.95997271537884e-06
29.5484093442715,5.90486003677185e-06
29.6179033005586,5.85025603818838e-06
29.6875606974526,5.79616317539606e-06
29.7573819193444,5.74258041970819e-06
29.8273673515288,5.68948897668711e-06
29.8975173802065,5.63689840102303e-06
29.9678323924869,5.58479778815473e-06
30.0383127763897,5.53318687321433e-06
30.108958920847,5.48205483377125e-06
30.1797712157057,5.43139531844176e-06
30.2507500517296,5.38121319236951e-06
30.3218958206017,5.33149818710229e-06
30.3932089149258,5.28224843056039e-06
30.4646897282294,5.23345613750697e-06
30.5363386549653,5.18512016402213e-06
30.6081560905141,5.13723271568914e-06
30.6801424311864,5.08979409844539e-06
30.7522980742246,5.04279697326874e-06
30.8246234178056,4.99623990476828e-06
30.8971188610426,4.95011511121471e-06
30.9697848039874,4.90442243324597e-06
31.0426216476331,4.85915111391738e-06
31.1156297939154,4.81430587139765e-06
31.1888096457155,4.76987938899757e-06
31.262161606862,4.72586344540855e-06
31.3356860821334,4.68226320707489e-06
31.4093834772603,4.63906041685399e-06
31.4832541989272,4.59626721761188e-06
31.5572986547753,4.55387387863526e-06
31.6315172534044,4.51187329779123e-06
31.7059104043753,4.47026311761194e-06
31.7804785182122,4.42903888866057e-06
31.8552220064045,4.38820295955121e-06
31.9301412814096,4.34774535307974e-06
32.0052367566548,4.30766680473638e-06
32.0805088465398,4.26795836514103e-06
32.1559579664391,4.22861985096773e-06
32.2315845327036,4.1896490166033e-06
32.3073889626639,4.15104053863244e-06
32.3833716746319,4.1127933977181e-06
32.4595330879033,4.074899199598e-06
32.5358736227601,4.0373600950593e-06
32.6123937004724,4.00017264243388e-06
32.6890937433015,3.96332695075236e-06
32.7659741745014,3.92682702384479e-06
32.8430354183217,3.89066619318652e-06
32.9202779000101,3.85484063447719e-06
32.9977020458138,3.81934889759678e-06
33.075308282983,3.78418939810087e-06
33.1530970397724,3.74935638430075e-06
33.2310687454442,3.71484834981532e-06
33.3092238302699,3.68066011979483e-06
33.3875627255331,3.64678873638054e-06
33.4660858635316,3.61323575974718e-06
33.5447936775801,3.57999162113105e-06
33.6236866020122,3.54705858401632e-06
33.7027650721831,3.51443190993597e-06
33.7820295244718,3.48210842858522e-06
33.8614803962839,3.450083812082e-06
33.9411181260532,3.41835857685593e-06
34.0209431532451,3.38692821906767e-06
34.1009559183584,3.35579151775381e-06
34.1811568629278,3.32494197625127e-06
34.2615464295267,3.29438304548641e-06
34.342125061769,3.26410264910279e-06
34.4228932043123,3.23410737350894e-06
34.5038513028598,3.20439103503711e-06
34.5849998041627,3.17495008013437e-06
34.6663391560234,3.1457807881737e-06
34.747869807297,3.11688663430142e-06
34.8295922078946,3.08825896027189e-06
34.9115068087853,3.05989757391159e-06
34.9936140619987,3.031798525607e-06
35.0759144206277,3.00396165712676e-06
35.1584083388306,2.97638236665843e-06
35.2410962718341,2.94906132582763e-06
35.3239786759354,2.92199198290256e-06
35.4070560085047,2.89517376264246e-06
35.4903287279882,2.86860794523562e-06
35.5737972939098,2.84228659279051e-06
35.6574621668748,2.81620926607629e-06
35.7413238085713,2.79037422249167e-06
35.8253826817734,2.76477920389901e-06
35.9096392503435,2.7394227052804e-06
35.994093979235,2.71430131176096e-06
36.0787473344948,2.68941166019489e-06
36.1635997832659,2.66475363532539e-06
36.24865179379,2.6403265499009e-06
36.33390383541,2.61612405260424e-06
36.4193563785724,2.59214669228621e-06
36.5050098948306,2.56839272294494e-06
36.5908648568467,2.54485776826404e-06
36.6769217383945,2.52154204091398e-06
36.763181014362,2.49844163028385e-06
36.8496431607543,2.47555637626375e-06
36.9363086546958,2.45288372312113e-06
37.0231779744329,2.430420842495e-06
37.1102515993372,2.40816655798255e-06
37.1975300099074,2.3861197666008e-06
37.2850136877722,2.36427596859889e-06
37.3727031156933,2.34263397501111e-06
37.4605987775677,2.32119418746902e-06
37.5487011584303,2.2999521732063e-06
37.6370107444569,2.27890755234085e-06
37.7255280229667,2.25805810158298e-06
37.814253482425,2.23740242384297e-06
37.9031876124459,2.21693788541624e-06
37.9923309037949,2.19666236875249e-06
38.081683848392,2.17657687617624e-06
38.1712469393138,2.15667408781924e-06
38.2610206707967,2.13695761476767e-06
38.3510055382397,2.11742406414412e-06
38.4412020382064,2.098070295633e-06
38.5316106684287,2.07889739664653e-06
38.6222319278089,2.05990206168845e-06
38.7130663164227,2.04108089215349e-06
38.804114335522,2.02243571515825e-06
38.8953764875373,2.00396239669533e-06
38.9868532760811,1.98565934034513e-06
39.0785452059501,1.96752919243713e-06
39.1704527831283,1.94956337458831e-06
39.2625765147897,1.93176605703947e-06
39.3549169093011,1.91413183648457e-06
39.4474744762249,1.89666125695513e-06
39.5402497263219,1.87935277261425e-06
39.6332431715542,1.86220382036517e-06
39.726455325088,1.84521496957695e-06
39.8198867012962,1.8283820957959e-06
39.9135378157617,1.81170699351863e-06
40.0074091852798,1.79518307840806e-06
40.1015013278613,1.77881463905133e-06
40.1958147627353,1.76259592488165e-06
40.2903500103521,1.74652734403579e-06
40.3851075923859,1.73060824362053e-06
40.4800880317378,1.71483625446485e-06
40.575291852539,1.69920950245336e-06
40.6707195801531,1.68372847708715e-06
40.7663717411792,1.66838940336639e-06
40.8622488634551,1.65319353915981e-06
40.9583514760601,1.63813683835602e-06
41.0546801093175,1.62321943457221e-06
41.1512352947982,1.6084409596678e-06
41.2480175653229,1.59379784369355e-06
41.3450274549658,1.57929054132495e-06
41.4422654990569,1.56491774967524e-06
41.5397322341853,1.55067691886135e-06
41.6374281982023,1.53656904077029e-06
41.7353539302238,1.52259000520207e-06
41.8335099706339,1.50873925498108e-06
41.9318968610874,1.49501898902536e-06
42.0305151445132,1.48142488346336e-06
42.1293653651171,1.46795479186092e-06
42.2284480683845,1.45460955346842e-06
42.3277638010841,1.44138882147762e-06
42.4273131112702,1.42828908601614e-06
42.5270965482862,1.41531115312129e-06
42.6271146627677,1.40245241658506e-06
42.7273680066449,1.38971214304968e-06
42.8278571331464,1.37709053495669e-06
42.9285825968016,1.3645852533026e-06
43.0295449534444,1.3521934612105e-06
43.1307447602159,1.33991797639259e-06
43.2321825755673,1.32775659898927e-06
43.3338589592635,1.31570547383757e-06
43.4357744723855,1.30376596407256e-06
43.5379296773343,1.29193641011598e-06
43.6403251378335,1.28021651359298e-06
43.7429614189322,1.26860444789389e-06
43.8458390870089,1.25709925878384e-06
43.9489587097736,1.24570065324812e-06
44.0523208562719,1.23440706069602e-06
44.1559260968878,1.22321791994844e-06
44.2597750033462,1.21213115158871e-06
44.3638681487173,1.20114655117848e-06
44.4682061074184,1.19026402099519e-06
44.5727894552185,1.17948170725852e-06
44.6776187692402,1.16879764140404e-06
44.7826946279634,1.15821329687989e-06
44.888017611229,1.14772585704024e-06
44.9935883002411,1.13733506224882e-06
45.0994072775708,1.12703954403987e-06
45.2054751271597,1.11684028602699e-06
45.3117924343222,1.10673409824918e-06
45.4183597857498,1.09672044895102e-06
45.5251777695135,1.08679900739385e-06
45.6322469750673,1.07697063427762e-06
45.7395679932519,1.06723126608267e-06
45.8471414162973,1.05758217420032e-06
45.9549678378264,1.04802116824903e-06
46.0630478528581,1.03854880579982e-06
46.1713820578109,1.02916383207822e-06
46.279971050506,1.01986538595637e-06
46.3888154301704,1.01065088251479e-06
46.4979157974407,1.00152255742138e-06
46.6072727543657,9.92477886221765e-07
46.7168869044104,9.83516839921978e-07
46.8267588524593,9.74637401534083e-07
46.9368892048191,9.65840191564338e-07
47.0472785692226,9.57124002316188e-07
47.1579275548319,9.4848746025153e-07
47.2688367722417,9.39930362971334e-07
47.3800068334832,9.31452910043982e-07
47.4914383520262,9.23052247481176e-07
47.603131942784,9.14728977635403e-07
47.7150882221158,9.06483120822103e-07
47.8273078078303,8.98312716222579e-07
47.9397913191895,8.90216534696391e-07
48.0525393769116,8.82195136477986e-07
48.1655526031748,8.74247782523695e-07
48.2788316216202,8.66373133110596e-07
48.3923770573561,8.58571019003642e-07
48.506189536961,8.50840266599338e-07
48.6202696884864,8.43180864953736e-07
48.7346181414616,8.35592010556802e-07
48.849235526896,8.28071831356066e-07
48.9641224772833,8.20621808531147e-07
49.0792796266048,8.13239164350915e-07
49.1947076103324,8.05924989992547e-07
49.3104070654331,7.98677835220496e-07
49.4263786303716,7.91496996573183e-07
49.5426229451144,7.84382321319847e-07
49.659140651133,7.7733296982053e-07
49.7759323914074,7.70347840147202e-07
49.8929988104303,7.63426748628242e-07
50.0103405542095,7.56569643166583e-07
50.1279582702726,7.49775517498004e-07
50.2458526076701,7.43043305738111e-07
50.3640242169786,7.36373076459902e-07
50.4824737503052,7.29763921795356e-07
50.6012018612905,7.23215161637121e-07
50.7202092051122,7.16726769714335e-07
50.8394964384891,7.10297429292696e-07
50.9590642196845,7.03927364509877e-07
51.0789132085099,6.97615900197532e-07
51.1990440663284,6.91361450812003e-07
51.3194574560587,6.85164700864799e-07
51.4401540421785,6.79024720910953e-07
51.5611344907283,6.72940821270618e-07
51.6823994693152,6.66913070192706e-07
51.803949647116,6.60940202335729e-07
51.9257856948817,6.55022085015811e-07
52.0479082849409,6.49157835772596e-07
52.1703180912029,6.43348016585053e-07
52.2930157891625,6.37591057339759e-07
52.4160020559028,6.31886486458971e-07
52.5392775700996,6.26234496899717e-07
52.6628430120247,6.20633783679574e-07
52.7866990635497,6.15084570874134e-07
52.9108464081502,6.09586018022441e-07
53.0352857309088,6.04138204352053e-07
53.1600177185197,5.98739461271606e-07
53.2850430592921,5.9339045054379e-07
53.4103624431536,5.88090921828349e-07
53.535976561655,5.82838797673078e-07
53.661886107973,5.77635184400431e-07
53.788091776915,5.7247936120751e-07
53.9145942649223,5.67370394688006e-07
54.0413942700739,5.62308059840235e-07
54.1684924920912,5.57292089616675e-07
54.2958896323406,5.52322079448783e-07
54.4235863938383,5.47397298724769e-07
54.5515834812541,5.42517067532886e-07
54.6798816009147,5.37682126121063e-07
54.8084814608084,5.32891179300729e-07
54.9373837705881,5.28143860229686e-07
55.0665892415762,5.23439889457855e-07
55.1960985867678,5.18778857671071e-07
55.3259125208348,5.14160212208818e-07
55.4560317601301,5.09583897102734e-07
55.5864570226911,5.0504918390405e-07
55.7171890282443,5.00556104443197e-07
55.8482284982088,4.96103718983009e-07
55.9795761556999,4.9169201245024e-07
56.1112327255343,4.8732057233327e-07
56.243198934233,4.82989348035812e-07
56.3754755100255,4.78697062933354e-07
56.5080631828544,4.74443930604897e-07
56.6409626843787,4.70229757636793e-07
56.7741747479786,4.66054006310905e-07
56.9077001087585,4.61916593756509e-07
57.0415395035521,4.57816495625556e-07
57.175693670926,4.53753799538318e-07
57.3101633511836,4.49728163339753e-07
57.4449492863698,4.45738906646567e-07
57.580052220274,4.41786437625734e-07
57.7154728984356,4.37869854184096e-07
57.8512120681472,4.33988600724156e-07
57.9872704784586,4.30142744835362e-07
58.1236488801819,4.26332274064542e-07
58.2603480258942,4.22556199603748e-07
58.3973686699432,4.18814818010442e-07
58.5347115684506,4.1510706744629e-07
58.6723774793162,4.11433008407204e-07
58.8103671622226,4.07792547805295e-07
58.9486813786387,4.04185210266358e-07
59.0873208918244,4.006108061958e-07
59.226286466835,3.9706864165084e-07
59.3655788705245,3.93558649851871e-07
59.5051988715512,3.90080921661349e-07
59.6451472403804,3.86634422964479e-07
59.7854247492899,3.83219452707901e-07
59.9260321723739,3.79835144076268e-07
60.0669702855467,3.76481893028658e-07
60.208239866548,3.73159121945172e-07
60.349841694946,3.69866466536232e-07
60.4917765521429,3.66603844429589e-07
60.6340452213786,3.63370545661812e-07
60.7766484877346,3.60166822967805e-07
60.9195871381394,3.56992065153302e-07
61.0628619613718,3.53846041630664e-07
61.206473748066,3.50728928353746e-07
61.3504232907156,3.47639834511015e-07
61.4947113836779,3.445786090594e-07
61.6393388231786,3.41545398665743e-07
61.7843064073158,3.38539547727949e-07
61.9296149360649,3.35561289047693e-07
62.0752652112827,3.3260970886642e-07
62.2212580367114,3.29684789033662e-07
62.3675942179841,3.26786667904747e-07
62.5142745626286,3.23914269961288e-07
62.6612998800713,3.21068377895962e-07
62.8086709816428,3.18248140835782e-07
62.9563886805817,3.15453573689936e-07
63.1044537920395,3.12683992337856e-07
63.2528671330841,3.09939569153653e-07
63.4016295227057,3.07220269525645e-07
63.5507417818207,3.04525499747219e-07
63.7002047332756,3.0185492712195e-07
63.8500192018527,2.99208536235807e-07
64.0001860142735,2.9658625302283e-07
64.1507059992045,2.93987608288732e-07
64.3015799872609,2.91412390721346e-07
64.4528088110109,2.88860613697817e-07
64.6043933049816,2.86331731046268e-07
64.756334305662,2.83825767840256e-07
64.908632651509,2.8134245432527e-07
65.0612891829514,2.78881679567339e-07
65.214304742394,2.7644315307633e-07
65.3676801742237,2.74026417334591e-07
65.5214163248125,2.71631810094206e-07
65.6755140425233,2.69258535966799e-07
65.8299741777145,2.66907005593929e-07
65.9847975827438,2.64576346167222e-07
66.1399851119741,2.62266992163247e-07
66.2955376217773,2.59978363194529e-07
66.4514559705396,2.57710321341456e-07
66.6077410186659,2.55462981348181e-07
66.7643936285846,2.53235827193571e-07
66.9214146647527,2.51028526069764e-07
67.0788049936597,2.48841342295541e-07
67.2365654838337,2.46673875998449e-07
67.394697005845,2.44525817914242e-07
67.5532004323114,2.42397165131373e-07
67.7120766379033,2.40287760491903e-07
67.8713264993476,2.38197394907764e-07
68.0309508954337,2.36125761207295e-07
68.1909507070178,2.34072686913937e-07
68.3513268170273,2.32038349037458e-07
68.5120801104666,2.30022175294273e-07
68.673211474421,2.28024157745949e-07
68.8347217980627,2.2604415494496e-07
68.9966119726549,2.24081888630606e-07
69.1588828915566,2.22137308054115e-07
69.3215354502282,2.2021034811796e-07
69.4845705462363,2.18300550871468e-07
69.6479890792578,2.16407970969441e-07
69.8117919510861,2.14532413478081e-07
69.9759800656353,2.12673648117154e-07
70.1405543289456,2.10831596629825e-07
70.3055156491875,2.09006146261468e-07
70.4708649366681,2.07197140533085e-07
70.636603103835,2.05404324191556e-07
70.8027310652818,2.03627594746076e-07
70.9692497377534,2.01866839506947e-07
71.1361600401501,2.0012192177861e-07
71.3034628935341,1.98392704073527e-07
71.4711592211335,1.96678834239355e-07
71.6392499483474,1.94980431244108e-07
71.807736002752,1.93297344178273e-07
71.9766183141042,1.91629210674727e-07
72.1458978143482,1.89976168483033e-07
72.3155754376201,1.88337772610267e-07
72.4856521202522,1.86714204038674e-07
72.6561288007799,1.8510505510883e-07
72.8270064199449,1.83510442461952e-07
72.9982859207022,1.81929946524721e-07
73.1699682482244,1.80363753579792e-07
73.3420543499064,1.78811570459316e-07
73.5145451753722,1.77273160449525e-07
73.6874416764783,1.75748653020014e-07
73.8607448073204,1.74237763288726e-07
74.034455524238,1.72740395368911e-07
74.2085747858195,1.71256369955158e-07
74.3831035529082,1.69785680599296e-07
74.5580427886068,1.68328077222392e-07
74.7333934582833,1.66883534033061e-07
74.9091565295763,1.65451898947971e-07
75.0853329723997,1.6403307395564e-07
75.2619237589488,1.6262689036999e-07
75.4389298637053,1.61233310796175e-07
75.6163522634427,1.59852096839192e-07
75.7941919372321,1.58483325821127e-07
75.9724498664467,1.57126722212402e-07
76.1511270347682,1.5578220467097e-07
76.3302244281913,1.54449652406016e-07
76.5097430350302,1.53129004429619e-07
76.6896838459233,1.51820091379564e-07
76.8700478538384,1.50522916680471e-07
77.0508360540794,1.49237359399477e-07
77.2320494442903,1.47963155840923e-07
77.4136890244622,1.46700281191535e-07
77.5957557969372,1.45448761990601e-07
77.7782507664152,1.44208338502543e-07
77.9611749399593,1.42978967414855e-07
78.1445293270005,1.41760523527403e-07
78.3283149393441,1.40552927606823e-07
78.5125327911754,1.3935612811132e-07
78.6971838990641,1.38169874445367e-07
78.8822692819717,1.36994251325636e-07
79.0677899612553,1.35829047594483e-07
79.2537469606747,1.34674191904421e-07
79.4401413063973,1.33529660852515e-07
79.6269740270036,1.32395272528112e-07
79.8142461534937,1.31270958152759e-07
80.0019587192919,1.30156645978534e-07
80.1901127602535,1.29052171920018e-07
80.3787093146699,1.27957521653455e-07
80.5677494232739,1.26872639128535e-07
80.7572341292468,1.25797346169512e-07
80.9471644782226,1.247316125631e-07
81.1375415182948,1.23675260865514e-07
81.3283663000221,1.2262832114735e-07
81.5196398764335,1.2159074543058e-07
81.711363303035,1.20562301525149e-07
81.9035376378146,1.19542990054911e-07
82.0961639412489,1.18532658693245e-07
82.2892432763088,1.17531290326679e-07
82.4827767084643,1.16538750570926e-07
82.6767653056922,1.1555508537311e-07
82.8712101384803,1.14580106860382e-07
83.0661122798347,1.13613715387423e-07
83.2614728052847,1.12655899223295e-07
83.4572927928889,1.11706556743717e-07
83.653573323242,1.10765609741642e-07
83.8503154794794,1.09832918344446e-07
84.0475203472842,1.08908546462575e-07
84.2451890148933,1.07992342633704e-07
84.443322573102,1.07084165672279e-07
84.6419221152721,1.0618400331982e-07
84.840988737336,1.05291882876495e-07
85.040523537804,1.04407573912442e-07
85.2405276177702,1.03531065093133e-07
85.4410020809174,1.02662278813355e-07
85.6419480335252,1.01801170706045e-07
85.8433665844743,1.00947628255884e-07
86.0452588452538,1.00101664677517e-07
86.2476259299664,9.92631750882255e-08
86.4504689553353,9.84319978526344e-08
86.6537890407105,9.76081629517471e-08
86.8575873080735,9.67915767637005e-08
87.0618648820455,9.59822822725429e-08
87.2666228898926,9.51799532066799e-08
87.4718624615312,9.43847866893247e-08
87.6775847295364,9.3596591076749e-08
87.8837908291457,9.2815291289055e-08
88.0904818982675,9.20409162750421e-08
88.2976590774861,9.12733181235664e-08
88.5053235100679,9.05125283631019e-08
88.7134763419689,8.9758292245821e-08
88.9221187218394,8.90107500216467e-08
89.1312518010316,8.82697745319146e-08
89.3408767336059,8.75353195562256e-08
89.550994676336,8.68072504151971e-08
89.7616067887171,8.60856244792254e-08
89.9727142329706,8.53703061644992e-08
90.1843181740518,8.46612749046735e-08
90.3964197796558,8.39583910412831e-08
90.6090202202235,8.32617264248327e-08
90.8221206689492,8.25711557024507e-08
91.0357223017858,8.18866390775174e-08
91.2498262974521,8.12081323522635e-08
91.4644338374396,8.05355228395623e-08
91.6795461060174,7.98688411788913e-08
91.895164290241,7.92079555152238e-08
92.1112895799568,7.85528426474884e-08
92.3279231678101,7.79034749389228e-08
92.5450662492511,7.72598074814777e-08
92.7627200225412,7.66217263157008e-08
92.9808856887605,7.59892503271453e-08
93.1995644518132,7.53622701652797e-08
93.4187575184355,7.47407930015143e-08
93.6384660982015,7.41247157438589e-08
93.8586914035298,7.35139749364863e-08
94.0794346496911,7.29086122783505e-08
94.3006970548133,7.23085282716744e-08
94.52247983989,7.1713646158224e-08
94.7447842287863,7.11239886242137e-08
94.9676114482452,7.05394393788851e-08
95.1909627278951,6.99599902745858e-08
95.4148393002565,6.93856080850546e-08
95.6392424007487,6.88161609361293e-08
95.8641732676959,6.82517035522658e-08
96.0896331423353,6.76921864612335e-08
96.3156232688233,6.71374825424006e-08
96.5421448942419,6.65876355110114e-08
96.7691992686065,6.60425577571899e-08
96.9967876448724,6.55022400006891e-08
97.2249112789413,6.4966589824454e-08
97.4535714296692,6.44355977056495e-08
97.682769358872,6.39091792470582e-08
97.9125063313339,6.33873739242775e-08
98.1427836148136,6.28700866700482e-08
98.3736024800508,6.23572617386037e-08
98.6049642007748,6.18489131042599e-08
98.8368700537096,6.13449410537496e-08
99.0693213185823,6.08453327495552e-08
99.3023192781302,6.03500583095214e-08
99.5358652181064,5.98590791451875e-08
99.769960427289,5.93723392949339e-08
100.004606197486,5.88898296578229e-08
100.239803823545,5.84114804999268e-08
100.475554603358,5.79372514299237e-08
100.711859837868,5.74671280740123e-08
100.948720831082,5.70010910184974e-08
101.186138890068,5.65390532018942e-08
101.424115324974,5.60810072550875e-08
101.662651449024,5.5626937521285e-08
101.901748578535,5.51767590063022e-08
102.141408032917,5.47304934823755e-08
102.381631134682,5.42880413172575e-08
102.622419209457,5.38494300970827e-08
102.863773585983,5.34145884219327e-08
103.105695596126,5.29835025472794e-08
103.348186574886,5.25561084599441e-08
103.591247860402,5.21323997663032e-08
103.834880793961,5.17123089474898e-08
104.079086720002,5.12958755605301e-08
104.323866986129,5.08829976304184e-08
104.569222943113,5.04736690315528e-08
104.815155944904,5.00678796915491e-08
105.061667348634,4.96655658098332e-08
105.308758514628,4.92666965847953e-08
105.556430806412,4.88712626172517e-08
105.804685590715,4.84792230995251e-08
106.053524237484,4.8090543917006e-08
106.302948119886,4.77051796507822e-08
106.552958614317,4.73231504162891e-08
106.803557100412,4.69443716622136e-08
107.05474496105,4.65688554583097e-08
107.306523582361,4.6196537800903e-08
107.558894353737,4.58274013672436e-08
107.811858667836,4.54614270526032e-08
108.065417920593,4.50986024953664e-08
108.319573511225,4.4738851732433e-08
108.574326842238,4.43822080216757e-08
108.829679319441,4.402857192852e-08
109.085632351946,4.36779836151295e-08
109.342187352179,4.33303834280475e-08
109.599345735889,4.29857435360531e-08
109.857108922155,4.2644041711988e-08
110.115478333391,4.23052667546244e-08
110.37445539536,4.19693618101263e-08
110.634041537174,4.16363227741007e-08
110.894238191311,4.13061241060956e-08
111.155046793614,4.09787457132389e-08
111.416468783304,4.06541471296485e-08
111.678505602987,4.03323156563627e-08
111.941158698663,4.00132180046799e-08
112.204429519732,3.96968256829648e-08
112.468319519,3.93831193622207e-08
112.732830152695,3.90721032032798e-08
112.997962880466,3.87637012197534e-08
113.263719165396,3.8457933001076e-08
113.53010047401,3.81547395882364e-08
113.797108276281,3.78541368780395e-08
114.064744045638,3.7556060058748e-08
114.333009258978,3.72605152887139e-08
114.601905396669,3.69674916305812e-08
114.871433942564,3.66769676697628e-08
115.141596384001,3.63888512622644e-08
115.412394211819,3.61031913016934e-08
115.683828920365,3.58199589010569e-08
115.955902007495,3.55391183861546e-08
116.228614974594,3.5260652601432e-08
116.501969326574,3.49845230696552e-08
116.775966571888,3.47107477691478e-08
117.050608222536,3.44392731099722e-08
117.325895794073,3.41700865648128e-08
117.601830805621,3.39031703120067e-08
117.878414779874,3.36384991537728e-08
118.155649243105,3.33760599934257e-08
118.433535725179,3.31158362997518e-08
118.712075759558,3.28578035536544e-08
118.991270883311,3.26019339863742e-08
119.271122637121,3.23482164804039e-08
119.551632565296,3.2096637033925e-08
119.832802215775,3.18471972596363e-08
120.114633140137,3.15998202413954e-08
120.397126893612,3.13545369940679e-08
120.680285035086,3.11112929482622e-08
120.964109127111,3.08700948743531e-08
121.248600735916,3.06309424977528e-08
121.533761431412,3.03937671591683e-08
121.819592787202,3.01585802478463e-08
122.10609638059,2.99253900268523e-08
122.393273792592,2.9694125632852e-08
122.681126607939,2.94648063712432e-08
122.96965641509,2.92374058100261e-08
123.258864806241,2.90119170300735e-08
123.548753377333,2.8788313936623e-08
123.839323728057,2.85665649561146e-08
124.130577461871,2.83466700834993e-08
124.422516186,2.81286059394444e-08
124.715141511452,2.79123648254916e-08
125.008455053022,2.76979483841821e-08
125.302458429303,2.74852904914281e-08
125.597153262696,2.72744054644415e-08
125.892541179417,2.70652898923768e-08
